shipment_id,customer_id,origin_port,destination_port,vessel_id,booking_date,planned_departure,actual_departure,planned_arrival,actual_arrival,container_count,cargo_type,weight_tons,status
SHP-00623,CUST-1168,NLRTM,PKKAR,VSL-0034,2024-08-13 09:00:00,2024-08-20 09:00:00,2024-08-20 11:00:00,2024-09-22 09:00:00,2024-09-22 21:00:00,39,Raw Materials,876.52,DELIVERED
SHP-01801,CUST-1022,DEHAM,NLRTM,VSL-0058,2024-06-01 16:00:00,2024-06-06 16:00:00,2024-06-06 22:00:00,2024-06-15 16:00:00,2024-06-15 18:00:00,28,Automotive Parts,1056.38,DELIVERED
SHP-00238,CUST-1143,KRPUS,BEANR,VSL-0058,2024-08-25 04:00:00,2024-09-07 04:00:00,2024-09-07 03:00:00,2024-09-24 04:00:00,2024-09-24 06:00:00,36,Consumer Goods,2219.59,DELIVERED
SHP-03039,CUST-1136,BEANR,USLAX,VSL-0037,2025-09-28 03:00:00,2025-10-05 03:00:00,2025-10-06 06:00:00,2025-10-29 03:00:00,2025-10-30 10:00:00,33,Food & Beverage,1472.34,DELAYED
SHP-04150,CUST-1116,BEANR,MYPKG,VSL-0011,2025-05-31 21:00:00,2025-06-13 21:00:00,2025-06-14 01:00:00,2025-07-14 21:00:00,2025-07-14 16:00:00,7, Chemicals,557.1,DELIVERED
SHP-01612,CUST-1027,CNSHA,ESVLC,VSL-0013,2024-08-01 20:00:00,2024-08-13 20:00:00,2024-08-15 23:00:00,2024-09-05 20:00:00,2024-09-09 02:00:00,8,Machinery,346.55,DELAYED
SHP-01603,CUST-1145,ZADUR,MYPKG,VSL-0012,2025-05-23 15:00:00,2025-05-29 15:00:00,2025-05-30 13:00:00,2025-06-25 15:00:00,2025-06-30 03:00:00,35,Apparel,2625.6,DELAYED
SHP-04611,CUST-1107,ZADUR,CNSZX,VSL-0008,2024-06-04 16:00:00,2024-06-10 16:00:00,2024-06-10 20:00:00,2024-07-15 16:00:00,2024-07-15 20:00:00,11,Raw Materials,2314.41,DELIVERED
SHP-03608,CUST-1173,PKKAR,THBKK,VSL-0056,2024-08-03 18:00:00,2024-08-15 18:00:00,2024-08-15 20:00:00,2024-08-25 18:00:00,2024-08-26 01:00:00,23,Electronics,1517.78,DELIVERED
SHP-04826,CUST-1030,THBKK,CNSZX,VSL-0002,2025-08-31 01:00:00,2025-09-11 01:00:00,2025-09-11 04:00:00,2025-09-21 01:00:00,2025-09-21 13:00:00,29,Consumer Goods,1697.36,DELIVERED
SHP-00388,CUST-1001,SGSIN,GBFXT,VSL-0024,2025-03-17 09:00:00,2025-03-28 09:00:00,2025-03-28 07:00:00,2025-04-25 09:00:00,2025-04-25 12:00:00,18,Electronics,105.41,DELIVERED
SHP-03960,CUST-1105,DEHAM,AEDXB,VSL-0021,2025-04-16 13:00:00,2025-04-21 13:00:00,2025-04-24 03:00:00,2025-05-18 13:00:00,2025-05-24 00:00:00,34,Automotive Parts,723.24,DELAYED
SHP-02050,CUST-1051,PKKAR,AEDXB,VSL-0025,2024-09-11 08:00:00,2024-09-18 08:00:00,2024-09-18 12:00:00,2024-10-14 08:00:00,2024-10-14 03:00:00,6,Machinery,1027.31,DELIVERED
SHP-02577,CUST-1080,NLRTM,INNSA,VSL-0057,2025-07-17 01:00:00,2025-07-23 01:00:00,2025-07-23 22:00:00,2025-08-16 01:00:00,2025-08-16 22:00:00,29,Machinery,1691.33,DELIVERED
SHP-01042,CUST-1178,JPYOK,EGPSD,VSL-0025,2025-10-01 19:00:00,2025-10-09 19:00:00,,2025-11-03 19:00:00,,30,Chemicals,1782.76,CANCELLED
SHP-01570,CUST-1071,KRPUS,ZADUR,VSL-0003,2025-03-06 13:00:00,2025-03-15 13:00:00,2025-03-15 13:00:00,2025-03-31 13:00:00,2025-03-31 05:00:00,31,Apparel,1100.12,DELIVERED
SHP-00767,CUST-1140,USLAX,ZADUR,VSL-0070,2025-09-03 09:00:00,2025-09-14 09:00:00,2025-09-15 01:00:00,2025-10-18 09:00:00,2025-10-19 17:00:00,9,Machinery,111.89,DELAYED
SHP-03067,CUST-1151,INNSA,USLGB,VSL-0009,2024-11-06 06:00:00,2024-11-11 06:00:00,2024-11-04 23:00:00,2024-12-04 06:00:00,2024-12-04 01:00:00,11,Electronics,408.05,DELIVERED
SHP-01740,CUST-1248,HKHKG,EGPSD,VSL-0035,2025-02-25 19:00:00,2025-02-28 19:00:00,2025-03-01 15:00:00,2025-04-04 19:00:00,2025-04-08 16:00:00,31,Automotive Parts,1576.72,DELAYED
SHP-01673,CUST-1098,BRSSZ,INNSA,VSL-0075,2025-02-28 20:00:00,2025-03-03 20:00:00,2025-03-06 12:00:00,2025-03-26 20:00:00,2025-03-30 06:00:00,16,Raw Materials,2370.83,DELAYED
SHP-02051,CUST-1028,CNNGB,BRSSZ,VSL-0040,2024-11-18 21:00:00,2024-11-25 21:00:00,2024-11-25 20:00:00,2024-12-12 21:00:00,2024-12-12 20:00:00,1,Furniture,1438.34,DELIVERED
SHP-04714,CUST-1051,ESVLC,CNNGB,VSL-0069,2025-07-26 13:00:00,2025-07-31 13:00:00,2025-07-31 14:00:00,2025-08-22 13:00:00,2025-08-22 23:00:00,27,Automotive Parts,54.75,DELIVERED
SHP-01882,CUST-1084,ESVLC,DEHAM,VSL-0066,2024-08-04 00:00:00,2024-08-18 00:00:00,2024-08-18 01:00:00,2024-08-25 00:00:00,2024-08-24 19:00:00,27,Food & Beverage,2440.05,DELIVERED
SHP-00491,CUST-1060,PKKAR,SGSIN,VSL-0073,2025-03-15 16:00:00,2025-03-25 16:00:00,2025-03-25 17:00:00,2025-04-03 16:00:00,2025-04-03 17:00:00,27,Chemicals,1909.41,DELIVERED
SHP-01434,CUST-1031,THBKK,CNSHA,VSL-0054,2024-09-04 07:00:00,2024-09-14 07:00:00,2024-09-14 07:00:00,2024-09-21 07:00:00,2024-09-21 09:00:00,40,Electronics,540.19,DELIVERED
SHP-00949,CUST-1043,THBKK,USLAX,VSL-0053,2025-10-12 23:00:00,2025-10-21 23:00:00,2025-10-21 19:00:00,2025-11-15 23:00:00,2025-11-15 16:00:00,9,Pharmaceuticals,2395.61,DELIVERED
SHP-02037,CUST-1049,BEANR,GBFXT,VSL-0013,2025-02-19 20:00:00,2025-02-27 20:00:00,2025-02-28 00:00:00,2025-03-02 20:00:00,2025-03-04 11:00:00,13,Furniture,986.93,DELAYED
SHP-01173,CUST-1045,NLRTM,HKHKG,VSL-0018,2024-08-24 15:00:00,2024-09-02 15:00:00,2024-09-03 23:00:00,2024-10-03 15:00:00,2024-10-07 23:00:00,11,Electronics,1830.32,DELAYED
SHP-04202,CUST-1216,ESVLC,CNNGB,VSL-0050,2025-10-03 15:00:00,2025-10-13 15:00:00,2025-10-14 12:00:00,2025-11-09 15:00:00,2025-11-11 00:00:00,36,Automotive Parts,2191.51,DELAYED
SHP-04809,CUST-1120,PKKAR,KRPUS,VSL-0025,2025-07-03 17:00:00,2025-07-14 17:00:00,2025-07-14 17:00:00,2025-07-21 17:00:00,2025-07-22 04:00:00,10,Electronics,1525.12,DELIVERED
SHP-02768,CUST-1146,JPYOK,USLAX,VSL-0001,2025-07-04 14:00:00,2025-07-11 14:00:00,2025-07-03 14:00:00,2025-08-09 14:00:00,2025-08-16 07:00:00,15,Furniture,318.39,DELAYED
SHP-02028,CUST-1044,INNSA,BRSSZ,VSL-0017,2025-07-24 03:00:00,2025-07-30 03:00:00,2025-07-30 06:00:00,2025-08-25 03:00:00,2025-08-25 02:00:00,35,Food & Beverage,1749.78,DELIVERED
SHP-02752,CUST-1140,USNYC,CNSHA,VSL-0008,2025-04-01 05:00:00,2025-04-11 05:00:00,2025-04-14 03:00:00,2025-05-01 05:00:00,2025-05-07 02:00:00,15,Apparel,194.8,DELAYED
SHP-03035,CUST-1157,BRSSZ,NLRTM,VSL-0060,2025-05-24 22:00:00,2025-05-28 22:00:00,2025-05-29 22:00:00,2025-06-12 22:00:00,2025-06-17 03:00:00,7,Apparel,2104.02,DELAYED
SHP-01081,CUST-1199,MYPKG,BRSSZ,VSL-0079,2024-09-10 01:00:00,2024-09-13 01:00:00,2024-09-13 03:00:00,2024-09-27 01:00:00,2024-09-27 10:00:00,28,Consumer Goods,2357.64,DELIVERED
SHP-02682,CUST-1212,JPYOK,NLRTM,VSL-0058,2025-06-17 23:00:00,2025-06-28 23:00:00,,2025-07-29 23:00:00,,3,Pharmaceuticals,867.47,CANCELLED
SHP-04321,CUST-1087,PKKAR,CNSZX,VSL-0019,2025-04-09 22:00:00,2025-04-22 22:00:00,2025-04-23 16:00:00,2025-04-30 22:00:00,2025-05-02 07:00:00,3,Chemicals,1845.38,DELAYED
SHP-02664,CUST-1033,USLAX,PKKAR,VSL-0051,2024-08-27 13:00:00,2024-09-05 13:00:00,2024-09-06 20:00:00,2024-10-08 13:00:00,2024-10-12 03:00:00,3,Furniture,1891.36,DELAYED
SHP-04853,CUST-1143,BEANR,INNSA,VSL-0014,2025-06-09 09:00:00,2025-06-22 09:00:00,,2025-07-23 09:00:00,,4,Chemicals,1705.62,CANCELLED
SHP-03723,CUST-1216,GBFXT,JPYOK,VSL-0024,2024-08-09 03:00:00,2024-08-16 03:00:00,2024-08-17 14:00:00,2024-09-03 03:00:00,2024-09-05 00:00:00,5,Furniture,945.58,DELAYED
SHP-02445,CUST-1229,CNSZX,USLAX,VSL-0037,2025-02-17 23:00:00,2025-03-02 23:00:00,2025-03-02 23:00:00,2025-03-29 23:00:00,2025-03-29 19:00:00,29,Machinery,1368.88,DELIVERED
SHP-02291,CUST-1090,MYPKG,KRPUS,VSL-0015,2025-06-13 18:00:00,2025-06-16 18:00:00,2025-06-19 12:00:00,2025-06-19 18:00:00,2025-06-22 14:00:00,0,Chemicals,570.13,DELAYED
SHP-03745,CUST-1143,GBFXT,SGSIN,VSL-0004,2025-10-09 11:00:00,2025-10-22 11:00:00,2025-10-25 09:00:00,2025-11-07 11:00:00,2025-11-11 01:00:00,33,Furniture,2138.28,DELAYED
SHP-03209,CUST-1124,BRSSZ,JPYOK,VSL-0022,2025-04-06 21:00:00,2025-04-16 21:00:00,2025-04-16 23:00:00,2025-05-19 21:00:00,2025-05-20 02:00:00,26,Consumer Goods,2292.77,DELIVERED
SHP-04384,CUST-1107,JPYOK,USNYC,VSL-0043,2025-09-18 07:00:00,2025-09-22 07:00:00,2025-09-22 06:00:00,2025-10-08 07:00:00,2025-10-08 11:00:00,9,Electronics,627.73,DELIVERED
SHP-04355,CUST-1249,INNSA,CNSHA,VSL-0023,2024-06-11 14:00:00,2024-06-24 14:00:00,2024-06-26 20:00:00,2024-06-28 14:00:00,2024-07-02 02:00:00,5,Raw Materials,1037.3,DELAYED
SHP-02735,CUST-1227,KRPUS,ESVLC,VSL-0015,2024-09-25 01:00:00,2024-09-30 01:00:00,2024-10-02 08:00:00,2024-11-01 01:00:00,2024-11-04 17:00:00,16,Automotive Parts,2262.66,DELAYED
SHP-02727,CUST-1096,CNNGB,USLGB,VSL-0038,2025-01-16 08:00:00,2025-01-25 08:00:00,2025-01-25 04:00:00,2025-02-28 08:00:00,2025-02-28 12:00:00,21,Raw Materials,2104.74,DELIVERED
SHP-00564,CUST-1025,CNNGB,USSAV,VSL-0049,2025-01-06 18:00:00,2025-01-19 18:00:00,2025-01-19 20:00:00,2025-02-05 18:00:00,2025-02-06 00:00:00,33,electronics,693.94,DELIVERED
SHP-03024,CUST-1064,DEHAM,THBKK,VSL-0059,2024-09-09 13:00:00,2024-09-14 13:00:00,2024-09-14 16:00:00,2024-10-17 13:00:00,2024-10-17 18:00:00,38,Consumer Goods,810.24,DELIVERED
SHP-03813,CUST-1175,DEHAM,SGSIN,VSL-0066,2024-06-02 19:00:00,2024-06-14 19:00:00,2024-06-14 21:00:00,2024-07-05 19:00:00,2024-07-05 23:00:00,5,Raw Materials,200.42,DELIVERED
SHP-03927,CUST-1081,BEANR,INNSA,VSL-0037,2025-03-06 12:00:00,2025-03-18 12:00:00,2025-03-18 08:00:00,2025-04-13 12:00:00,2025-04-13 23:00:00,1,Automotive Parts,2090.47,DELIVERED
SHP-03073,CUST-1107,PKKAR,AEDXB,VSL-0033,2025-07-15 14:00:00,2025-07-22 14:00:00,2025-07-23 05:00:00,2025-08-08 14:00:00,2025-08-12 00:00:00,10,Raw Materials,1815.95,DELAYED
SHP-00010,CUST-1061,HKHKG,KRPUS,VSL-0069,2025-09-05 14:00:00,2025-09-19 14:00:00,2025-09-20 23:00:00,2025-09-28 14:00:00,2025-09-30 19:00:00,31,Furniture,2794.88,DELAYED
SHP-04494,CUST-1071,MYPKG,BEANR,VSL-0066,2024-12-13 08:00:00,2024-12-23 08:00:00,2024-12-23 10:00:00,2025-01-19 08:00:00,2025-01-19 13:00:00,7,Consumer Goods,2231.58,DELIVERED
SHP-04251,CUST-1086,ZADUR,MYPKG,VSL-0014,2025-03-22 13:00:00,2025-03-29 13:00:00,2025-03-30 13:00:00,2025-05-01 13:00:00,2025-05-03 05:00:00,806,Food & Beverage,973.46,DELAYED
SHP-04425,CUST-1248,USLAX,SGSIN,VSL-0080,2025-05-02 06:00:00,2025-05-07 06:00:00,2025-05-07 02:00:00,2025-06-05 06:00:00,2025-06-04 22:00:00,30,Machinery,2383.32,DELIVERED
SHP-02194,CUST-1211,THBKK,BEANR,VSL-0057,2025-09-20 07:00:00,2025-10-03 07:00:00,2025-10-03 03:00:00,2025-10-27 07:00:00,2025-10-26 23:00:00,5,Machinery,341.2,DELIVERED
SHP-03965,CUST-1205,CNSZX,INNSA,VSL-0064,2024-12-11 20:00:00,2024-12-15 20:00:00,2024-12-16 10:00:00,2024-12-19 20:00:00,2024-12-21 12:00:00,12,Food & Beverage,1870.39,DELAYED
SHP-02537,CUST-1078,AEDXB,USLAX,VSL-0022,2025-03-06 21:00:00,2025-03-18 21:00:00,2025-03-19 00:00:00,2025-04-22 21:00:00,2025-04-22 19:00:00,5,Apparel,1319.26,DELIVERED
SHP-00242,CUST-1108,CNNGB,USLAX,VSL-0069,2025-01-16 21:00:00,2025-01-22 21:00:00,2025-01-23 00:00:00,2025-02-16 21:00:00,2025-02-16 15:00:00,2,Consumer Goods,2644.64,DELIVERED
SHP-03138,CUST-1130,KRPUS,USNYC,VSL-0021,2024-12-10 11:00:00,2024-12-21 11:00:00,2024-12-23 05:00:00,2025-01-19 11:00:00,2025-01-22 03:00:00,27,Raw Materials,2713.31,DELAYED
SHP-04589,CUST-1178,HKHKG,CNSHA,VSL-0029,2024-11-09 21:00:00,2024-11-21 21:00:00,2024-11-22 02:00:00,2024-11-26 21:00:00,2024-11-26 23:00:00,14,Pharmaceuticals,1620.31,DELIVERED
SHP-03128,CUST-1091,CNSZX,ZADUR,VSL-0016,2024-07-20 01:00:00,2024-08-01 01:00:00,2024-08-01 04:00:00,2024-08-28 01:00:00,2024-08-28 08:00:00,37,Consumer Goods,591.17,DELIVERED
SHP-02288,CUST-1187,USLGB,NLRTM,VSL-0004,2024-07-14 19:00:00,2024-07-18 19:00:00,2024-07-18 21:00:00,2024-08-07 19:00:00,2024-08-08 05:00:00,35,Automotive Parts,1802.58,DELIVERED
SHP-00957,CUST-1126,USLAX,DEHAM,VSL-0025,2025-03-27 03:00:00,2025-04-04 03:00:00,2025-04-06 00:00:00,2025-05-09 03:00:00,2025-05-14 19:00:00,25,Automotive parts,2360.86,DELAYED
SHP-00778,CUST-1130,USLGB,CNNGB,VSL-0059,2025-01-12 18:00:00,2025-01-17 18:00:00,2025-01-19 14:00:00,2025-02-19 18:00:00,2025-02-21 16:00:00,17,Raw Materials,232.25,DELAYED
SHP-03673,CUST-1093,THBKK,CNSZX,VSL-0063,2025-07-07 19:00:00,2025-07-18 19:00:00,2025-07-20 18:00:00,2025-07-24 19:00:00,2025-07-28 21:00:00,19,Raw Materials,2122.36,DELAYED
SHP-04378,CUST-1112,THBKK,MYPKG,VSL-0008,2024-08-31 22:00:00,2024-09-10 22:00:00,2024-09-10 18:00:00,2024-09-15 22:00:00,2024-09-15 17:00:00,22,Apparel,2061.03,DELIVERED
SHP-02585,CUST-1226,SGSIN,KRPUS,VSL-0018,2025-03-06 17:00:00,2025-03-14 17:00:00,2025-03-17 00:00:00,2025-03-20 17:00:00,2025-03-26 17:00:00,13,Pharmaceuticals,370.59,DELAYED
SHP-03466,CUST-1040,BRSSZ,USSAV,VSL-0038,2025-03-07 22:00:00,2025-03-19 22:00:00,2025-03-20 02:00:00,2025-03-24 22:00:00,2025-03-24 15:00:00,7,Apparel,1212.43,DELIVERED
SHP-00810,CUST-1198,ZADUR,INMUN,VSL-0024,2024-06-28 20:00:00,2024-07-09 20:00:00,2024-07-12 08:00:00,2024-08-13 20:00:00,2024-08-19 00:00:00,25,Machinery,1185.59,DELAYED
SHP-00310,CUST-1015,INNSA,BRSSZ,VSL-0024,2025-09-01 20:00:00,2025-09-15 20:00:00,2025-09-15 23:00:00,2025-09-30 20:00:00,2025-10-01 05:00:00,34,Automotive Parts,1884.39,DELIVERED
SHP-02525,CUST-1141,KRPUS,HKHKG,VSL-0022,2025-02-15 19:00:00,2025-02-22 19:00:00,2025-02-23 01:00:00,2025-03-04 19:00:00,2025-03-04 16:00:00,22,Apparel,2584.34,DELIVERED
SHP-03872,CUST-1155,BEANR,ZADUR,VSL-0043,2024-07-16 22:00:00,2024-07-22 22:00:00,2024-07-23 01:00:00,2024-08-20 22:00:00,2024-08-22 03:00:00,13,Automotive parts,399.82,DELAYED
SHP-01875,CUST-1115,DEHAM,USSAV,VSL-0028,2025-07-01 21:00:00,2025-07-10 21:00:00,2025-07-11 01:00:00,2025-07-31 21:00:00,2025-07-31 20:00:00,29,Apparel,2697.67,DELIVERED
SHP-03599,CUST-1141,CNSHA,USNYC,VSL-0044,2025-07-30 21:00:00,2025-08-04 21:00:00,2025-08-06 08:00:00,2025-08-25 21:00:00,2025-08-29 14:00:00,32,Electronics,2316.98,DELAYED
SHP-01852,CUST-1016,AEDXB,KRPUS,VSL-0067,2025-04-13 15:00:00,2025-04-22 15:00:00,2025-04-23 03:00:00,2025-05-07 15:00:00,2025-05-08 00:00:00,2,Raw Materials,1827.68,DELIVERED
SHP-02806,CUST-1098,BEANR,DEHAM,VSL-0077,2025-01-18 12:00:00,2025-01-23 12:00:00,2025-01-23 21:00:00,2025-01-28 12:00:00,2025-02-01 01:00:00,33,Apparel,349.06,DELAYED
SHP-04698,CUST-1042,PKKAR,ESVLC,VSL-0007,2025-09-18 15:00:00,2025-09-26 15:00:00,2025-09-26 12:00:00,2025-10-11 15:00:00,2025-10-11 13:00:00,2,Electronics,2641.47,DELIVERED
SHP-04957,CUST-1098,USLGB,ESVLC,VSL-0069,2025-01-15 03:00:00,2025-01-19 03:00:00,2025-01-19 00:00:00,2025-02-14 03:00:00,2025-02-14 08:00:00,25,Apparel,1952.92,DELIVERED
SHP-03125,CUST-1228,ESVLC,XXTST,VSL-0050,2025-08-18 04:00:00,2025-08-25 04:00:00,2025-08-25 00:00:00,2025-09-19 04:00:00,2025-09-19 12:00:00,16,Apparel,823.0,DELIVERED
SHP-00365,CUST-1178,AEDXB,DEHAM,VSL-0066,2024-06-20 12:00:00,2024-06-29 12:00:00,2024-06-29 08:00:00,2024-07-16 12:00:00,2024-07-16 15:00:00,6,Automotive parts,255.98,DELIVERED
SHP-01567,CUST-1140,USNYC,USSAV,VSL-0033,2024-12-17 01:00:00,2024-12-31 01:00:00,2024-12-31 02:00:00,2025-01-07 01:00:00,2025-01-06 21:00:00,6,Pharmaceuticals,2401.14,DELIVERED
SHP-03979,CUST-1201,HKHKG,ZADUR,VSL-0004,2024-10-24 05:00:00,2024-10-31 05:00:00,2024-10-31 03:00:00,2024-11-19 05:00:00,2024-11-19 08:00:00,24,Apparel,2464.56,DELIVERED
SHP-01486,CUST-1096,USNYC,THBKK,VSL-0026,2025-08-13 07:00:00,2025-08-22 07:00:00,2025-08-22 19:00:00,2025-09-06 07:00:00,2025-09-08 16:00:00,21,Chemicals,733.53,DELAYED
SHP-04495,CUST-1030,USLAX,ESVLC,VSL-0029,2025-01-16 23:00:00,2025-01-30 23:00:00,2025-01-31 04:00:00,2025-02-24 23:00:00,2025-02-24 23:00:00,4,Apparel,1630.72,DELIVERED
SHP-02773,CUST-1230,USLAX,CNSHA,VSL-0033,2024-11-05 00:00:00,2024-11-15 00:00:00,2024-11-15 02:00:00,2024-12-05 00:00:00,2024-12-04 18:00:00,2,Furniture,820.06,DELIVERED
SHP-01856,CUST-1020,NLRTM,THBKK,VSL-0043,2025-05-17 12:00:00,2025-05-29 12:00:00,2025-05-29 17:00:00,2025-06-15 12:00:00,2025-06-15 23:00:00,38,Pharmaceuticals,1721.19,DELIVERED
SHP-02225,CUST-1042,AEDXB,ZADUR,VSL-0049,2025-04-02 03:00:00,2025-04-12 03:00:00,2025-04-14 07:00:00,2025-04-16 03:00:00,2025-04-18 21:00:00,3,Food & Beverage,1895.54,DELAYED
SHP-00500,CUST-1037,USLGB,CNSZX,VSL-0068,2025-08-06 21:00:00,2025-08-10 21:00:00,2025-08-13 03:00:00,2025-09-02 21:00:00,2025-09-07 07:00:00,27,Automotive parts,1172.13,DELAYED
SHP-01655,CUST-1014,USLGB,NLRTM,VSL-0009,2025-09-01 14:00:00,2025-09-11 14:00:00,2025-09-11 14:00:00,2025-09-25 14:00:00,2025-09-25 06:00:00,28,Chemicals,76.34,DELIVERED
SHP-00207,CUST-1070,HKHKG,USLGB,VSL-0014,2025-06-01 16:00:00,2025-06-13 16:00:00,2025-06-16 11:00:00,2025-07-03 16:00:00,2025-07-06 06:00:00,9,food & beverage,2079.13,DELAYED
SHP-03929,CUST-1016,JPYOK,CNNGB,VSL-0034,2024-08-30 16:00:00,2024-09-10 16:00:00,2024-09-10 19:00:00,2024-09-17 16:00:00,2024-09-17 22:00:00,21,Chemicals,2484.95,DELIVERED
SHP-02464,CUST-1027,GBFXT,BRSSZ,VSL-0069,2025-03-19 04:00:00,2025-03-25 04:00:00,2025-03-25 08:00:00,2025-04-22 04:00:00,2025-04-22 07:00:00,2,APPAREL,1536.15,DELIVERED
SHP-02670,CUST-1133,SGSIN,THBKK,VSL-0049,2025-04-04 19:00:00,2025-04-11 19:00:00,2025-04-14 10:00:00,2025-04-16 19:00:00,2025-04-19 21:00:00,24,Consumer Goods,787.56,DELAYED
SHP-04806,CUST-1219,AEDXB,DEHAM,VSL-0025,2024-07-28 07:00:00,2024-08-11 07:00:00,2024-08-11 04:00:00,2024-09-12 07:00:00,2024-09-11 23:00:00,32,Food & Beverage,341.0,DELIVERED
SHP-01248,CUST-1064,BEANR,MYPKG,VSL-0023,2024-11-06 13:00:00,2024-11-12 13:00:00,2024-11-12 11:00:00,2024-11-27 13:00:00,2024-11-27 13:00:00,14,Machinery,1822.22,DELIVERED
SHP-03121,CUST-1001,PKKAR,JPYOK,VSL-0062,2025-04-22 00:00:00,2025-05-01 00:00:00,2025-04-30 21:00:00,2025-05-09 00:00:00,2025-05-08 20:00:00,9,Automotive Parts,1083.75,DELIVERED
SHP-00860,CUST-1163,AEDXB,NLRTM,VSL-0057,2024-06-04 13:00:00,2024-06-12 13:00:00,2024-06-15 10:00:00,2024-07-01 13:00:00,2024-07-04 19:00:00,30,Automotive Parts,1265.48,DELAYED
SHP-01368,CUST-1204,AEDXB,USNYC,VSL-0013,2025-06-16 05:00:00,2025-06-24 05:00:00,2025-06-25 13:00:00,2025-07-24 05:00:00,2025-07-28 03:00:00,27,Raw Materials,977.3,DELAYED
SHP-03664,CUST-1180,AEDXB,MYPKG,VSL-0072,2024-07-30 04:00:00,2024-08-06 04:00:00,2024-08-06 04:00:00,2024-09-10 04:00:00,2024-09-09 22:00:00,14,Furniture,2332.74,DELIVERED
SHP-04195,CUST-1146,BEANR,SGSIN,VSL-0064,2025-01-30 00:00:00,2025-02-13 00:00:00,2025-02-13 04:00:00,2025-03-02 00:00:00,2025-03-01 23:00:00,37,Electronics,1316.01,DELIVERED
SHP-04428,CUST-1069,SGSIN,PKKAR,VSL-0061,2024-09-25 04:00:00,2024-09-28 04:00:00,,2024-10-07 04:00:00,,26,Furniture,1842.27,COMPLETED
SHP-02865,CUST-1031,CNSZX,SGSIN,VSL-0067,2024-11-04 21:00:00,2024-11-18 21:00:00,2024-11-18 19:00:00,2024-11-28 21:00:00,2024-11-28 20:00:00,3,Machinery,1918.64,DELIVERED
SHP-04441,CUST-1200,EGPSD,NLRTM,VSL-0057,2025-09-16 22:00:00,2025-09-27 22:00:00,2025-09-28 01:00:00,2025-10-27 22:00:00,2025-10-27 21:00:00,40,Consumer Goods,1438.76,DELIVERED
SHP-04833,CUST-1092,DEHAM,CNNGB,VSL-0075,2024-06-27 18:00:00,2024-07-09 18:00:00,2024-07-10 13:00:00,2024-07-26 18:00:00,2024-07-31 11:00:00,39,Furniture,354.73,DELAYED
SHP-04505,CUST-1188,ESVLC,CNSZX,VSL-0035,2024-12-08 18:00:00,2024-12-12 18:00:00,2024-12-12 19:00:00,2025-01-12 18:00:00,2025-01-12 14:00:00,36,Automotive Parts,1924.87,DELIVERED
SHP-02141,CUST-1192,USLAX,NLRTM,VSL-0070,2024-12-30 04:00:00,2025-01-11 04:00:00,2025-01-11 07:00:00,2025-02-03 04:00:00,2025-02-03 11:00:00,33,Pharmaceuticals,524.42,DELIVERED
SHP-03840,CUST-1094,INNSA,PKKAR,VSL-0065,2024-08-27 19:00:00,2024-09-03 19:00:00,2024-09-03 21:00:00,2024-09-10 19:00:00,2024-09-10 14:00:00,23,Chemicals,70.32,DELIVERED
SHP-01433,CUST-1159,GBFXT,JPYOK,VSL-0031,2025-09-12 07:00:00,2025-09-22 07:00:00,2025-09-22 09:00:00,2025-10-27 07:00:00,2025-10-26 23:00:00,34,Raw Materials,1766.3,DELIVERED
SHP-01682,CUST-1094,USLGB,ZADUR,VSL-0002,2025-07-06 22:00:00,2025-07-17 22:00:00,2025-07-17 23:00:00,2025-08-03 22:00:00,2025-08-03 22:00:00,23,Consumer Goods,720.77,DELIVERED
SHP-04343,CUST-1163,USLGB,ZADUR,VSL-0043,2025-04-23 23:00:00,2025-05-05 23:00:00,2025-05-08 10:00:00,2025-06-01 23:00:00,2025-06-07 08:00:00,10,Pharmaceuticals,727.96,DELAYED
SHP-04572,CUST-1064,THBKK,HKHKG,VSL-0078,2025-01-16 04:00:00,2025-01-19 04:00:00,2025-01-21 22:00:00,2025-01-23 04:00:00,2025-01-26 19:00:00,8,Raw Materials,1154.67,DELAYED
SHP-00127,CUST-1114,USLAX,INNSA,VSL-0007,2025-08-09 22:00:00,2025-08-20 22:00:00,2025-08-21 14:00:00,2025-09-16 22:00:00,2025-09-18 09:00:00,17,Pharmaceuticals,2293.69,DELAYED
SHP-02342,CUST-1031,CNSZX,HKHKG,VSL-0033,2025-05-23 21:00:00,2025-05-27 21:00:00,2025-05-27 21:00:00,2025-06-03 21:00:00,2025-06-03 20:00:00,35,Food & Beverage,1262.28,DELIVERED
SHP-00650,CUST-1250,ESVLC,USNYC,VSL-0006,2025-08-24 03:00:00,2025-08-29 03:00:00,,2025-09-27 03:00:00,,31,food & beverage,2502.31,CANCELLED
SHP-04376,CUST-1168,CNSHA,KRPUS,VSL-0048,2024-12-19 05:00:00,2025-01-01 05:00:00,,2025-01-09 05:00:00,,25,Pharmaceuticals,477.82,CANCELLED
SHP-00696,CUST-1039,INMUN,CNNGB,VSL-0037,2024-08-31 01:00:00,2024-09-09 01:00:00,2024-09-11 10:00:00,2024-09-14 01:00:00,2024-09-18 08:00:00,4,Apparel,414.38,DELAYED
SHP-00355,CUST-1006,CNNGB,INNSA,VSL-0055,2024-09-19 15:00:00,2024-09-28 15:00:00,2024-09-29 11:00:00,2024-10-01 15:00:00,2024-10-03 03:00:00,5,Electronics,2377.38,DELAYED
SHP-03948,CUST-1132,DEHAM,USSAV,VSL-0036,2024-06-01 07:00:00,2024-06-15 07:00:00,2024-06-15 10:00:00,2024-07-12 07:00:00,2024-07-12 04:00:00,17,Apparel,1369.89,DELIVERED
SHP-04111,CUST-1182,USSAV,MYPKG,VSL-0001,2025-06-13 07:00:00,2025-06-22 07:00:00,2025-06-22 13:00:00,2025-07-10 07:00:00,2025-07-10 10:00:00,40,Apparel,1115.28,DELIVERED
SHP-02861,CUST-1106,THBKK,AEDXB,VSL-0052,2025-09-17 21:00:00,2025-09-25 21:00:00,2025-09-25 22:00:00,2025-10-26 21:00:00,2025-10-27 02:00:00,21,Furniture,1713.12,DELIVERED
SHP-04131,CUST-1100,NLRTM,ZADUR,VSL-0030,2024-10-14 19:00:00,2024-10-28 19:00:00,2024-10-28 17:00:00,2024-12-01 19:00:00,2024-12-01 14:00:00,29,Electronics,2018.16,DELIVERED
SHP-01304,CUST-1027,USLAX,USLGB,VSL-0069,2024-11-29 15:00:00,2024-12-10 15:00:00,2024-12-10 15:00:00,2024-12-18 15:00:00,2024-12-18 18:00:00,11,Apparel,2011.46,DELIVERED
SHP-04721,CUST-1229,PKKAR,KRPUS,VSL-0032,2024-06-28 15:00:00,2024-07-02 15:00:00,2024-07-02 11:00:00,2024-07-06 15:00:00,2024-07-06 19:00:00,13,Food & Beverage,2633.67,DELIVERED
SHP-03748,CUST-1141,HKHKG,USSAV,VSL-0023,2025-05-22 01:00:00,2025-05-27 01:00:00,2025-05-28 08:00:00,2025-06-20 01:00:00,2025-06-24 06:00:00,13,Food & Beverage,2036.87,DELAYED
SHP-04920,CUST-1047,INMUN,USLGB,VSL-0012,2025-08-28 00:00:00,2025-09-09 00:00:00,2025-09-10 21:00:00,2025-10-09 00:00:00,2025-10-13 22:00:00,36,Chemicals,1882.28,DELAYED
SHP-02872,CUST-1115,USNYC,BRSSZ,VSL-0066,2024-09-13 12:00:00,2024-09-20 12:00:00,2024-09-20 18:00:00,2024-09-27 12:00:00,2024-09-28 11:00:00,34,Chemicals,1165.73,DELIVERED
SHP-04491,CUST-1187,BEANR,THBKK,VSL-0008,2025-09-15 22:00:00,2025-09-22 22:00:00,,2025-10-24 22:00:00,,33,Electronics,1253.77,Complete
SHP-00524,CUST-1036,JPYOK,CNSHA,VSL-0003,2024-12-17 12:00:00,2024-12-22 12:00:00,2024-12-22 16:00:00,2024-12-26 12:00:00,2024-12-26 19:00:00,31,Consumer Goods,1261.03,DELIVERED
SHP-03392,CUST-1095,ZADUR,MYPKG,VSL-0053,2024-08-20 00:00:00,2024-08-25 00:00:00,2024-08-25 06:00:00,2024-09-24 00:00:00,2024-09-24 08:00:00,1,Consumer Goods,1424.39,DELIVERED
SHP-02177,CUST-1091,ZADUR,GBFXT,VSL-0004,2025-06-14 18:00:00,2025-06-21 18:00:00,2025-06-22 11:00:00,2025-07-14 18:00:00,2025-07-15 06:00:00,19,Electronics,2286.4,DELIVERED
SHP-02329,CUST-1116,KRPUS,PKKAR,VSL-0044,2025-06-22 09:00:00,2025-06-25 09:00:00,2025-06-26 07:00:00,2025-06-28 09:00:00,2025-07-01 22:00:00,3,FURNITURE,2260.99,DELAYED
SHP-01311,CUST-1060,INNSA,DEHAM,VSL-0067,2024-06-22 00:00:00,2024-07-04 00:00:00,2024-07-04 06:00:00,2024-07-19 00:00:00,2024-07-19 06:00:00,37,Furniture,1297.28,DELIVERED
SHP-04140,CUST-1179,PKKAR,BRSSZ,VSL-0045,2025-03-10 16:00:00,2025-03-15 16:00:00,2025-03-15 16:00:00,2025-04-02 16:00:00,2025-04-02 20:00:00,10,Raw Materials,1481.95,DELIVERED
SHP-04610,CUST-1194,USLGB,PKKAR,VSL-0064,2025-01-30 23:00:00,2025-02-08 23:00:00,2025-02-09 19:00:00,2025-03-08 23:00:00,2025-03-12 14:00:00,12,Raw Materials,2131.67,DELAYED
SHP-03047,CUST-1121,INMUN,CNNGB,VSL-0054,2024-06-07 00:00:00,2024-06-10 00:00:00,2024-06-11 21:00:00,2024-06-15 00:00:00,2024-06-17 03:00:00,8,Electronics,522.94,DELAYED
SHP-00145,CUST-1100,THBKK,BEANR,VSL-0046,2025-08-17 00:00:00,2025-08-20 00:00:00,2025-08-19 20:00:00,2025-09-06 00:00:00,2025-09-06 02:00:00,7,Food & Beverage,2207.71,DELIVERED
SHP-01650,CUST-1189,ESVLC,THBKK,VSL-0057,2025-01-15 21:00:00,2025-01-24 21:00:00,2025-01-27 08:00:00,2025-02-17 21:00:00,2025-02-22 12:00:00,10,Raw Materials,831.31,DELAYED
SHP-00571,CUST-1093,CNSZX,INMUN,VSL-0040,2025-09-13 09:00:00,2025-09-17 09:00:00,,2025-09-24 09:00:00,,27,Electronics,1755.78,CANCELLED
SHP-00935,CUST-1241,DEHAM,AEDXB,VSL-0073,2024-08-14 00:00:00,2024-08-23 00:00:00,2024-08-22 23:00:00,2024-09-17 00:00:00,2024-09-16 22:00:00,12,Machinery,1147.37,DELIVERED
SHP-04196,CUST-1018,EGPSD,JPYOK,VSL-0011,2024-06-10 23:00:00,2024-06-23 23:00:00,2024-06-23 21:00:00,2024-07-23 23:00:00,2024-07-24 06:00:00,2,Electronics,1856.8,DELIVERED
SHP-03423,CUST-1151,CNSZX,CNSHA,VSL-0078,2025-07-31 12:00:00,2025-08-10 12:00:00,2025-08-12 17:00:00,2025-08-18 12:00:00,2025-08-20 21:00:00,12,Apparel,312.24,DELAYED
SHP-02257,CUST-1037,USNYC,USLAX,VSL-0019,2024-09-28 03:00:00,2024-10-01 03:00:00,2024-10-02 07:00:00,2024-10-08 03:00:00,2024-10-09 08:00:00,9,Pharmaceuticals,1605.88,DELAYED
SHP-00752,CUST-1038,INNSA,HKHKG,VSL-0064,2025-06-20 11:00:00,2025-07-01 11:00:00,2025-07-02 20:00:00,2025-07-10 11:00:00,2025-07-12 05:00:00,40,Electronics,2160.51,DELAYED
SHP-02333,CUST-1076,INNSA,GBFXT,VSL-0027,2025-09-28 06:00:00,2025-10-11 06:00:00,2025-10-11 03:00:00,2025-11-09 06:00:00,2025-11-09 01:00:00,22,Electronics,1065.77,DELIVERED
SHP-02688,CUST-1215,JPYOK,KRPUS,VSL-0042,2024-11-12 05:00:00,2024-11-20 05:00:00,2024-11-23 04:00:00,2024-11-29 05:00:00,2024-12-02 11:00:00,31,Chemicals,633.19,DELAYED
SHP-00001,CUST-1038,BEANR,GBFXT,VSL-0028,2024-09-11 19:00:00,2024-09-16 19:00:00,2024-09-18 21:00:00,2024-09-22 19:00:00,2024-09-27 10:00:00,24,Consumer Goods,1736.34,DELAYED
SHP-02453,CUST-1112,ZADUR,INNSA,VSL-0019,2024-11-12 03:00:00,2024-11-23 03:00:00,2024-11-23 04:00:00,2024-12-10 03:00:00,2024-12-10 14:00:00,36,Pharmaceuticals,319.55,DELIVERED
SHP-03124,CUST-1152,INNSA,JPYOK,VSL-0039,2024-07-30 16:00:00,2024-08-02 16:00:00,2024-08-05 15:00:00,2024-08-11 16:00:00,2024-08-18 13:00:00,22,Automotive parts,2200.85,DELAYED
SHP-04440,CUST-1062,INNSA,THBKK,VSL-0054,2025-04-15 06:00:00,2025-04-18 06:00:00,2025-04-18 02:00:00,2025-04-22 06:00:00,2025-04-22 18:00:00,27,Chemicals,2629.13,DELIVERED
SHP-00765,CUST-1043,USNYC,KRPUS,VSL-0008,2025-08-28 23:00:00,2025-09-09 23:00:00,2025-08-27 02:00:00,2025-10-07 23:00:00,2025-10-07 23:00:00,37,Automotive Parts,2490.46,DELIVERED
SHP-00574,CUST-1121,CNSHA,GBFXT,VSL-0053,2024-06-15 23:00:00,2024-06-22 23:00:00,2024-06-25 10:00:00,2024-07-16 23:00:00,2024-07-21 22:00:00,22,Consumer Goods,2308.8,DELAYED
SHP-02062,CUST-1075,BRSSZ,SGSIN,VSL-0031,2025-05-14 18:00:00,2025-05-23 18:00:00,2025-05-26 18:00:00,2025-06-18 18:00:00,2025-06-24 03:00:00,14,Raw Materials,2482.46,DELAYED
SHP-01306,CUST-1178,DEHAM,USSAV,VSL-0046,2025-05-08 03:00:00,2025-05-15 03:00:00,2025-05-15 04:00:00,2025-06-13 03:00:00,2025-06-12 19:00:00,26,Pharmaceuticals,1736.6,DELIVERED
SHP-02075,CUST-1081,NLRTM,BEANR,VSL-0066,2025-02-25 07:00:00,2025-03-10 07:00:00,2025-03-10 13:00:00,2025-03-20 07:00:00,2025-03-20 15:00:00,28,Raw Materials,2251.21,DELIVERED
SHP-00644,CUST-1209,ESVLC,INMUN,VSL-0046,2025-07-09 17:00:00,2025-07-23 17:00:00,2025-07-23 14:00:00,2025-08-20 17:00:00,2025-08-21 03:00:00,30,FURNITURE,344.37,DELIVERED
SHP-03690,CUST-1176,BRSSZ,ZADUR,VSL-0028,2025-09-06 13:00:00,2025-09-15 13:00:00,2025-09-15 16:00:00,2025-10-05 13:00:00,2025-10-05 10:00:00,20,Automotive Parts,813.04,DELIVERED
SHP-01487,CUST-1235,NLRTM,CNSZX,VSL-0012,2025-02-06 02:00:00,2025-02-14 02:00:00,2025-02-14 01:00:00,2025-03-01 02:00:00,2025-03-01 04:00:00,14,Food & Beverage,1470.75,DELIVERED
SHP-03137,CUST-1051,NLRTM,THBKK,VSL-0045,2025-07-30 04:00:00,2025-08-12 04:00:00,2025-08-13 18:00:00,2025-08-31 04:00:00,2025-09-03 16:00:00,35,Machinery,2274.4,DELAYED
SHP-02888,CUST-1029,EGPSD,INNSA,VSL-0003,2025-08-31 02:00:00,2025-09-13 02:00:00,2025-09-13 06:00:00,2025-10-01 02:00:00,2025-10-01 13:00:00,11,Pharmaceuticals,2103.87,DELIVERED
SHP-00828,CUST-1175,BEANR,PKKAR,VSL-0080,2025-05-24 11:00:00,2025-06-07 11:00:00,2025-06-07 14:00:00,2025-06-22 11:00:00,2025-06-22 04:00:00,32, Chemicals,800.91,DELIVERED
SHP-03341,CUST-1161,ESVLC,CNSHA,VSL-0025,2024-09-10 19:00:00,2024-09-15 19:00:00,2024-09-17 11:00:00,2024-10-08 19:00:00,2024-10-14 05:00:00,30,Furniture,873.91,DELAYED
SHP-02763,CUST-1139,NLRTM,XXTST,VSL-0066,2024-11-17 23:00:00,2024-11-21 23:00:00,2024-11-23 20:00:00,2024-12-21 23:00:00,2024-12-24 17:00:00,21,Raw Materials,1018.53,DELAYED
SHP-00738,CUST-1100,AEDXB,GBFXT,VSL-0017,2025-09-24 15:00:00,2025-10-01 15:00:00,2025-10-02 12:00:00,2025-10-30 15:00:00,2025-11-04 06:00:00,24,Raw Materials,1713.32,DELAYED
SHP-00679,CUST-1078,GBFXT,UNKNW,VSL-0037,2024-12-27 14:00:00,2025-01-04 14:00:00,2025-01-04 18:00:00,2025-01-22 14:00:00,2025-01-22 08:00:00,27,Raw Materials,1707.72,DELIVERED
SHP-03113,CUST-1075,AEDXB,PKKAR,VSL-0037,2024-10-06 18:00:00,2024-10-15 18:00:00,2024-10-15 14:00:00,2024-11-17 18:00:00,2024-11-17 21:00:00,2,FURNITURE,2084.76,DELIVERED
SHP-00978,CUST-1169,ESVLC,INMUN,VSL-0057,2025-03-18 04:00:00,2025-04-01 04:00:00,2025-04-04 00:00:00,2025-04-17 04:00:00,2025-04-23 18:00:00,17,Food & Beverage,1676.25,DELAYED
SHP-03837,CUST-1022,INNSA,GBFXT,VSL-0001,2025-10-01 04:00:00,2025-10-08 04:00:00,2025-10-08 06:00:00,2025-10-25 04:00:00,2025-10-24 22:00:00,22,Consumer Goods,2391.2,DELIVERED
SHP-02279,CUST-1198,USLGB,CNSZX,VSL-0026,2025-01-02 16:00:00,2025-01-14 16:00:00,,2025-02-06 16:00:00,,34,Apparel,1561.45,CANCELLED
SHP-01499,CUST-1062,DEHAM,USLGB,VSL-0022,2024-06-17 05:00:00,2024-06-23 05:00:00,2024-06-23 07:00:00,2024-07-12 05:00:00,2024-07-13 14:00:00,11,Machinery,1165.55,DELAYED
SHP-04149,CUST-1078,USLAX,HKHKG,VSL-0046,2024-12-10 16:00:00,2024-12-21 16:00:00,2024-12-21 19:00:00,2025-01-16 16:00:00,2025-01-17 01:00:00,17,Electronics,411.63,DELIVERED
SHP-01591,CUST-1142,AEDXB,SGSIN,VSL-0025,2024-12-07 00:00:00,2024-12-15 00:00:00,2024-12-14 20:00:00,2025-01-17 00:00:00,2025-01-16 19:00:00,26,Automotive Parts,849.32,DELIVERED
SHP-02972,CUST-1111,GBFXT,KRPUS,VSL-0028,2024-10-09 06:00:00,2024-10-19 06:00:00,2024-10-19 08:00:00,2024-11-13 06:00:00,2024-11-13 10:00:00,8,Machinery,415.15,DELIVERED
SHP-01495,CUST-1045,INMUN,THBKK,VSL-0013,2024-11-09 00:00:00,2024-11-16 00:00:00,2024-11-16 00:00:00,2024-11-20 00:00:00,2024-11-20 08:00:00,7,Machinery,,DELIVERED
SHP-01428,CUST-1072,EGPSD,KRPUS,VSL-0013,2024-12-05 17:00:00,2024-12-10 17:00:00,2024-12-12 03:00:00,2024-12-30 17:00:00,2025-01-04 19:00:00,34,Consumer Goods,2010.84,DELAYED
SHP-02608,CUST-1194,JPYOK,CNNGB,VSL-0040,2025-05-22 18:00:00,2025-06-05 18:00:00,2025-06-06 15:00:00,2025-06-09 18:00:00,2025-06-13 16:00:00,30,Machinery,1261.65,DELAYED
SHP-01071,CUST-1102,HKHKG,AEDXB,VSL-0009,2025-07-01 19:00:00,2025-07-12 19:00:00,,2025-08-09 19:00:00,,30,Consumer Goods,1819.03,CANCELLED
SHP-04795,CUST-1110,AEDXB,DEHAM,VSL-0077,2025-03-18 16:00:00,2025-03-25 16:00:00,2025-03-25 21:00:00,2025-04-14 16:00:00,2025-04-14 21:00:00,2,Automotive Parts,2252.13,DELIVERED
SHP-00740,CUST-1084,MYPKG,AEDXB,VSL-0038,2024-06-20 01:00:00,2024-07-02 01:00:00,,2024-07-20 01:00:00,,11,Raw Materials,898.86,CANCELLED
SHP-04574,CUST-1213,CNSZX,USLGB,VSL-0041,2024-10-27 10:00:00,2024-10-31 10:00:00,2024-10-31 11:00:00,2024-11-26 10:00:00,2024-11-26 18:00:00,18,Automotive Parts,2634.88,DELIVERED
SHP-01532,CUST-1249,INNSA,INMUN,VSL-0017,2025-06-25 02:00:00,2025-07-09 02:00:00,2025-07-09 09:00:00,2025-07-15 02:00:00,2025-07-17 02:00:00,34,Automotive parts,2683.15,DELAYED
SHP-03950,CUST-1137,BEANR,KRPUS,VSL-0080,2025-08-22 22:00:00,2025-09-05 22:00:00,2025-09-05 19:00:00,2025-09-22 22:00:00,2025-09-22 21:00:00,34,Pharmaceuticals,1293.75,DELIVERED
SHP-01967,CUST-1222,USNYC,USSAV,VSL-0049,2025-01-12 11:00:00,2025-01-20 11:00:00,2025-01-20 10:00:00,2025-01-28 11:00:00,2025-01-28 04:00:00,30,Automotive Parts,750.62,DELIVERED
SHP-03158,CUST-1093,GBFXT,USSAV,VSL-0079,2025-08-24 13:00:00,2025-08-27 13:00:00,2025-08-27 19:00:00,2025-09-28 13:00:00,2025-09-28 08:00:00,26,Raw Materials,384.09,DELIVERED
SHP-00270,CUST-1125,CNSZX,GBFXT,VSL-0070,2024-07-07 03:00:00,2024-07-20 03:00:00,2024-07-23 03:00:00,2024-08-20 03:00:00,2024-08-24 19:00:00,24,Chemicals,2196.75,DELAYED
SHP-02511,CUST-1198,GBFXT,USNYC,VSL-0043,2024-11-09 06:00:00,2024-11-23 06:00:00,2024-11-23 08:00:00,2024-12-07 06:00:00,2024-12-06 23:00:00,26,Pharmaceuticals,2542.84,DELIVERED
SHP-03217,CUST-1055,DEHAM,CNSHA,VSL-0026,2025-02-24 12:00:00,2025-03-03 12:00:00,2025-03-04 05:00:00,2025-04-05 12:00:00,2025-04-07 22:00:00,16,Raw Materials,2733.58,DELAYED
SHP-01910,CUST-1075,MYPKG,USLGB,VSL-0079,2025-03-08 09:00:00,2025-03-20 09:00:00,2025-03-23 08:00:00,2025-04-16 09:00:00,2025-04-21 12:00:00,12,Raw Materials,1446.11,DELAYED
SHP-02820,CUST-1225,HKHKG,DEHAM,VSL-0026,2025-07-03 00:00:00,2025-07-08 00:00:00,2025-07-08 06:00:00,2025-07-24 00:00:00,2025-07-24 05:00:00,2,food & beverage,2536.23,DELIVERED
SHP-01385,CUST-1180,HKHKG,CNNGB,VSL-0040,2025-08-12 12:00:00,2025-08-19 12:00:00,2025-08-20 01:00:00,2025-08-28 12:00:00,2025-08-29 22:00:00,35,Furniture,608.61,DELAYED
SHP-02812,CUST-1186,USSAV,HKHKG,VSL-0061,2025-08-28 21:00:00,2025-09-04 21:00:00,2025-09-05 01:00:00,2025-10-06 21:00:00,2025-10-07 05:00:00,31,Furniture,1124.42,DELIVERED
SHP-03906,CUST-1043,ESVLC,MYPKG,VSL-0031,2025-08-02 00:00:00,2025-08-07 00:00:00,2025-08-09 03:00:00,2025-08-22 00:00:00,2025-08-27 04:00:00,24,Furniture,1335.92,DELAYED
SHP-02390,CUST-1225,ESVLC,USLGB,VSL-0050,2024-10-29 23:00:00,2024-11-12 23:00:00,2024-11-14 11:00:00,2024-12-16 23:00:00,2024-12-18 19:00:00,26,Food & Beverage,2323.07,DELAYED
SHP-02924,CUST-1152,PKKAR,CNSHA,VSL-0051,2024-11-25 08:00:00,2024-12-01 08:00:00,2024-12-03 22:00:00,2024-12-06 08:00:00,2024-12-08 18:00:00,14,Food & Beverage,1167.72,DELAYED
SHP-02534,CUST-1063,CNNGB,BRSSZ,VSL-0076,2024-09-09 00:00:00,2024-09-20 00:00:00,2024-09-19 23:00:00,2024-10-20 00:00:00,2024-10-20 09:00:00,34,Machinery,1044.89,DELIVERED
SHP-03880,CUST-1041,MYPKG,ESVLC,VSL-0065,2024-10-15 10:00:00,2024-10-26 10:00:00,,2024-11-18 10:00:00,,27,Pharmaceuticals,2597.45,Complete
SHP-03032,CUST-1015,SGSIN,USSAV,VSL-0065,2025-05-02 22:00:00,2025-05-07 22:00:00,2025-05-10 12:00:00,2025-06-02 22:00:00,2025-06-05 21:00:00,36,Food & Beverage,1399.73,DELAYED
SHP-00906,CUST-1078,CNNGB,EGPSD,VSL-0017,2024-12-27 15:00:00,2024-12-30 15:00:00,,2025-01-29 15:00:00,,16,Chemicals,353.96,Complete
SHP-04079,CUST-1235,DEHAM,NLRTM,VSL-0068,2025-03-08 09:00:00,2025-03-12 09:00:00,2025-03-12 11:00:00,2025-03-22 09:00:00,2025-03-22 09:00:00,20,Automotive Parts,2402.03,DELIVERED
SHP-01211,CUST-1061,USLGB,USLAX,VSL-0056,2025-05-10 15:00:00,2025-05-15 15:00:00,2025-05-15 17:00:00,2025-05-24 15:00:00,2025-05-24 10:00:00,20,Apparel,1444.53,DELIVERED
SHP-03099,CUST-1170,THBKK,USLAX,VSL-0075,2025-04-01 10:00:00,2025-04-05 10:00:00,2025-04-05 09:00:00,2025-04-23 10:00:00,2025-04-23 10:00:00,30,Apparel,2665.38,DELIVERED
SHP-04985,CUST-1118,USLAX,GBFXT,VSL-0005,2025-08-01 15:00:00,2025-08-10 15:00:00,2025-08-10 21:00:00,2025-09-11 15:00:00,2025-09-11 18:00:00,21,Consumer Goods,1433.67,DELIVERED
SHP-03784,CUST-1247,CNSZX,AEDXB,VSL-0033,2024-08-03 03:00:00,2024-08-16 03:00:00,2024-08-16 00:00:00,2024-08-30 03:00:00,2024-08-30 14:00:00,21, Chemicals,,DELIVERED
SHP-03328,CUST-1213,CNSHA,BRSSZ,VSL-0060,2024-11-04 15:00:00,2024-11-10 15:00:00,2024-11-13 13:00:00,2024-12-03 15:00:00,2024-12-10 02:00:00,35,Automotive Parts,1633.13,DELAYED
SHP-03934,CUST-1047,THBKK,ESVLC,VSL-0055,2025-01-19 03:00:00,2025-01-28 03:00:00,2025-01-28 06:00:00,2025-02-17 03:00:00,2025-02-17 07:00:00,19,Apparel,66.44,DELIVERED
SHP-00477,CUST-1197,ESVLC,USLGB,VSL-0070,2025-02-19 13:00:00,2025-03-02 13:00:00,,2025-03-16 13:00:00,,12,Apparel,1572.79,N/A
SHP-02381,CUST-1028,CNSZX,ZADUR,VSL-0001,2024-08-24 13:00:00,2024-08-30 13:00:00,2024-08-31 10:00:00,2024-09-16 13:00:00,2024-09-20 16:00:00,25,Furniture,2777.21,DELAYED
SHP-04727,CUST-1007,CNNGB,INMUN,VSL-0067,2025-05-07 10:00:00,2025-05-19 10:00:00,2025-05-19 22:00:00,2025-05-28 10:00:00,2025-05-28 19:00:00,17,Furniture,412.12,DELIVERED
SHP-04995,CUST-1163,INMUN,DEHAM,VSL-0062,2024-09-14 05:00:00,2024-09-26 05:00:00,2024-09-26 12:00:00,2024-10-29 05:00:00,2024-11-02 03:00:00,14,Chemicals,2245.57,DELAYED
SHP-00759,CUST-1204,EGPSD,CNSZX,VSL-0047,2024-08-01 12:00:00,2024-08-06 12:00:00,2024-08-06 18:00:00,2024-09-07 12:00:00,2024-09-07 22:00:00,38,Food & Beverage,334.3,DELIVERED
SHP-03225,CUST-1237,CNNGB,JPYOK,VSL-0078,2025-04-21 01:00:00,2025-05-03 01:00:00,2025-05-03 01:00:00,2025-05-07 01:00:00,2025-05-07 12:00:00,10,Raw Materials,,DELIVERED
SHP-04581,CUST-1165,DEHAM,INMUN,VSL-0033,2024-10-25 16:00:00,2024-11-03 16:00:00,2024-11-03 12:00:00,2024-11-22 16:00:00,2024-11-22 13:00:00,34,Apparel,785.32,DELIVERED
SHP-00288,CUST-1223,KRPUS,NLRTM,VSL-0070,2025-02-16 05:00:00,2025-03-02 05:00:00,2025-03-02 01:00:00,2025-04-05 05:00:00,2025-04-05 09:00:00,37,Machinery,2096.36,DELIVERED
SHP-04876,CUST-1089,SGSIN,CNSZX,VSL-0003,2025-05-25 09:00:00,2025-06-08 09:00:00,,2025-06-13 09:00:00,,31,Automotive Parts,598.3,N/A
SHP-03903,CUST-1090,INMUN,USLGB,VSL-0009,2025-08-29 10:00:00,2025-09-08 10:00:00,2025-09-08 08:00:00,2025-10-09 10:00:00,2025-10-09 04:00:00,1,Apparel,340.03,DELIVERED
SHP-01749,CUST-1224,PKKAR,MYPKG,VSL-0075,2025-09-22 06:00:00,2025-10-02 06:00:00,2025-10-02 09:00:00,2025-10-08 06:00:00,2025-10-08 02:00:00,9,machinery ,2025.73,DELIVERED
SHP-03528,CUST-1164,GBFXT,MYPKG,VSL-0009,2025-06-03 02:00:00,2025-06-17 02:00:00,2025-06-19 12:00:00,2025-07-19 02:00:00,2025-07-24 06:00:00,21,Apparel,1191.51,DELAYED
SHP-03892,CUST-1050,MYPKG,NLRTM,VSL-0033,2024-06-09 02:00:00,2024-06-17 02:00:00,2024-06-17 01:00:00,2024-07-03 02:00:00,2024-07-03 10:00:00,21,Food & Beverage,2762.59,DELIVERED
SHP-01930,CUST-1244,USSAV,USLGB,VSL-0001,2024-09-20 23:00:00,2024-09-25 23:00:00,2024-09-25 20:00:00,2024-10-02 23:00:00,2024-10-03 10:00:00,4,Apparel,650.71,DELIVERED
SHP-02868,CUST-1135,KRPUS,USLGB,VSL-0066,2024-10-23 03:00:00,2024-10-27 03:00:00,,2024-12-01 03:00:00,,23,Machinery,2306.76,COMPLETED
SHP-02334,CUST-1152,PKKAR,INMUN,VSL-0059,2025-01-17 21:00:00,2025-01-27 21:00:00,2025-01-27 19:00:00,2025-02-05 21:00:00,2025-02-06 06:00:00,33,Automotive Parts,249.45,DELIVERED
SHP-03243,CUST-1078,KRPUS,CNNGB,VSL-0001,2024-07-19 23:00:00,2024-07-29 23:00:00,2024-07-31 21:00:00,2024-08-03 23:00:00,2024-08-08 14:00:00,26,Food & Beverage,2167.67,DELAYED
SHP-00276,CUST-1214,KRPUS,JPYOK,VSL-0014,2025-05-30 22:00:00,2025-06-11 22:00:00,2025-06-12 02:00:00,2025-06-21 22:00:00,2025-06-22 07:00:00,17,Machinery,712.86,DELIVERED
SHP-02174,CUST-1022,MYPKG,ESVLC,VSL-0049,2024-07-16 08:00:00,2024-07-25 08:00:00,2024-07-25 13:00:00,2024-08-22 08:00:00,2024-08-22 14:00:00,2,FURNITURE,2403.28,DELIVERED
SHP-02446,CUST-1213,USLGB,CNSHA,VSL-0072,2024-11-04 21:00:00,2024-11-13 21:00:00,2024-11-15 23:00:00,2024-12-01 21:00:00,2024-12-06 17:00:00,11,Chemicals,1604.97,DELAYED
SHP-04579,CUST-1103,MYPKG,KRPUS,VSL-0043,2025-02-13 11:00:00,2025-02-23 11:00:00,2025-02-25 03:00:00,2025-02-27 11:00:00,2025-03-02 09:00:00,5,Pharmaceuticals,1305.63,DELAYED
SHP-00798,CUST-1010,GBFXT,CNSZX,VSL-0037,2025-08-19 00:00:00,2025-08-29 00:00:00,2025-08-29 01:00:00,2025-10-02 00:00:00,2025-10-02 08:00:00,17,Electronics,474.64,DELIVERED
SHP-00570,CUST-1111,CNNGB,USNYC,VSL-0003,2025-08-15 10:00:00,2025-08-24 10:00:00,2025-08-25 14:00:00,2025-09-11 10:00:00,2025-09-13 20:00:00,3,Furniture,1983.96,DELAYED
SHP-04488,CUST-1077,BRSSZ,JPYOK,VSL-0053,2024-08-25 14:00:00,2024-08-30 14:00:00,2024-09-01 07:00:00,2024-09-18 14:00:00,2024-09-20 08:00:00,19,Electronics,1191.05,DELAYED
SHP-04805,CUST-1056,EGPSD,PKKAR,VSL-0050,2024-09-26 08:00:00,2024-10-03 08:00:00,2024-10-04 21:00:00,2024-10-27 08:00:00,2024-10-28 22:00:00,19,Apparel,1544.02,DELAYED
SHP-00674,CUST-1179,CNNGB,HKHKG,VSL-0079,2025-02-25 23:00:00,2025-03-01 23:00:00,2025-03-03 07:00:00,2025-03-08 23:00:00,2025-03-13 15:00:00,35,Pharmaceuticals,797.78,DELAYED
SHP-01157,CUST-1231,GBFXT,INMUN,VSL-0041,2024-06-04 23:00:00,2024-06-07 23:00:00,2024-06-04 12:00:00,2024-07-07 23:00:00,2024-07-08 09:00:00,14,Automotive Parts,100.4,DELIVERED
SHP-01099,CUST-1190,CNSZX,HKHKG,VSL-0048,2024-07-14 04:00:00,2024-07-28 04:00:00,,2024-08-02 04:00:00,,3,Consumer Goods,1668.11,Complete
SHP-04153,CUST-1141,THBKK,ESVLC,VSL-0051,2024-08-29 02:00:00,2024-09-03 02:00:00,,2024-09-19 02:00:00,,12,Consumer Goods,1606.61,CANCELLED
SHP-01427,CUST-1166,NLRTM,JPYOK,VSL-0037,2025-02-28 17:00:00,2025-03-13 17:00:00,2025-03-13 20:00:00,2025-04-14 17:00:00,2025-04-15 00:00:00,1,Raw Materials,2083.86,DELIVERED
SHP-04033,CUST-1138,USLGB,DEHAM,VSL-0076,2024-06-10 09:00:00,2024-06-20 09:00:00,2024-06-22 14:00:00,2024-07-18 09:00:00,2024-07-24 03:00:00,19,Chemicals,2540.25,DELAYED
SHP-04462,CUST-1123,NLRTM,HKHKG,VSL-0047,2024-09-08 11:00:00,2024-09-11 11:00:00,2024-09-12 04:00:00,2024-10-16 11:00:00,2024-10-18 21:00:00,3,Electronics,1192.15,DELAYED
SHP-04485,CUST-1073,CNSZX,CNNGB,VSL-0065,2025-07-30 21:00:00,2025-08-09 21:00:00,2025-08-10 07:00:00,2025-08-18 21:00:00,2025-08-21 05:00:00,1,Automotive Parts,1767.91,DELAYED
SHP-00258,CUST-1139,EGPSD,HKHKG,VSL-0008,2025-09-26 05:00:00,2025-09-29 05:00:00,2025-09-29 04:00:00,2025-10-16 05:00:00,2025-10-16 06:00:00,1,Apparel,241.95,DELIVERED
SHP-01700,CUST-1066,USNYC,SGSIN,VSL-0004,2025-01-20 06:00:00,2025-01-31 06:00:00,2025-01-31 04:00:00,2025-02-20 06:00:00,2025-02-20 00:00:00,5,Chemicals,558.61,DELIVERED
SHP-03229,CUST-1015,THBKK,CNSHA,VSL-0027,2025-09-26 03:00:00,2025-10-01 03:00:00,2025-10-01 07:00:00,2025-10-10 03:00:00,2025-10-10 14:00:00,1,Pharmaceuticals,2541.23,DELIVERED
SHP-00081,CUST-1195,NLRTM,PKKAR,VSL-0037,2024-11-11 19:00:00,2024-11-24 19:00:00,2024-11-25 15:00:00,2024-12-19 19:00:00,2024-12-23 03:00:00,37,Pharmaceuticals,1181.5,DELAYED
SHP-01335,CUST-1091,KRPUS,BRSSZ,VSL-0079,2024-12-25 09:00:00,2025-01-03 09:00:00,2025-01-03 12:00:00,2025-01-24 09:00:00,2025-01-24 18:00:00,16,Machinery,1934.14,DELIVERED
SHP-02996,CUST-1026,ESVLC,MYPKG,VSL-0052,2025-07-02 10:00:00,2025-07-06 10:00:00,2025-07-06 10:00:00,2025-08-03 10:00:00,2025-08-03 09:00:00,22,Electronics,2350.59,DELIVERED
SHP-01213,CUST-1004,ESVLC,MYPKG,VSL-0071,2024-07-28 05:00:00,2024-08-03 05:00:00,2024-08-05 00:00:00,2024-08-19 05:00:00,2024-08-21 07:00:00,27,Raw Materials,598.15,DELAYED
SHP-00474,CUST-1002,ESVLC,CNSHA,VSL-0048,2025-05-25 02:00:00,2025-05-28 02:00:00,2025-05-28 07:00:00,2025-06-22 02:00:00,2025-06-22 02:00:00,24,Electronics,60.9,DELIVERED
SHP-01142,CUST-1204,ZADUR,MYPKG,VSL-0029,2025-08-10 04:00:00,2025-08-13 04:00:00,2025-08-15 14:00:00,2025-09-10 04:00:00,2025-09-15 22:00:00,35,Chemicals,2093.89,DELAYED
SHP-01232,CUST-1143,BRSSZ,USLAX,VSL-0068,2025-03-25 16:00:00,2025-04-06 16:00:00,2025-04-06 14:00:00,2025-04-16 16:00:00,2025-04-16 13:00:00,29,Electronics,2060.42,DELIVERED
SHP-04081,CUST-1080,DEHAM,CNSZX,VSL-0002,2025-08-17 07:00:00,2025-08-21 07:00:00,2025-08-21 20:00:00,2025-09-10 07:00:00,2025-09-14 06:00:00,27,Raw Materials,,DELAYED
SHP-01867,CUST-1196,PKKAR,BEANR,VSL-0068,2024-08-17 21:00:00,2024-08-24 21:00:00,2024-08-26 15:00:00,2024-09-26 21:00:00,2024-09-28 15:00:00,25,Consumer Goods,2594.75,DELAYED
SHP-02125,CUST-1182,USLAX,XXTST,VSL-0036,2024-08-25 12:00:00,2024-09-01 12:00:00,2024-09-03 19:00:00,2024-09-15 12:00:00,2024-09-20 12:00:00,33,Apparel,1390.53,DELAYED
SHP-00893,CUST-1062,NLRTM,USSAV,VSL-0068,2025-03-16 05:00:00,2025-03-26 05:00:00,2025-03-26 03:00:00,2025-04-28 05:00:00,2025-04-28 10:00:00,5,Apparel,362.2,DELIVERED
SHP-02850,CUST-1110,SGSIN,ZADUR,VSL-0054,2024-09-01 09:00:00,2024-09-09 09:00:00,2024-09-09 12:00:00,2024-10-10 09:00:00,2024-10-10 08:00:00,27,Electronics,334.35,DELIVERED
SHP-04631,CUST-1117,JPYOK,EGPSD,VSL-0071,2025-09-14 01:00:00,2025-09-24 01:00:00,2025-09-24 03:00:00,2025-10-24 01:00:00,2025-10-23 18:00:00,11,Automotive Parts,1176.44,DELIVERED
SHP-02216,CUST-1018,DEHAM,EGPSD,VSL-0041,2024-07-31 01:00:00,2024-08-12 01:00:00,2024-08-11 23:00:00,2024-09-13 01:00:00,2024-09-12 23:00:00,20,Raw Materials,2486.67,DELIVERED
SHP-04776,CUST-1157,CNSHA,INMUN,VSL-0005,2025-07-03 18:00:00,2025-07-13 18:00:00,2025-07-13 23:00:00,2025-07-17 18:00:00,2025-07-19 16:00:00,16,Furniture,146.65,DELAYED
SHP-02263,CUST-1048,KRPUS,AEDXB,VSL-0029,2025-05-23 23:00:00,2025-05-29 23:00:00,2025-05-29 22:00:00,2025-06-27 23:00:00,2025-06-28 11:00:00,10,Pharmaceuticals,2576.2,DELIVERED
SHP-02860,CUST-1072,USLGB,USNYC,VSL-0062,2024-10-23 17:00:00,2024-10-27 17:00:00,2024-10-27 20:00:00,2024-11-01 17:00:00,2024-11-01 20:00:00,7,Pharmaceuticals,2442.14,DELIVERED
SHP-03110,CUST-1021,MYPKG,GBFXT,VSL-0036,2025-05-04 15:00:00,2025-05-09 15:00:00,,2025-05-25 15:00:00,,35,Food & Beverage,2667.82,COMPLETED
SHP-04542,CUST-1007,SGSIN,ESVLC,VSL-0010,2025-03-27 19:00:00,2025-04-08 19:00:00,2025-04-09 01:00:00,2025-04-28 19:00:00,2025-04-28 15:00:00,27,Furniture,1047.53,DELIVERED
SHP-04688,CUST-1093,CNSHA,HKHKG,VSL-0069,2025-04-20 08:00:00,2025-04-23 08:00:00,2025-04-24 15:00:00,2025-05-02 08:00:00,2025-05-03 22:00:00,34,Machinery,75.08,DELAYED
SHP-03646,CUST-1144,THBKK,INMUN,VSL-0029,2024-06-05 16:00:00,2024-06-16 16:00:00,2024-06-17 02:00:00,2024-06-24 16:00:00,2024-06-28 16:00:00,30,Consumer Goods,2745.43,DELAYED
SHP-03928,CUST-1065,ESVLC,CNSZX,VSL-0023,2025-06-01 00:00:00,2025-06-15 00:00:00,2025-06-16 08:00:00,2025-07-12 00:00:00,2025-07-16 17:00:00,13,Raw Materials,2639.06,DELAYED
SHP-01816,CUST-1150,HKHKG,THBKK,VSL-0071,2025-05-31 08:00:00,2025-06-13 08:00:00,2025-06-13 11:00:00,2025-06-22 08:00:00,2025-06-22 07:00:00,4,Raw Materials,1415.52,DELIVERED
SHP-04899,CUST-1223,HKHKG,GBFXT,VSL-0056,2024-08-31 03:00:00,2024-09-10 03:00:00,,2024-09-28 03:00:00,,35,Consumer Goods,2170.63,N/A
SHP-02847,CUST-1180,BRSSZ,EGPSD,VSL-0012,2025-06-03 22:00:00,2025-06-14 22:00:00,2025-06-15 04:00:00,2025-07-07 22:00:00,2025-07-07 23:00:00,14,FURNITURE,1768.3,DELIVERED
SHP-01917,CUST-1175,CNNGB,USLGB,VSL-0011,2025-02-18 09:00:00,2025-03-03 09:00:00,2025-03-03 06:00:00,2025-03-27 09:00:00,2025-03-27 05:00:00,18,Furniture,245.51,DELIVERED
SHP-02641,CUST-1142,DEHAM,INMUN,VSL-0031,2024-07-26 08:00:00,2024-08-08 08:00:00,2024-08-09 06:00:00,2024-09-08 08:00:00,2024-09-09 15:00:00,37,Chemicals,1188.67,DELAYED
SHP-04480,CUST-1009,USNYC,BEANR,VSL-0015,2025-04-08 16:00:00,2025-04-22 16:00:00,2025-04-25 13:00:00,2025-05-20 16:00:00,2025-05-23 14:00:00,3,Electronics,1985.4,DELAYED
SHP-03187,CUST-1162,PKKAR,BEANR,VSL-0014,2025-03-10 07:00:00,2025-03-18 07:00:00,2025-03-20 04:00:00,2025-04-15 07:00:00,2025-04-20 20:00:00,18,Machinery,356.04,DELAYED
SHP-03369,CUST-1049,BRSSZ,GBFXT,VSL-0050,2025-03-25 13:00:00,2025-03-29 13:00:00,2025-03-29 13:00:00,2025-05-02 13:00:00,2025-05-02 08:00:00,37,Raw Materials,2250.43,DELIVERED
SHP-04364,CUST-1035,GBFXT,BEANR,VSL-0035,2024-12-31 06:00:00,2025-01-13 06:00:00,2025-01-13 08:00:00,2025-01-16 06:00:00,2025-01-16 06:00:00,17,Automotive Parts,1196.46,DELIVERED
SHP-03492,CUST-1111,NLRTM,INNSA,VSL-0013,2024-07-15 20:00:00,2024-07-24 20:00:00,2024-07-25 01:00:00,2024-08-21 20:00:00,2024-08-22 03:00:00,21,Consumer Goods,100.19,DELIVERED
SHP-04503,CUST-1117,INNSA,SGSIN,VSL-0007,2025-07-07 16:00:00,2025-07-21 16:00:00,2025-07-22 09:00:00,2025-07-27 16:00:00,2025-07-28 07:00:00,3,Chemicals,2469.79,DELIVERED
SHP-04278,CUST-1214,MYPKG,EGPSD,VSL-0064,2025-10-11 02:00:00,2025-10-20 02:00:00,2025-10-19 22:00:00,2025-11-15 02:00:00,2025-11-14 22:00:00,6,Consumer Goods,2754.11,DELIVERED
SHP-00439,CUST-1214,INNSA,INMUN,VSL-0033,2024-08-17 03:00:00,2024-08-26 03:00:00,2024-08-26 06:00:00,2024-09-05 03:00:00,2024-09-05 14:00:00,39,Raw Materials,1007.13,DELIVERED
SHP-04099,CUST-1122,USNYC,AEDXB,VSL-0063,2024-07-13 01:00:00,2024-07-18 01:00:00,2024-07-18 03:00:00,2024-08-02 01:00:00,2024-08-02 05:00:00,25,Food & Beverage,1831.03,DELIVERED
SHP-02100,CUST-1083,JPYOK,MYPKG,VSL-0036,2024-10-16 11:00:00,2024-10-26 11:00:00,2024-10-15 00:00:00,2024-11-01 11:00:00,2024-11-06 10:00:00,35,Apparel,1242.83,DELAYED
SHP-02118,CUST-1088,GBFXT,USLAX,VSL-0053,2024-12-28 14:00:00,2025-01-10 14:00:00,2025-01-13 08:00:00,2025-02-12 14:00:00,2025-02-17 00:00:00,9,Furniture,2373.42,DELAYED
SHP-01868,CUST-1145,CNSZX,THBKK,VSL-0045,2024-09-11 07:00:00,2024-09-22 07:00:00,,2024-09-29 07:00:00,,6,Pharmaceuticals,1089.96,Complete
SHP-01526,CUST-1018,AEDXB,ESVLC,VSL-0021,2025-03-08 19:00:00,2025-03-19 19:00:00,2025-03-22 02:00:00,2025-04-08 19:00:00,2025-04-13 14:00:00,39,Furniture,747.22,DELAYED
SHP-04188,CUST-1180,BEANR,THBKK,VSL-0018,2025-04-28 04:00:00,2025-05-06 04:00:00,2025-05-08 00:00:00,2025-06-03 04:00:00,2025-06-06 14:00:00,2,Food & Beverage,580.42,DELAYED
SHP-02734,CUST-1230,AEDXB,THBKK,VSL-0027,2024-12-03 16:00:00,2024-12-06 16:00:00,2024-12-06 14:00:00,2024-12-31 16:00:00,2024-12-31 23:00:00,28,Electronics,240.1,DELIVERED
SHP-04062,CUST-1244,CNSZX,DEHAM,VSL-0066,2025-05-10 15:00:00,2025-05-21 15:00:00,2025-05-21 15:00:00,2025-06-07 15:00:00,2025-06-07 23:00:00,21,FURNITURE,621.18,DELIVERED
SHP-00264,CUST-1071,CNSHA,CNNGB,VSL-0058,2024-12-23 17:00:00,2024-12-26 17:00:00,2024-12-26 18:00:00,2024-12-31 17:00:00,2024-12-31 21:00:00,37,Electronics,773.91,DELIVERED
SHP-04667,CUST-1169,CNSHA,INNSA,VSL-0004,2025-07-21 17:00:00,2025-08-04 17:00:00,2025-08-04 21:00:00,2025-08-14 17:00:00,2025-08-16 18:00:00,0,Machinery,71.82,DELAYED
SHP-02012,CUST-1219,DEHAM,INNSA,VSL-0048,2025-07-28 10:00:00,2025-08-07 10:00:00,2025-08-09 09:00:00,2025-08-30 10:00:00,2025-09-04 18:00:00,4,APPAREL,917.28,DELAYED
SHP-01736,CUST-1089,INMUN,AEDXB,VSL-0065,2025-03-17 16:00:00,2025-03-31 16:00:00,2025-03-31 19:00:00,2025-04-27 16:00:00,2025-04-27 13:00:00,36,Machinery,2597.73,DELIVERED
SHP-03966,CUST-1209,ZADUR,JPYOK,VSL-0047,2025-08-02 13:00:00,2025-08-10 13:00:00,2025-08-10 20:00:00,2025-09-05 13:00:00,2025-09-08 05:00:00,3,Chemicals,1604.27,DELAYED
SHP-03523,CUST-1206,DEHAM,MYPKG,VSL-0003,2024-06-06 19:00:00,2024-06-09 19:00:00,,2024-06-29 19:00:00,,21,Electronics,155.76,N/A
SHP-01720,CUST-1142,EGPSD,JPYOK,VSL-0007,2024-10-28 08:00:00,2024-11-10 08:00:00,2024-11-10 14:00:00,2024-12-15 08:00:00,2024-12-15 12:00:00,4,Chemicals,454.64,DELIVERED
SHP-00084,CUST-1178,INNSA,GBFXT,VSL-0017,2024-07-27 09:00:00,2024-07-31 09:00:00,,2024-08-25 09:00:00,,20,Food & Beverage,372.74,CANCELLED
SHP-04389,CUST-1002,USLGB,JPYOK,VSL-0048,2025-04-30 19:00:00,2025-05-06 19:00:00,2025-05-06 16:00:00,2025-06-05 19:00:00,2025-06-06 00:00:00,15,Machinery,186.68,DELIVERED
SHP-02953,CUST-1095,BRSSZ,KRPUS,VSL-0031,2024-06-15 00:00:00,2024-06-21 00:00:00,2024-06-20 22:00:00,2024-07-13 00:00:00,2024-07-13 09:00:00,15,Food & Beverage,662.9,DELIVERED
SHP-03563,CUST-1095,BRSSZ,USLAX,VSL-0054,2025-02-06 16:00:00,2025-02-18 16:00:00,2025-02-18 14:00:00,2025-02-24 16:00:00,2025-02-24 23:00:00,36,Raw Materials,1362.75,DELIVERED
SHP-01021,CUST-1068,USLAX,ZADUR,VSL-0063,2024-07-19 10:00:00,2024-07-31 10:00:00,,2024-08-15 10:00:00,,13,Consumer Goods,1889.32,Complete
SHP-01666,CUST-1220,USLAX,PKKAR,VSL-0024,2024-07-02 19:00:00,2024-07-05 19:00:00,2024-07-05 21:00:00,2024-08-08 19:00:00,2024-08-08 19:00:00,1,Machinery,945.94,DELIVERED
SHP-02027,CUST-1121,GBFXT,CNNGB,VSL-0075,2025-03-21 11:00:00,2025-04-02 11:00:00,2025-04-02 13:00:00,2025-04-28 11:00:00,2025-04-28 21:00:00,12,Machinery,921.15,DELIVERED
SHP-01445,CUST-1061,CNSZX,USLAX,VSL-0045,2025-09-08 04:00:00,2025-09-19 04:00:00,2025-09-19 03:00:00,2025-10-22 04:00:00,2025-10-21 23:00:00,20,Automotive Parts,206.2,DELIVERED
SHP-01250,CUST-1217,SGSIN,KRPUS,VSL-0050,2025-03-16 11:00:00,2025-03-30 11:00:00,,2025-04-08 11:00:00,,4,Food & Beverage,1920.29,CANCELLED
SHP-02627,CUST-1221,JPYOK,THBKK,VSL-0066,2024-10-19 17:00:00,2024-10-23 17:00:00,2024-10-23 16:00:00,2024-10-30 17:00:00,2024-10-30 23:00:00,7,Chemicals,1955.56,DELIVERED
SHP-01115,CUST-1063,KRPUS,INMUN,VSL-0007,2025-01-12 11:00:00,2025-01-22 11:00:00,2025-01-22 16:00:00,2025-01-28 11:00:00,2025-01-28 11:00:00,35,Consumer Goods,1901.43,DELIVERED
SHP-02480,CUST-1153,USLAX,KRPUS,VSL-0068,2025-05-24 10:00:00,2025-05-29 10:00:00,2025-05-29 09:00:00,2025-06-19 10:00:00,2025-06-19 18:00:00,33,Furniture,1985.33,DELIVERED
SHP-01498,CUST-1136,CNSZX,ESVLC,VSL-0051,2024-10-14 05:00:00,2024-10-27 05:00:00,2024-10-27 04:00:00,2024-11-17 05:00:00,2024-11-17 07:00:00,26,Chemicals,579.4,DELIVERED
SHP-02907,CUST-1020,BEANR,THBKK,VSL-0059,2024-10-29 13:00:00,2024-11-10 13:00:00,2024-11-10 14:00:00,2024-12-08 13:00:00,2024-12-08 15:00:00,31,Machinery,229.06,DELIVERED
SHP-01228,CUST-1209,BEANR,DEHAM,VSL-0024,2025-06-25 02:00:00,2025-07-09 02:00:00,2025-07-09 23:00:00,2025-07-18 02:00:00,2025-07-22 14:00:00,21,Electronics,191.87,DELAYED
SHP-01100,CUST-1143,GBFXT,UNKNW,VSL-0049,2025-01-05 00:00:00,2025-01-08 00:00:00,2025-01-07 23:00:00,2025-01-24 00:00:00,2025-01-23 23:00:00,1,Raw Materials,2269.99,DELIVERED
SHP-04559,CUST-1178,CNSZX,AEDXB,VSL-0020,2025-02-05 16:00:00,2025-02-11 16:00:00,2025-02-12 10:00:00,2025-03-04 16:00:00,2025-03-08 17:00:00,14,Furniture,1323.67,DELAYED
SHP-01722,CUST-1013,BEANR,CNSHA,VSL-0078,2025-08-22 19:00:00,2025-09-01 19:00:00,2025-09-01 19:00:00,2025-09-20 19:00:00,2025-09-21 02:00:00,30,Furniture,2218.83,DELIVERED
SHP-02352,CUST-1054,ZADUR,SGSIN,VSL-0004,2024-09-27 01:00:00,2024-09-30 01:00:00,2024-09-30 03:00:00,2024-10-30 01:00:00,2024-10-30 04:00:00,11,Food & Beverage,1088.69,DELIVERED
SHP-02983,CUST-1018,HKHKG,BEANR,VSL-0013,2024-08-21 03:00:00,2024-09-01 03:00:00,2024-09-01 05:00:00,2024-09-28 03:00:00,2024-09-28 08:00:00,17,Machinery,380.74,DELIVERED
SHP-04525,CUST-1231,CNNGB,MYPKG,VSL-0054,2024-12-20 21:00:00,2024-12-28 21:00:00,2024-12-28 17:00:00,2025-01-05 21:00:00,2025-01-06 00:00:00,20,Automotive Parts,,DELIVERED
SHP-00107,CUST-1225,ZADUR,PKKAR,VSL-0049,2025-02-23 18:00:00,2025-03-05 18:00:00,2025-03-05 18:00:00,2025-04-06 18:00:00,2025-04-06 11:00:00,33,Electronics,1915.5,DELIVERED
SHP-03819,CUST-1165,CNNGB,GBFXT,VSL-0048,2025-01-26 01:00:00,2025-01-30 01:00:00,2025-01-30 05:00:00,2025-02-23 01:00:00,2025-02-23 11:00:00,31,Food & Beverage,1806.41,DELIVERED
SHP-02992,CUST-1019,ZADUR,MYPKG,VSL-0071,2024-07-20 12:00:00,2024-07-23 12:00:00,2024-07-23 13:00:00,2024-08-23 12:00:00,2024-08-23 05:00:00,23,Automotive Parts,1619.3,DELIVERED
SHP-03893,CUST-1043,HKHKG,USNYC,VSL-0040,2025-03-05 22:00:00,2025-03-11 22:00:00,2025-03-12 02:00:00,2025-04-13 22:00:00,2025-04-13 17:00:00,19,Automotive Parts,2526.25,DELIVERED
SHP-03281,CUST-1164,BRSSZ,USLAX,VSL-0034,2024-12-15 08:00:00,2024-12-20 08:00:00,,2024-12-30 08:00:00,,31,Machinery,1785.43,CANCELLED
SHP-02719,CUST-1217,CNSZX,ESVLC,VSL-0048,2024-06-25 11:00:00,2024-07-03 11:00:00,,2024-08-05 11:00:00,,5,Furniture,2170.68,CANCELLED
SHP-02266,CUST-1182,PKKAR,DEHAM,VSL-0027,2025-03-13 17:00:00,2025-03-19 17:00:00,2025-03-19 23:00:00,2025-04-14 17:00:00,2025-04-15 01:00:00,37,Furniture,204.47,DELIVERED
SHP-02360,CUST-1169,USLGB,JPYOK,VSL-0014,2024-09-15 20:00:00,2024-09-29 20:00:00,2024-10-02 10:00:00,2024-10-14 20:00:00,2024-10-18 13:00:00,23, Chemicals,2225.54,DELAYED
SHP-01446,CUST-1211,USLAX,USSAV,VSL-0080,2025-05-28 12:00:00,2025-06-08 12:00:00,2025-06-10 09:00:00,2025-06-12 12:00:00,2025-06-16 12:00:00,33,Machinery,1628.96,DELAYED
SHP-01184,CUST-1140,THBKK,MYPKG,VSL-0008,2024-08-24 10:00:00,2024-09-07 10:00:00,,2024-09-15 10:00:00,,3,Automotive Parts,361.07,CANCELLED
SHP-00617,CUST-1228,GBFXT,NLRTM,VSL-0067,2025-06-07 06:00:00,2025-06-13 06:00:00,2025-06-14 03:00:00,2025-06-16 06:00:00,2025-06-18 22:00:00,36,Food & Beverage,-149.96,DELAYED
SHP-02243,CUST-1194,AEDXB,ZADUR,VSL-0049,2024-10-13 23:00:00,2024-10-24 23:00:00,2024-10-24 19:00:00,2024-11-02 23:00:00,2024-11-03 04:00:00,22,Chemicals,2755.96,DELIVERED
SHP-02919,CUST-1053,CNSHA,DEHAM,VSL-0025,2024-10-27 17:00:00,2024-11-08 17:00:00,2024-11-10 22:00:00,2024-11-28 17:00:00,2024-12-02 22:00:00,35,Furniture,230.62,DELAYED
SHP-01029,CUST-1069,SGSIN,NLRTM,VSL-0012,2024-08-02 09:00:00,2024-08-09 09:00:00,2024-08-11 15:00:00,2024-09-09 09:00:00,2024-09-13 17:00:00,17,Apparel,2669.53,DELAYED
SHP-01553,CUST-1025,ESVLC,USLAX,VSL-0016,2024-10-26 05:00:00,2024-10-31 05:00:00,2024-11-02 01:00:00,2024-12-02 05:00:00,2024-12-04 06:00:00,37,Consumer Goods,1661.93,DELAYED
SHP-04078,CUST-1150,CNSHA,USSAV,VSL-0076,2025-04-16 15:00:00,2025-04-29 15:00:00,,2025-06-03 15:00:00,,9,Automotive Parts,2309.95,COMPLETED
SHP-03963,CUST-1214,HKHKG,MYPKG,VSL-0006,2025-01-15 01:00:00,2025-01-27 01:00:00,2025-01-26 21:00:00,2025-02-03 01:00:00,2025-02-02 23:00:00,33,Chemicals,2194.41,DELIVERED
SHP-03312,CUST-1126,USNYC,MYPKG,VSL-0003,2024-07-23 12:00:00,2024-07-29 12:00:00,2024-07-29 17:00:00,2024-08-16 12:00:00,2024-08-16 16:00:00,31,Electronics,126.4,DELIVERED
SHP-01934,CUST-1215,GBFXT,INNSA,VSL-0031,2025-04-20 17:00:00,2025-04-24 17:00:00,2025-04-26 08:00:00,2025-05-23 17:00:00,2025-05-27 23:00:00,37,Electronics,2158.11,DELAYED
SHP-00035,CUST-1142,USLGB,INNSA,VSL-0052,2024-11-01 08:00:00,2024-11-09 08:00:00,2024-11-10 06:00:00,2024-12-05 08:00:00,2024-12-06 00:00:00,10,Food & Beverage,925.92,DELIVERED
SHP-04346,CUST-1111,BEANR,INMUN,VSL-0015,2024-07-28 13:00:00,2024-08-04 13:00:00,2024-08-05 12:00:00,2024-08-24 13:00:00,2024-08-28 07:00:00,31,Pharmaceuticals,326.95,DELAYED
SHP-04520,CUST-1170,PKKAR,BEANR,VSL-0020,2025-05-07 05:00:00,2025-05-10 05:00:00,2025-05-10 06:00:00,2025-06-06 05:00:00,2025-06-06 07:00:00,17,Raw Materials,349.46,DELIVERED
SHP-03462,CUST-1212,THBKK,USSAV,VSL-0055,2025-08-02 23:00:00,2025-08-13 23:00:00,2025-08-14 04:00:00,2025-09-06 23:00:00,2025-09-07 03:00:00,1,Electronics,179.42,DELIVERED
SHP-02788,CUST-1222,DEHAM,EGPSD,VSL-0035,2025-02-22 07:00:00,2025-03-06 07:00:00,2025-03-06 09:00:00,2025-03-22 07:00:00,2025-03-22 18:00:00,9,Raw Materials,,DELIVERED
SHP-00309,CUST-1171,DEHAM,EGPSD,VSL-0008,2024-10-26 10:00:00,2024-11-02 10:00:00,2024-11-03 14:00:00,2024-11-16 10:00:00,2024-11-17 21:00:00,25,FURNITURE,209.78,DELAYED
SHP-02008,CUST-1169,NLRTM,INNSA,VSL-0027,2024-06-11 01:00:00,2024-06-18 01:00:00,2024-06-18 02:00:00,2024-07-09 01:00:00,2024-07-10 15:00:00,2,Electronics,1714.28,DELAYED
SHP-00476,CUST-1109,GBFXT,ESVLC,VSL-0034,2024-07-21 13:00:00,2024-08-01 13:00:00,2024-08-04 00:00:00,2024-08-04 13:00:00,2024-08-08 10:00:00,27,Apparel,2463.22,DELAYED
SHP-00183,CUST-1049,BEANR,THBKK,VSL-0042,2025-08-31 18:00:00,2025-09-12 18:00:00,2025-09-12 23:00:00,2025-10-13 18:00:00,2025-10-13 21:00:00,5,Raw Materials,421.81,DELIVERED
SHP-02810,CUST-1182,NLRTM,GBFXT,VSL-0054,2025-09-30 03:00:00,2025-10-08 03:00:00,2025-10-08 19:00:00,2025-10-14 03:00:00,2025-10-18 03:00:00,11,Apparel,2162.28,DELAYED
SHP-04136,CUST-1211,JPYOK,ZADUR,VSL-0041,2025-02-26 05:00:00,2025-03-04 05:00:00,2025-03-04 04:00:00,2025-04-05 05:00:00,2025-04-04 21:00:00,20,Chemicals,236.24,DELIVERED
SHP-02830,CUST-1164,CNNGB,PKKAR,VSL-0066,2025-08-19 20:00:00,2025-08-27 20:00:00,2025-08-27 23:00:00,2025-09-04 20:00:00,2025-09-05 07:00:00,17,Food & Beverage,2274.13,DELIVERED
SHP-01257,CUST-1237,JPYOK,SGSIN,VSL-0049,2024-07-12 20:00:00,2024-07-21 20:00:00,2024-07-24 06:00:00,2024-07-24 20:00:00,2024-07-28 06:00:00,26,Electronics,154.73,DELAYED
SHP-00636,CUST-1153,MYPKG,EGPSD,VSL-0053,2025-03-22 18:00:00,2025-03-28 18:00:00,2025-03-28 15:00:00,2025-04-28 18:00:00,2025-04-29 06:00:00,11,Food & Beverage,1960.63,DELIVERED
SHP-01135,CUST-1197,NLRTM,USLAX,VSL-0035,2025-03-10 17:00:00,2025-03-23 17:00:00,,2025-04-17 17:00:00,,38,food & beverage,2408.14,
SHP-04945,CUST-1033,ZADUR,CNSHA,VSL-0002,2025-02-02 00:00:00,2025-02-06 00:00:00,2025-02-07 16:00:00,2025-02-26 00:00:00,2025-03-01 21:00:00,4,Electronics,1840.95,DELAYED
SHP-03895,CUST-1115,INMUN,ESVLC,VSL-0050,2024-07-01 13:00:00,2024-07-07 13:00:00,2024-07-08 00:00:00,2024-08-07 13:00:00,2024-08-09 07:00:00,29,Machinery,827.87,DELAYED
SHP-03143,CUST-1130,KRPUS,GBFXT,VSL-0047,2024-08-23 01:00:00,2024-08-30 01:00:00,2024-08-30 02:00:00,2024-09-27 01:00:00,2024-09-30 17:00:00,6,Food & Beverage,465.1,DELAYED
SHP-02302,CUST-1014,THBKK,KRPUS,VSL-0063,2025-06-13 06:00:00,2025-06-18 06:00:00,2025-06-18 04:00:00,2025-06-23 06:00:00,2025-06-23 12:00:00,28,Machinery,1336.68,DELIVERED
SHP-03230,CUST-1006,NLRTM,CNSHA,VSL-0052,2025-03-25 09:00:00,2025-04-01 09:00:00,2025-04-04 02:00:00,2025-04-25 09:00:00,2025-04-29 03:00:00,36,Food & Beverage,450.39,DELAYED
SHP-04812,CUST-1045,ZADUR,SGSIN,VSL-0021,2025-07-13 02:00:00,2025-07-21 02:00:00,2025-07-11 03:00:00,2025-08-14 02:00:00,2025-08-17 06:00:00,16,Automotive Parts,112.29,DELAYED
SHP-00602,CUST-1089,JPYOK,PKKAR,VSL-0067,2024-09-12 06:00:00,2024-09-25 06:00:00,2024-09-25 03:00:00,2024-09-28 06:00:00,2024-09-28 06:00:00,1,Pharmaceuticals,1930.83,DELIVERED
SHP-00868,CUST-1161,AEDXB,USNYC,VSL-0075,2025-06-23 16:00:00,2025-07-07 16:00:00,2025-07-07 17:00:00,2025-08-07 16:00:00,2025-08-07 16:00:00,0,Consumer Goods,1899.21,DELIVERED
SHP-03720,CUST-1021,USLAX,CNSZX,VSL-0023,2025-01-26 00:00:00,2025-02-03 00:00:00,2025-02-04 12:00:00,2025-02-24 00:00:00,2025-02-26 05:00:00,4,Furniture,2625.19,DELAYED
SHP-01292,CUST-1021,INNSA,BEANR,VSL-0014,2025-04-28 10:00:00,2025-05-09 10:00:00,2025-05-09 10:00:00,2025-05-24 10:00:00,2025-05-24 05:00:00,28,Consumer Goods,938.73,DELIVERED
SHP-03624,CUST-1027,GBFXT,USLAX,VSL-0034,2025-02-22 18:00:00,2025-03-05 18:00:00,2025-03-05 20:00:00,2025-03-31 18:00:00,2025-04-01 05:00:00,19,Chemicals,2201.18,DELIVERED
SHP-02018,CUST-1001,PKKAR,NLRTM,VSL-0043,2024-11-06 10:00:00,2024-11-20 10:00:00,2024-11-20 10:00:00,2024-12-10 10:00:00,2024-12-10 14:00:00,13,Apparel,2388.07,DELIVERED
SHP-04575,CUST-1153,ESVLC,CNNGB,VSL-0047,2025-01-31 01:00:00,2025-02-04 01:00:00,2025-02-04 06:00:00,2025-02-18 01:00:00,2025-02-17 18:00:00,16,Electronics,2314.7,DELIVERED
SHP-03544,CUST-1180,MYPKG,INNSA,VSL-0001,2025-03-21 15:00:00,2025-03-28 15:00:00,2025-03-28 21:00:00,2025-04-01 15:00:00,2025-04-01 08:00:00,25,Chemicals,787.32,DELIVERED
SHP-01204,CUST-1002,USNYC,CNSZX,VSL-0007,2024-06-04 14:00:00,2024-06-16 14:00:00,2024-06-17 17:00:00,2024-07-05 14:00:00,2024-07-07 22:00:00,19,Machinery,2092.15,DELAYED
SHP-00560,CUST-1200,JPYOK,USLAX,VSL-0062,2024-08-07 13:00:00,2024-08-13 13:00:00,2024-08-13 15:00:00,2024-09-03 13:00:00,2024-09-03 22:00:00,10,Apparel,706.06,DELIVERED
SHP-04037,CUST-1196,BEANR,BRSSZ,VSL-0023,2025-02-16 08:00:00,2025-02-28 08:00:00,2025-03-03 05:00:00,2025-04-02 08:00:00,2025-04-05 04:00:00,30,Apparel,2268.74,DELAYED
SHP-00070,CUST-1016,USLGB,DEHAM,VSL-0045,2025-04-22 09:00:00,2025-05-01 09:00:00,2025-05-04 06:00:00,2025-06-04 09:00:00,2025-06-07 11:00:00,12,Automotive Parts,1585.2,DELAYED
SHP-00122,CUST-1108,THBKK,MYPKG,VSL-0062,2025-07-10 18:00:00,2025-07-13 18:00:00,2025-07-14 05:00:00,2025-07-19 18:00:00,2025-07-21 14:00:00,11,Machinery,2654.79,DELAYED
SHP-00220,CUST-1183,GBFXT,JPYOK,VSL-0077,2025-04-30 01:00:00,2025-05-09 01:00:00,2025-05-10 04:00:00,2025-06-08 01:00:00,2025-06-12 17:00:00,18,Automotive Parts,344.29,DELAYED
SHP-01959,CUST-1114,EGPSD,USLAX,VSL-0060,2025-07-05 23:00:00,2025-07-13 23:00:00,,2025-07-31 23:00:00,,7,Apparel,668.93,
SHP-03583,CUST-1173,HKHKG,JPYOK,VSL-0068,2025-01-25 11:00:00,2025-02-02 11:00:00,2025-02-05 00:00:00,2025-02-07 11:00:00,2025-02-11 07:00:00,28,Machinery,2201.95,DELAYED
SHP-00889,CUST-1192,BRSSZ,NLRTM,VSL-0033,2025-05-05 16:00:00,2025-05-09 16:00:00,,2025-06-03 16:00:00,,26,Electronics,365.52,CANCELLED
SHP-04650,CUST-1104,PKKAR,GBFXT,VSL-0025,2025-05-11 16:00:00,2025-05-17 16:00:00,2025-05-17 22:00:00,2025-06-01 16:00:00,2025-06-01 22:00:00,8,Chemicals,1156.4,DELIVERED
SHP-00358,CUST-1248,EGPSD,BRSSZ,VSL-0064,2025-09-16 20:00:00,2025-09-26 20:00:00,2025-09-28 11:00:00,2025-10-27 20:00:00,2025-10-29 21:00:00,12,Automotive Parts,1533.99,DELAYED
SHP-03657,CUST-1214,KRPUS,SGSIN,VSL-0045,2024-09-17 22:00:00,2024-09-24 22:00:00,2024-09-27 05:00:00,2024-10-04 22:00:00,2024-10-10 12:00:00,3,Apparel,2539.29,DELAYED
SHP-01394,CUST-1247,ESVLC,BRSSZ,VSL-0004,2024-07-24 23:00:00,2024-08-04 23:00:00,2024-08-05 03:00:00,2024-08-22 23:00:00,2024-08-23 09:00:00,18,Raw Materials,1543.72,DELIVERED
SHP-04716,CUST-1114,ESVLC,INMUN,VSL-0011,2025-08-29 21:00:00,2025-09-01 21:00:00,2025-09-01 18:00:00,2025-10-02 21:00:00,2025-10-02 19:00:00,10,Food & Beverage,1059.34,DELIVERED
SHP-04873,CUST-1018,BEANR,SGSIN,VSL-0035,2025-08-12 10:00:00,2025-08-26 10:00:00,2025-08-26 14:00:00,2025-09-16 10:00:00,2025-09-16 19:00:00,37,Pharmaceuticals,98.65,DELIVERED
SHP-00600,CUST-1151,CNNGB,ESVLC,VSL-0020,2025-06-10 21:00:00,2025-06-20 21:00:00,2025-06-22 23:00:00,2025-07-25 21:00:00,2025-07-31 13:00:00,23,Automotive Parts,1544.58,DELAYED
SHP-03146,CUST-1089,JPYOK,ZADUR,VSL-0040,2024-08-17 03:00:00,2024-08-23 03:00:00,2024-08-24 05:00:00,2024-09-22 03:00:00,2024-09-26 14:00:00,9,Machinery,258.48,DELAYED
SHP-01541,CUST-1041,THBKK,EGPSD,VSL-0039,2024-09-09 02:00:00,2024-09-22 02:00:00,2024-09-22 03:00:00,2024-10-21 02:00:00,2024-10-20 23:00:00,1,Machinery,2731.09,DELIVERED
SHP-00465,CUST-1135,ZADUR,HKHKG,VSL-0015,2024-11-03 10:00:00,2024-11-17 10:00:00,2024-11-17 12:00:00,2024-12-07 10:00:00,2024-12-07 09:00:00,11,Consumer Goods,1862.44,DELIVERED
SHP-04499,CUST-1101,USNYC,USSAV,VSL-0051,2024-12-23 09:00:00,2025-01-01 09:00:00,2025-01-01 14:00:00,2025-01-08 09:00:00,2025-01-08 19:00:00,23,Raw Materials,1493.14,DELIVERED
SHP-01303,CUST-1103,AEDXB,CNSHA,VSL-0009,2025-04-01 14:00:00,2025-04-08 14:00:00,2025-04-09 18:00:00,2025-04-30 14:00:00,2025-05-04 16:00:00,10,Furniture,2269.87,DELAYED
SHP-04145,CUST-1021,GBFXT,JPYOK,VSL-0074,2024-10-20 20:00:00,2024-10-29 20:00:00,2024-11-01 20:00:00,2024-11-28 20:00:00,2024-12-05 04:00:00,24,Food & Beverage,612.13,DELAYED
SHP-01983,CUST-1163,GBFXT,PKKAR,VSL-0051,2024-08-24 14:00:00,2024-09-03 14:00:00,2024-09-03 10:00:00,2024-09-20 14:00:00,2024-09-21 02:00:00,16,Machinery,2593.92,DELIVERED
SHP-03132,CUST-1246,AEDXB,USLAX,VSL-0073,2025-01-24 07:00:00,2025-01-28 07:00:00,2025-01-30 07:00:00,2025-02-11 07:00:00,2025-02-13 08:00:00,32,Furniture,1988.76,DELAYED
SHP-02171,CUST-1110,BRSSZ,THBKK,VSL-0047,2024-09-03 18:00:00,2024-09-06 18:00:00,2024-09-06 20:00:00,2024-09-26 18:00:00,2024-09-26 12:00:00,36,Electronics,105.44,DELIVERED
SHP-00091,CUST-1017,USNYC,ESVLC,VSL-0035,2025-04-15 16:00:00,2025-04-29 16:00:00,2025-05-02 01:00:00,2025-05-17 16:00:00,2025-05-21 08:00:00,32,machinery ,1999.47,DELAYED
SHP-01954,CUST-1189,CNSZX,EGPSD,VSL-0066,2025-05-25 03:00:00,2025-06-03 03:00:00,2025-06-03 07:00:00,2025-07-03 03:00:00,2025-07-03 09:00:00,35,Electronics,93.03,DELIVERED
SHP-02149,CUST-1243,PKKAR,ESVLC,VSL-0077,2025-06-16 05:00:00,2025-06-24 05:00:00,2025-06-24 07:00:00,2025-07-12 05:00:00,2025-07-12 07:00:00,26,Chemicals,-167.56,DELIVERED
SHP-03115,CUST-1017,HKHKG,PKKAR,VSL-0033,2025-01-22 07:00:00,2025-01-28 07:00:00,2025-01-29 00:00:00,2025-02-02 07:00:00,2025-02-05 03:00:00,13,Chemicals,2046.97,DELAYED
SHP-00236,CUST-1003,BRSSZ,DEHAM,VSL-0045,2024-08-31 10:00:00,2024-09-05 10:00:00,2024-09-05 10:00:00,2024-09-29 10:00:00,2024-09-29 12:00:00,30,Automotive Parts,486.8,DELIVERED
SHP-04772,CUST-1164,USLAX,USNYC,VSL-0009,2025-04-13 13:00:00,2025-04-20 13:00:00,2025-04-20 15:00:00,2025-04-24 13:00:00,2025-04-24 13:00:00,1,Automotive Parts,1369.27,DELIVERED
SHP-03708,CUST-1031,CNNGB,USLAX,VSL-0022,2025-01-17 21:00:00,2025-01-23 21:00:00,2025-01-24 03:00:00,2025-02-26 21:00:00,2025-02-26 16:00:00,1,electronics,303.42,DELIVERED
SHP-03160,CUST-1098,JPYOK,GBFXT,VSL-0058,2025-04-07 22:00:00,2025-04-21 22:00:00,2025-04-22 14:00:00,2025-05-06 22:00:00,2025-05-10 08:00:00,1,Consumer Goods,1175.25,DELAYED
SHP-02252,CUST-1182,HKHKG,INMUN,VSL-0077,2025-01-22 19:00:00,2025-01-25 19:00:00,2025-01-27 01:00:00,2025-01-29 19:00:00,2025-02-04 01:00:00,27,Automotive Parts,165.8,DELAYED
SHP-03530,CUST-1084,CNNGB,ZADUR,VSL-0058,2025-01-08 09:00:00,2025-01-17 09:00:00,,2025-02-12 09:00:00,,27,Food & Beverage,1000.3,N/A
SHP-02783,CUST-1005,MYPKG,ESVLC,VSL-0043,2024-11-12 17:00:00,2024-11-17 17:00:00,2024-11-17 14:00:00,2024-12-14 17:00:00,2024-12-14 16:00:00,2,Raw Materials,495.25,DELIVERED
SHP-02766,CUST-1211,CNSHA,NLRTM,VSL-0058,2025-06-14 15:00:00,2025-06-27 15:00:00,2025-06-27 13:00:00,2025-08-01 15:00:00,2025-08-01 12:00:00,12,Electronics,279.1,DELIVERED
SHP-04128,CUST-1048,ESVLC,HKHKG,VSL-0030,2024-07-20 07:00:00,2024-07-23 07:00:00,2024-07-23 04:00:00,2024-08-15 07:00:00,2024-08-15 11:00:00,5,Electronics,2793.05,DELIVERED
SHP-04836,CUST-1203,MYPKG,ZADUR,VSL-0002,2025-01-30 16:00:00,2025-02-13 16:00:00,2025-02-14 09:00:00,2025-03-03 16:00:00,2025-03-05 07:00:00,21,Electronics,612.06,DELAYED
SHP-01792,CUST-1088,AEDXB,PKKAR,VSL-0019,2025-01-18 08:00:00,2025-01-31 08:00:00,2025-02-01 08:00:00,2025-03-01 08:00:00,2025-03-02 19:00:00,16,Food & Beverage,1712.36,DELAYED
SHP-02892,CUST-1067,CNSZX,DEHAM,VSL-0077,2025-08-23 00:00:00,2025-08-29 00:00:00,2025-08-29 04:00:00,2025-09-17 00:00:00,2025-09-17 07:00:00,28,Chemicals,2044.76,DELIVERED
SHP-04356,CUST-1238,HKHKG,USNYC,VSL-0068,2024-07-13 01:00:00,2024-07-25 01:00:00,,2024-08-27 01:00:00,,4,Apparel,2388.21,CANCELLED
SHP-00760,CUST-1107,CNSZX,GBFXT,VSL-0037,2025-01-08 02:00:00,2025-01-13 02:00:00,2025-01-13 05:00:00,2025-01-28 02:00:00,2025-01-28 06:00:00,17,Furniture,577.18,DELIVERED
SHP-02059,CUST-1222,INNSA,SGSIN,VSL-0069,2024-12-26 00:00:00,2025-01-02 00:00:00,,2025-01-12 00:00:00,,29,Chemicals,562.14,COMPLETED
SHP-04225,CUST-1164,EGPSD,INMUN,VSL-0041,2025-09-03 22:00:00,2025-09-11 22:00:00,2025-09-14 14:00:00,2025-09-30 22:00:00,2025-10-07 03:00:00,40,Raw Materials,856.82,DELAYED
SHP-04597,CUST-1132,PKKAR,MYPKG,VSL-0049,2025-08-03 20:00:00,2025-08-09 20:00:00,,2025-08-14 20:00:00,,1,Chemicals,2236.28,N/A
SHP-02195,CUST-1030,MYPKG,ZADUR,VSL-0001,2025-01-06 11:00:00,2025-01-17 11:00:00,2025-01-17 12:00:00,2025-02-04 11:00:00,2025-02-04 08:00:00,18,Raw Materials,1893.04,DELIVERED
SHP-03456,CUST-1166,THBKK,HKHKG,VSL-0060,2025-02-25 10:00:00,2025-03-06 10:00:00,2025-03-08 07:00:00,2025-03-13 10:00:00,2025-03-18 16:00:00,4,Automotive parts,2792.76,DELAYED
SHP-02943,CUST-1125,CNSHA,BRSSZ,VSL-0039,2024-08-21 06:00:00,2024-08-31 06:00:00,2024-08-31 07:00:00,2024-09-15 06:00:00,2024-09-15 15:00:00,35,Automotive Parts,1727.25,DELIVERED
SHP-03651,CUST-1082,CNSZX,USLAX,VSL-0025,2024-08-26 03:00:00,2024-09-02 03:00:00,,2024-09-28 03:00:00,,15,Apparel,525.44,Complete
SHP-02495,CUST-1051,SGSIN,ZADUR,VSL-0044,2025-06-25 09:00:00,2025-07-04 09:00:00,2025-07-04 19:00:00,2025-07-25 09:00:00,2025-07-25 23:00:00,8,Automotive Parts,1031.59,DELIVERED
SHP-03728,CUST-1093,USLAX,CNSZX,VSL-0020,2025-07-10 10:00:00,2025-07-22 10:00:00,2025-07-23 00:00:00,2025-08-12 10:00:00,2025-08-14 00:00:00,20,Automotive Parts,1229.67,DELAYED
SHP-02088,CUST-1029,USNYC,CNSZX,VSL-0022,2024-08-08 21:00:00,2024-08-14 21:00:00,2024-08-14 17:00:00,2024-09-12 21:00:00,2024-09-13 00:00:00,2,Chemicals,471.75,DELIVERED
SHP-00687,CUST-1095,USLAX,BEANR,VSL-0067,2024-12-20 03:00:00,2025-01-03 03:00:00,2025-01-05 04:00:00,2025-02-03 03:00:00,2025-02-07 20:00:00,18,Apparel,923.3,DELAYED
SHP-01141,CUST-1178,CNSHA,AEDXB,VSL-0026,2024-09-11 16:00:00,2024-09-21 16:00:00,2024-09-21 17:00:00,2024-10-23 16:00:00,2024-10-23 21:00:00,36,Food & Beverage,1142.04,DELIVERED
SHP-04648,CUST-1160,CNSHA,USLAX,VSL-0047,2025-01-02 05:00:00,2025-01-13 05:00:00,2025-01-14 19:00:00,2025-01-30 05:00:00,2025-02-02 12:00:00,40,Pharmaceuticals,1268.44,DELAYED
SHP-03425,CUST-1232,USLGB,INMUN,VSL-0035,2024-11-19 10:00:00,2024-11-23 10:00:00,2024-11-23 12:00:00,2024-12-22 10:00:00,2024-12-22 19:00:00,16,Automotive Parts,702.72,DELIVERED
SHP-01095,CUST-1003,ESVLC,BRSSZ,VSL-0042,2024-10-29 20:00:00,2024-11-09 20:00:00,2024-11-09 19:00:00,2024-12-11 20:00:00,2024-12-11 17:00:00,8,Machinery,640.43,DELIVERED
SHP-03981,CUST-1100,GBFXT,THBKK,VSL-0023,2024-10-24 18:00:00,2024-10-28 18:00:00,,2024-11-15 18:00:00,,16,Pharmaceuticals,1817.82,CANCELLED
SHP-02341,CUST-1191,AEDXB,INNSA,VSL-0043,2025-01-25 17:00:00,2025-01-30 17:00:00,2025-01-30 23:00:00,2025-02-22 17:00:00,2025-02-22 16:00:00,13,Chemicals,1356.72,DELIVERED
SHP-04915,CUST-1196,ESVLC,INMUN,VSL-0054,2024-08-31 15:00:00,2024-09-12 15:00:00,2024-09-12 12:00:00,2024-10-08 15:00:00,2024-10-09 02:00:00,10,Consumer Goods,581.52,DELIVERED
SHP-04454,CUST-1118,CNNGB,GBFXT,VSL-0071,2025-02-10 23:00:00,2025-02-18 23:00:00,2025-02-20 15:00:00,2025-03-11 23:00:00,2025-03-16 07:00:00,16,Apparel,764.3,DELAYED
SHP-02083,CUST-1161,KRPUS,JPYOK,VSL-0079,2024-08-01 02:00:00,2024-08-05 02:00:00,2024-08-06 08:00:00,2024-08-08 02:00:00,2024-08-12 05:00:00,20,Electronics,212.24,DELAYED
SHP-00400,CUST-1167,CNSHA,GBFXT,VSL-0028,2024-09-24 08:00:00,2024-09-28 08:00:00,2024-09-28 08:00:00,2024-11-01 08:00:00,2024-11-01 09:00:00,23,Automotive Parts,2083.28,DELIVERED
SHP-01725,CUST-1210,BEANR,AEDXB,VSL-0063,2025-03-04 09:00:00,2025-03-18 09:00:00,2025-03-18 09:00:00,2025-04-16 09:00:00,2025-04-16 17:00:00,22,Chemicals,1245.85,DELIVERED
SHP-03972,CUST-1048,DEHAM,ESVLC,VSL-0078,2025-06-28 00:00:00,2025-07-02 00:00:00,2025-07-03 22:00:00,2025-07-10 00:00:00,2025-07-13 18:00:00,16,Food & Beverage,424.42,DELAYED
SHP-04605,CUST-1080,CNSHA,CNSZX,VSL-0013,2025-08-19 13:00:00,2025-08-23 13:00:00,2025-08-23 13:00:00,2025-08-27 13:00:00,2025-08-27 07:00:00,21,Pharmaceuticals,347.85,DELIVERED
SHP-01187,CUST-1139,ESVLC,KRPUS,VSL-0011,2024-06-12 08:00:00,2024-06-18 08:00:00,2024-06-18 10:00:00,2024-07-18 08:00:00,2024-07-18 08:00:00,20,Pharmaceuticals,2586.15,DELIVERED
SHP-01190,CUST-1092,BRSSZ,EGPSD,VSL-0059,2025-09-23 21:00:00,2025-10-06 21:00:00,2025-10-08 14:00:00,2025-11-03 21:00:00,2025-11-09 06:00:00,8,Chemicals,2347.81,DELAYED
SHP-03989,CUST-1117,INMUN,AEDXB,VSL-0044,2024-11-04 15:00:00,2024-11-18 15:00:00,2024-11-20 10:00:00,2024-12-19 15:00:00,2024-12-25 05:00:00,15,Raw Materials,2187.11,DELAYED
SHP-03262,CUST-1046,BEANR,INMUN,VSL-0004,2024-08-15 20:00:00,2024-08-24 20:00:00,2024-08-24 17:00:00,2024-09-20 20:00:00,2024-09-21 04:00:00,28,Automotive Parts,2200.53,DELIVERED
SHP-04664,CUST-1081,CNNGB,NLRTM,VSL-0067,2025-06-26 16:00:00,2025-06-29 16:00:00,2025-07-02 10:00:00,2025-07-26 16:00:00,2025-08-01 10:00:00,37,Automotive Parts,1233.05,DELAYED
SHP-02838,CUST-1170,CNSZX,KRPUS,VSL-0002,2024-06-04 01:00:00,2024-06-14 01:00:00,2024-06-14 04:00:00,2024-06-24 01:00:00,2024-06-24 01:00:00,6,Machinery,1679.13,DELIVERED
SHP-03959,CUST-1106,NLRTM,USLAX,VSL-0001,2024-08-19 01:00:00,2024-08-24 01:00:00,2024-08-26 18:00:00,2024-09-07 01:00:00,2024-09-12 19:00:00,4,Automotive Parts,596.34,DELAYED
SHP-01067,CUST-1187,INNSA,INMUN,VSL-0071,2025-07-23 04:00:00,2025-08-03 04:00:00,2025-08-03 06:00:00,2025-08-09 04:00:00,2025-08-09 07:00:00,9,Food & Beverage,2570.21,DELIVERED
SHP-00628,CUST-1133,USNYC,BEANR,VSL-0051,2025-03-17 04:00:00,2025-03-21 04:00:00,2025-03-21 22:00:00,2025-04-15 04:00:00,2025-04-17 12:00:00,38,Chemicals,1808.25,DELAYED
SHP-02829,CUST-1187,AEDXB,BRSSZ,VSL-0067,2024-09-29 07:00:00,2024-10-13 07:00:00,2024-10-13 04:00:00,2024-11-10 07:00:00,2024-11-10 10:00:00,32,Apparel,1118.1,DELIVERED
SHP-00340,CUST-1248,GBFXT,KRPUS,VSL-0049,2025-04-23 04:00:00,2025-05-05 04:00:00,2025-05-05 14:00:00,2025-05-24 04:00:00,2025-05-24 16:00:00,4,Automotive Parts,1912.7,DELIVERED
SHP-01172,CUST-1194,USNYC,KRPUS,VSL-0075,2025-01-09 08:00:00,2025-01-23 08:00:00,2025-01-23 04:00:00,2025-02-12 08:00:00,2025-02-12 06:00:00,33,Pharmaceuticals,555.13,DELIVERED
SHP-03740,CUST-1227,USLAX,AEDXB,VSL-0078,2025-08-16 20:00:00,2025-08-22 20:00:00,2025-08-22 20:00:00,2025-09-06 20:00:00,2025-09-06 13:00:00,21,Raw Materials,812.78,DELIVERED
SHP-00040,CUST-1087,BRSSZ,JPYOK,VSL-0048,2024-09-18 16:00:00,2024-09-21 16:00:00,2024-09-21 17:00:00,2024-10-10 16:00:00,2024-10-10 18:00:00,26,food & beverage,163.07,DELIVERED
SHP-03511,CUST-1068,USSAV,GBFXT,VSL-0042,2024-10-26 05:00:00,2024-10-30 05:00:00,2024-10-30 09:00:00,2024-11-29 05:00:00,2024-11-28 23:00:00,16,Electronics,324.81,DELIVERED
SHP-01787,CUST-1068,GBFXT,BEANR,VSL-0077,2025-03-23 01:00:00,2025-03-28 01:00:00,2025-03-21 04:00:00,2025-04-01 01:00:00,2025-04-04 10:00:00,37,Machinery,2125.02,DELAYED
SHP-03507,CUST-1093,USNYC,HKHKG,VSL-0039,2024-11-14 02:00:00,2024-11-17 02:00:00,2024-11-19 20:00:00,2024-12-15 02:00:00,2024-12-19 08:00:00,10,Automotive Parts,1542.21,DELAYED
SHP-01551,CUST-1162,KRPUS,BEANR,VSL-0036,2025-01-28 20:00:00,2025-02-07 20:00:00,2025-02-07 17:00:00,2025-02-26 20:00:00,2025-02-27 01:00:00,7,Furniture,166.11,DELIVERED
SHP-01523,CUST-1125,THBKK,SGSIN,VSL-0066,2024-09-10 10:00:00,2024-09-17 10:00:00,2024-09-17 15:00:00,2024-09-23 10:00:00,2024-09-23 21:00:00,10,Consumer Goods,1220.22,DELIVERED
SHP-01408,CUST-1042,HKHKG,EGPSD,VSL-0068,2025-03-09 23:00:00,2025-03-14 23:00:00,2025-03-15 03:00:00,2025-03-30 23:00:00,2025-03-30 20:00:00,19,Apparel,,DELIVERED
SHP-01802,CUST-1200,NLRTM,USLGB,VSL-0049,2025-09-10 22:00:00,2025-09-15 22:00:00,,2025-10-16 22:00:00,,28,Apparel,961.38,COMPLETED
SHP-03589,CUST-1237,USSAV,INMUN,VSL-0008,2024-12-23 20:00:00,2025-01-01 20:00:00,2025-01-02 00:00:00,2025-02-01 20:00:00,2025-02-01 15:00:00,2,Furniture,1873.04,DELIVERED
SHP-03068,CUST-1228,HKHKG,CNNGB,VSL-0049,2024-12-16 03:00:00,2024-12-24 03:00:00,2024-12-24 23:00:00,2025-01-01 03:00:00,2025-01-04 05:00:00,38,Pharmaceuticals,391.17,DELAYED
SHP-04802,CUST-1031,INNSA,JPYOK,VSL-0012,2025-05-23 20:00:00,2025-05-26 20:00:00,,2025-06-04 20:00:00,,4,Machinery,2049.98,CANCELLED
SHP-01041,CUST-1204,CNNGB,BEANR,VSL-0056,2024-07-15 02:00:00,2024-07-29 02:00:00,2024-07-30 11:00:00,2024-08-15 02:00:00,2024-08-20 03:00:00,17,Raw Materials,257.18,DELAYED
SHP-03694,CUST-1199,INNSA,EGPSD,VSL-0014,2024-11-28 07:00:00,2024-12-11 07:00:00,2024-12-12 14:00:00,2025-01-12 07:00:00,2025-01-16 19:00:00,14,Furniture,1323.96,DELAYED
SHP-03961,CUST-1154,USLGB,ESVLC,VSL-0013,2024-08-08 20:00:00,2024-08-21 20:00:00,2024-08-22 00:00:00,2024-09-14 20:00:00,2024-09-15 01:00:00,1,Chemicals,1314.41,DELIVERED
SHP-03647,CUST-1030,INMUN,KRPUS,VSL-0049,2025-07-12 23:00:00,2025-07-16 23:00:00,2025-07-16 20:00:00,2025-07-26 23:00:00,2025-07-27 02:00:00,18,,1316.58,DELIVERED
SHP-03409,CUST-1085,USLGB,HKHKG,VSL-0019,2024-08-18 23:00:00,2024-08-24 23:00:00,2024-08-27 09:00:00,2024-09-19 23:00:00,2024-09-25 07:00:00,37,Apparel,537.15,DELAYED
SHP-01578,CUST-1161,ZZZZZ,CNNGB,VSL-0017,2025-06-15 23:00:00,2025-06-19 23:00:00,2025-06-19 23:00:00,2025-07-17 23:00:00,2025-07-18 07:00:00,7,Raw Materials,2483.34,DELIVERED
SHP-00876,CUST-1082,GBFXT,USLAX,VSL-0074,2024-07-22 05:00:00,2024-08-01 05:00:00,2024-08-03 06:00:00,2024-08-31 05:00:00,2024-09-02 00:00:00,4,Food & Beverage,1539.62,DELAYED
SHP-03724,CUST-1067,CNSZX,USLAX,VSL-0064,2024-07-05 00:00:00,2024-07-16 00:00:00,2024-07-16 05:00:00,2024-08-10 00:00:00,2024-08-10 00:00:00,17,Raw Materials,1824.77,DELIVERED
SHP-04847,CUST-1063,BEANR,ZADUR,VSL-0049,2025-01-26 22:00:00,2025-01-29 22:00:00,2025-01-29 20:00:00,2025-02-15 22:00:00,2025-02-15 19:00:00,34,Consumer Goods,1573.03,DELIVERED
SHP-02325,CUST-1004,USSAV,KRPUS,VSL-0017,2025-03-07 23:00:00,2025-03-15 23:00:00,2025-03-16 02:00:00,2025-04-10 23:00:00,2025-04-10 21:00:00,13,Automotive Parts,2046.27,DELIVERED
SHP-04835,CUST-1106,ZADUR,USSAV,VSL-0041,2025-10-08 20:00:00,2025-10-16 20:00:00,2025-10-16 23:00:00,2025-11-07 20:00:00,2025-11-08 01:00:00,20,Apparel,1738.84,DELIVERED
SHP-00769,CUST-1099,PKKAR,BEANR,VSL-0029,2025-01-04 20:00:00,2025-01-15 20:00:00,2025-01-15 18:00:00,2025-02-10 20:00:00,2025-02-11 06:00:00,12,Chemicals,1459.02,DELIVERED
SHP-03560,CUST-1040,ESVLC,JPYOK,VSL-0054,2025-03-03 09:00:00,2025-03-16 09:00:00,2025-03-18 19:00:00,2025-04-20 09:00:00,2025-04-24 12:00:00,5,Electronics,360.94,DELAYED
SHP-04297,CUST-1148,NLRTM,BRSSZ,VSL-0075,2025-07-13 12:00:00,2025-07-27 12:00:00,2025-07-27 14:00:00,2025-08-25 12:00:00,2025-08-25 10:00:00,27,Chemicals,91.99,DELIVERED
SHP-01470,CUST-1122,ESVLC,KRPUS,VSL-0062,2025-03-18 01:00:00,2025-03-21 01:00:00,2025-03-22 12:00:00,2025-04-25 01:00:00,2025-04-29 20:00:00,31,Automotive Parts,1275.55,DELAYED
SHP-01497,CUST-1074,PKKAR,ESVLC,VSL-0044,2025-06-13 21:00:00,2025-06-17 21:00:00,2025-06-19 18:00:00,2025-07-03 21:00:00,2025-07-09 09:00:00,18,Pharmaceuticals,1404.5,DELAYED
SHP-00275,CUST-1025,MYPKG,GBFXT,VSL-0013,2025-10-13 10:00:00,2025-10-27 10:00:00,2025-10-27 22:00:00,2025-11-14 10:00:00,2025-11-18 11:00:00,37,,711.99,DELAYED
SHP-03219,CUST-1223,USLGB,ZADUR,VSL-0010,2025-01-18 04:00:00,2025-01-22 04:00:00,2025-01-22 10:00:00,2025-02-15 04:00:00,2025-02-14 23:00:00,40,Consumer Goods,1618.26,DELIVERED
SHP-04585,CUST-1007,EGPSD,AEDXB,VSL-0069,2024-11-20 11:00:00,2024-11-29 11:00:00,2024-12-01 06:00:00,2024-12-04 11:00:00,2024-12-07 06:00:00,36,Chemicals,1011.02,DELAYED
SHP-03821,CUST-1059,INMUN,USLGB,VSL-0033,2025-04-03 18:00:00,2025-04-06 18:00:00,,2025-04-24 18:00:00,,37,Machinery,1928.7,CANCELLED
SHP-01763,CUST-1203,INMUN,HKHKG,VSL-0037,2025-05-23 02:00:00,2025-06-03 02:00:00,2025-06-04 19:00:00,2025-06-10 02:00:00,2025-06-14 08:00:00,31,Automotive Parts,297.96,DELAYED
SHP-03497,CUST-1215,JPYOK,PKKAR,VSL-0068,2024-08-22 17:00:00,2024-08-27 17:00:00,2024-08-27 14:00:00,2024-09-05 17:00:00,2024-09-06 04:00:00,6,Apparel,2148.4,DELIVERED
SHP-03003,CUST-1191,USSAV,SGSIN,VSL-0012,2024-12-15 12:00:00,2024-12-24 12:00:00,2024-12-24 13:00:00,2025-01-08 12:00:00,2025-01-08 12:00:00,7,Food & Beverage,2081.49,DELIVERED
SHP-03222,CUST-1143,GBFXT,PKKAR,VSL-0025,2024-07-12 22:00:00,2024-07-24 22:00:00,2024-07-24 23:00:00,2024-08-14 22:00:00,2024-08-14 16:00:00,34,Electronics,179.68,DELIVERED
SHP-02587,CUST-1077,CNSHA,NLRTM,VSL-0050,2025-05-31 13:00:00,2025-06-04 13:00:00,2025-06-04 13:00:00,2025-06-25 13:00:00,2025-06-25 16:00:00,28,Raw Materials,528.29,DELIVERED
SHP-01737,CUST-1227,DEHAM,GBFXT,VSL-0070,2025-07-24 05:00:00,2025-07-28 05:00:00,2025-07-28 05:00:00,2025-07-31 05:00:00,2025-07-31 11:00:00,21,Electronics,2636.95,DELIVERED
SHP-03054,CUST-1249,CNSZX,JPYOK,VSL-0030,2025-09-08 17:00:00,2025-09-13 17:00:00,2025-09-13 17:00:00,2025-09-21 17:00:00,2025-09-22 05:00:00,4,Chemicals,2284.55,DELIVERED
SHP-02962,CUST-1032,SGSIN,INNSA,VSL-0055,2024-11-06 19:00:00,2024-11-09 19:00:00,2024-11-10 00:00:00,2024-11-12 19:00:00,2024-11-12 23:00:00,25,Automotive Parts,482.41,DELIVERED
SHP-01626,CUST-1169,AEDXB,CNNGB,VSL-0020,2024-11-05 22:00:00,2024-11-16 22:00:00,2024-11-17 00:00:00,2024-12-06 22:00:00,2024-12-06 23:00:00,34,Pharmaceuticals,2295.85,DELIVERED
SHP-03340,CUST-1189,USLAX,USNYC,VSL-0035,2025-01-20 13:00:00,2025-01-23 13:00:00,2025-01-23 11:00:00,2025-01-28 13:00:00,2025-01-28 19:00:00,23,Food & Beverage,400.64,DELIVERED
SHP-00161,CUST-1109,INMUN,ZADUR,VSL-0010,2025-08-24 09:00:00,2025-08-31 09:00:00,2025-08-31 11:00:00,2025-09-24 09:00:00,2025-09-24 06:00:00,13,Electronics,1419.0,DELIVERED
SHP-04203,CUST-1022,THBKK,INNSA,VSL-0025,2025-08-06 16:00:00,2025-08-19 16:00:00,2025-08-19 13:00:00,2025-08-27 16:00:00,2025-08-27 16:00:00,1,Pharmaceuticals,218.94,DELIVERED
SHP-04854,CUST-1037,HKHKG,DEHAM,VSL-0019,2024-06-05 05:00:00,2024-06-09 05:00:00,2024-06-09 03:00:00,2024-07-11 05:00:00,2024-07-11 10:00:00,11,Automotive Parts,2037.82,DELIVERED
SHP-03517,CUST-1193,MYPKG,INNSA,VSL-0042,2025-09-11 09:00:00,2025-09-24 09:00:00,2025-09-26 07:00:00,2025-09-27 09:00:00,2025-10-02 20:00:00,12,Raw Materials,1821.11,DELAYED
SHP-01715,CUST-1068,INMUN,USSAV,VSL-0065,2025-06-19 03:00:00,2025-06-24 03:00:00,2025-06-24 02:00:00,2025-07-25 03:00:00,2025-07-25 15:00:00,31,Food & Beverage,,DELIVERED
SHP-01703,CUST-1190,AEDXB,INNSA,VSL-0071,2025-07-10 15:00:00,2025-07-23 15:00:00,2025-07-26 05:00:00,2025-08-06 15:00:00,2025-08-09 03:00:00,22,Electronics,910.63,DELAYED
SHP-02001,CUST-1223,KRPUS,HKHKG,VSL-0077,2024-07-16 10:00:00,2024-07-26 10:00:00,2024-07-26 11:00:00,2024-07-29 10:00:00,2024-07-29 05:00:00,13,Raw Materials,1676.86,DELIVERED
SHP-00352,CUST-1140,USSAV,KRPUS,VSL-0069,2025-01-12 05:00:00,2025-01-26 05:00:00,2025-01-26 02:00:00,2025-02-18 05:00:00,2025-02-18 12:00:00,2,Furniture,1720.56,DELIVERED
SHP-03447,CUST-1082,HKHKG,BEANR,VSL-0058,2024-10-28 18:00:00,2024-11-09 18:00:00,2024-11-09 14:00:00,2024-11-28 18:00:00,2024-11-29 03:00:00,4,Electronics,-161.82,DELIVERED
SHP-02475,CUST-1065,SGSIN,INNSA,VSL-0063,2025-06-15 09:00:00,2025-06-24 09:00:00,2025-06-26 01:00:00,2025-06-27 09:00:00,2025-07-01 14:00:00,35,Food & Beverage,547.17,DELAYED
SHP-03737,CUST-1015,KRPUS,INMUN,VSL-0069,2025-04-16 17:00:00,2025-04-22 17:00:00,2025-04-23 06:00:00,2025-04-28 17:00:00,2025-04-30 10:00:00,39,Electronics,2477.91,DELAYED
SHP-04624,CUST-1127,INMUN,CNSZX,VSL-0030,2025-01-04 21:00:00,2025-01-08 21:00:00,2025-01-11 05:00:00,2025-01-16 21:00:00,2025-01-20 01:00:00,8,Automotive Parts,2102.65,DELAYED
SHP-01639,CUST-1207,KRPUS,AEDXB,VSL-0037,2024-10-12 03:00:00,2024-10-22 03:00:00,2024-10-23 11:00:00,2024-11-16 03:00:00,2024-11-21 00:00:00,16,Electronics,2438.02,DELAYED
SHP-00384,CUST-1091,ESVLC,CNNGB,VSL-0079,2024-07-05 05:00:00,2024-07-19 05:00:00,2024-07-19 06:00:00,2024-08-09 05:00:00,2024-08-10 11:00:00,16,machinery ,180.48,DELAYED
SHP-03181,CUST-1059,USLAX,SGSIN,VSL-0076,2024-07-11 14:00:00,2024-07-19 14:00:00,2024-07-19 14:00:00,2024-08-15 14:00:00,2024-08-15 19:00:00,11,Raw Materials,2038.15,DELIVERED
SHP-03881,CUST-1123,MYPKG,SGSIN,VSL-0036,2025-06-30 17:00:00,2025-07-07 17:00:00,2025-07-07 18:00:00,2025-07-11 17:00:00,2025-07-12 00:00:00,18,Raw Materials,,DELIVERED
SHP-04315,CUST-1106,CNNGB,USLGB,VSL-0041,2025-02-28 06:00:00,2025-03-06 06:00:00,2025-03-06 04:00:00,2025-03-28 06:00:00,2025-03-28 10:00:00,23,Apparel,1937.17,DELIVERED
SHP-03510,CUST-1222,HKHKG,KRPUS,VSL-0012,2025-09-22 21:00:00,2025-09-28 21:00:00,2025-09-28 21:00:00,2025-10-01 21:00:00,2025-10-02 06:00:00,15,Chemicals,216.2,DELIVERED
SHP-02119,CUST-1057,CNSHA,NLRTM,VSL-0052,2025-08-28 12:00:00,2025-09-05 12:00:00,2025-09-07 08:00:00,2025-10-04 12:00:00,2025-10-09 04:00:00,29,Electronics,1846.77,DELAYED
SHP-01704,CUST-1105,USLAX,INNSA,VSL-0080,2025-01-13 16:00:00,2025-01-21 16:00:00,,2025-02-23 16:00:00,,1,Pharmaceuticals,1934.26,CANCELLED
SHP-04162,CUST-1241,THBKK,DEHAM,VSL-0030,2024-12-15 20:00:00,2024-12-22 20:00:00,2024-12-22 20:00:00,2025-01-21 20:00:00,2025-01-22 05:00:00,25,Apparel,1037.4,DELIVERED
SHP-02312,CUST-1090,NLRTM,MYPKG,VSL-0017,2025-08-17 01:00:00,2025-08-23 01:00:00,2025-08-23 06:00:00,2025-09-07 01:00:00,2025-09-08 04:00:00,28,Consumer Goods,2220.9,DELAYED
SHP-02017,CUST-1078,HKHKG,JPYOK,VSL-0026,2024-12-14 23:00:00,2024-12-18 23:00:00,2024-12-18 23:00:00,2024-12-21 23:00:00,2024-12-22 04:00:00,34,Electronics,2638.8,DELIVERED
SHP-03750,CUST-1052,JPYOK,BEANR,VSL-0035,2025-04-03 15:00:00,2025-04-06 15:00:00,2025-04-09 14:00:00,2025-05-10 15:00:00,2025-05-16 20:00:00,16,Pharmaceuticals,1339.96,DELAYED
SHP-01676,CUST-1007,GBFXT,JPYOK,VSL-0057,2024-08-06 01:00:00,2024-08-18 01:00:00,2024-08-18 04:00:00,2024-09-04 01:00:00,2024-09-03 21:00:00,12,Food & Beverage,1364.05,DELIVERED
SHP-03305,CUST-1212,SGSIN,USNYC,VSL-0032,2024-11-30 02:00:00,2024-12-14 02:00:00,2024-12-15 13:00:00,2025-01-08 02:00:00,2025-01-11 08:00:00,7,Chemicals,2336.54,DELAYED
SHP-01828,CUST-1096,USNYC,SGSIN,VSL-0027,2025-09-15 16:00:00,2025-09-21 16:00:00,2025-09-24 14:00:00,2025-10-07 16:00:00,2025-10-10 16:00:00,8,Consumer Goods,1346.66,DELAYED
SHP-03355,CUST-1160,ZADUR,EGPSD,VSL-0073,2024-11-12 08:00:00,2024-11-23 08:00:00,2024-11-23 11:00:00,2024-11-30 08:00:00,2024-11-30 11:00:00,9,Apparel,2352.6,DELIVERED
SHP-04400,CUST-1238,CNSHA,INMUN,VSL-0004,2025-04-29 15:00:00,2025-05-06 15:00:00,2025-05-07 02:00:00,2025-05-12 15:00:00,2025-05-13 07:00:00,21,Food & Beverage,2180.14,DELIVERED
SHP-00009,CUST-1084,ZADUR,BRSSZ,VSL-0059,2025-06-29 09:00:00,2025-07-05 09:00:00,2025-07-05 14:00:00,2025-07-19 09:00:00,2025-07-19 15:00:00,26,Pharmaceuticals,1631.01,DELIVERED
SHP-03499,CUST-1092,GBFXT,KRPUS,VSL-0026,2025-03-23 10:00:00,2025-04-02 10:00:00,2025-04-03 06:00:00,2025-05-04 10:00:00,2025-05-06 18:00:00,6,Automotive parts,2346.04,DELAYED
SHP-00021,CUST-1154,GBFXT,USSAV,VSL-0003,2025-08-23 12:00:00,2025-09-03 12:00:00,2025-09-03 12:00:00,2025-10-07 12:00:00,2025-10-07 20:00:00,14,Chemicals,795.2,DELIVERED
SHP-01624,CUST-1237,AEDXB,EGPSD,VSL-0022,2024-08-10 17:00:00,2024-08-17 17:00:00,2024-08-17 13:00:00,2024-08-23 17:00:00,2024-08-23 16:00:00,20,Food & Beverage,1517.5,DELIVERED
SHP-00533,CUST-1079,ESVLC,NLRTM,VSL-0028,2024-12-23 23:00:00,2025-01-06 23:00:00,2025-01-07 04:00:00,2025-01-13 23:00:00,2025-01-14 06:00:00,38,Chemicals,438.48,DELIVERED
SHP-02170,CUST-1106,CNSZX,KRPUS,VSL-0021,2025-03-15 02:00:00,2025-03-20 02:00:00,2025-03-22 22:00:00,2025-03-26 02:00:00,2025-04-01 07:00:00,27,Furniture,484.31,DELAYED
SHP-00216,CUST-1041,EGPSD,SGSIN,VSL-0032,2024-06-14 08:00:00,2024-06-23 08:00:00,2024-06-23 07:00:00,2024-07-23 08:00:00,2024-07-23 19:00:00,30,Chemicals,91.18,DELIVERED
SHP-01789,CUST-1092,CNSZX,CNNGB,VSL-0028,2025-08-01 21:00:00,2025-08-12 21:00:00,,2025-08-22 21:00:00,,12,Food & Beverage,498.04,N/A
SHP-00797,CUST-1009,PKKAR,EGPSD,VSL-0032,2024-09-20 14:00:00,2024-09-29 14:00:00,,2024-10-30 14:00:00,,22,Raw Materials,2229.47,Complete
SHP-04830,CUST-1003,INNSA,ZADUR,VSL-0041,2024-09-06 04:00:00,2024-09-09 04:00:00,2024-09-09 19:00:00,2024-10-10 04:00:00,2024-10-11 00:00:00,12,Machinery,347.45,DELIVERED
SHP-03277,CUST-1103,NLRTM,USLAX,VSL-0004,2025-02-01 22:00:00,2025-02-12 22:00:00,2025-02-13 04:00:00,2025-03-17 22:00:00,2025-03-18 05:00:00,4,Electronics,2155.85,DELIVERED
SHP-04239,CUST-1203,CNNGB,NLRTM,VSL-0006,2025-04-16 14:00:00,2025-04-20 14:00:00,2025-04-20 20:00:00,2025-05-09 14:00:00,2025-05-09 14:00:00,33,Apparel,1991.05,DELIVERED
SHP-04138,CUST-1215,CNNGB,USLGB,VSL-0013,2024-06-10 07:00:00,2024-06-21 07:00:00,2024-06-21 22:00:00,2024-07-23 07:00:00,2024-07-27 15:00:00,5,Food & Beverage,972.68,DELAYED
SHP-00097,CUST-1213,INMUN,BRSSZ,VSL-0002,2025-01-09 02:00:00,2025-01-22 02:00:00,2025-01-22 01:00:00,2025-02-20 02:00:00,2025-02-20 09:00:00,2,Food & Beverage,2642.71,DELIVERED
SHP-03399,CUST-1211,JPYOK,AEDXB,VSL-0076,2025-06-07 12:00:00,2025-06-18 12:00:00,2025-06-18 08:00:00,2025-07-13 12:00:00,2025-07-13 07:00:00,32,Apparel,2013.66,DELIVERED
SHP-03351,CUST-1173,HKHKG,GBFXT,VSL-0030,2025-05-04 02:00:00,2025-05-14 02:00:00,2025-05-14 00:00:00,2025-06-12 02:00:00,2025-06-12 11:00:00,20,Machinery,980.05,DELIVERED
SHP-02437,CUST-1074,DEHAM,USSAV,VSL-0006,2025-09-28 04:00:00,2025-10-07 04:00:00,2025-10-09 12:00:00,2025-11-11 04:00:00,2025-11-13 14:00:00,23,Electronics,795.62,DELAYED
SHP-01205,CUST-1016,KRPUS,CNSHA,VSL-0030,2024-09-03 00:00:00,2024-09-16 00:00:00,,2024-09-24 00:00:00,,23,Apparel,62.75,N/A
SHP-04791,CUST-1171,HKHKG,GBFXT,VSL-0015,2025-03-26 19:00:00,2025-04-08 19:00:00,2025-04-08 23:00:00,2025-05-09 19:00:00,2025-05-09 19:00:00,28,Electronics,2196.75,DELIVERED
SHP-00505,CUST-1170,KRPUS,THBKK,VSL-0003,2025-08-18 20:00:00,2025-09-01 20:00:00,2025-09-01 19:00:00,2025-09-11 20:00:00,2025-09-11 17:00:00,3,Electronics,2483.95,DELIVERED
SHP-01755,CUST-1068,DEHAM,BRSSZ,VSL-0063,2025-02-10 23:00:00,2025-02-24 23:00:00,2025-02-27 13:00:00,2025-03-24 23:00:00,2025-03-28 20:00:00,19,Furniture,2567.4,DELAYED
SHP-02245,CUST-1229,EGPSD,USSAV,VSL-0066,2024-11-23 17:00:00,2024-12-06 17:00:00,2024-12-06 16:00:00,2025-01-03 17:00:00,2025-01-04 03:00:00,8,Machinery,2383.71,DELIVERED
SHP-00947,CUST-1010,JPYOK,BEANR,VSL-0074,2025-08-16 14:00:00,2025-08-28 14:00:00,2025-08-28 15:00:00,2025-09-13 14:00:00,2025-09-14 01:00:00,38,Apparel,2056.66,DELIVERED
SHP-04283,CUST-1019,USSAV,CNSZX,VSL-0020,2025-06-03 08:00:00,2025-06-06 08:00:00,2025-06-06 07:00:00,2025-07-02 08:00:00,2025-07-02 01:00:00,38,Machinery,,DELIVERED
SHP-00016,CUST-1128,USLGB,GBFXT,VSL-0005,2024-06-28 06:00:00,2024-07-04 06:00:00,2024-07-04 07:00:00,2024-08-07 06:00:00,2024-08-10 01:00:00,38,Machinery,876.3,DELAYED
SHP-01905,CUST-1110,CNNGB,USSAV,VSL-0006,2025-06-28 03:00:00,2025-07-01 03:00:00,2025-07-01 00:00:00,2025-07-26 03:00:00,2025-07-26 07:00:00,11,electronics,65.57,DELIVERED
SHP-01227,CUST-1073,CNSZX,THBKK,VSL-0069,2024-12-24 03:00:00,2025-01-06 03:00:00,2025-01-06 03:00:00,2025-01-16 03:00:00,2025-01-16 01:00:00,26,Automotive Parts,197.73,DELIVERED
SHP-04213,CUST-1188,USNYC,ESVLC,VSL-0064,2024-06-14 11:00:00,2024-06-23 11:00:00,2024-06-24 14:00:00,2024-07-26 11:00:00,2024-07-27 19:00:00,29,Pharmaceuticals,2553.86,DELAYED
SHP-01767,CUST-1106,USSAV,INMUN,VSL-0008,2025-08-16 20:00:00,2025-08-29 20:00:00,,2025-09-23 20:00:00,,17,Automotive Parts,154.84,CANCELLED
SHP-01576,CUST-1240,BEANR,USLGB,VSL-0064,2025-04-20 18:00:00,2025-04-27 18:00:00,,2025-05-31 18:00:00,,6,Electronics,2763.65,CANCELLED
SHP-01750,CUST-1220,HKHKG,CNSZX,VSL-0049,2024-06-25 10:00:00,2024-07-01 10:00:00,2024-07-01 23:00:00,2024-07-08 10:00:00,2024-07-11 01:00:00,24,Consumer Goods,1659.91,DELAYED
SHP-00375,CUST-1179,CNSHA,SGSIN,VSL-0021,2024-06-30 08:00:00,2024-07-06 08:00:00,2024-07-08 22:00:00,2024-07-10 08:00:00,2024-07-16 14:00:00,19,Consumer Goods,2192.82,DELAYED
SHP-04352,CUST-1063,CNSZX,CNNGB,VSL-0064,2025-06-06 04:00:00,2025-06-13 04:00:00,2025-06-13 09:00:00,2025-06-23 04:00:00,2025-06-22 23:00:00,23,Apparel,2706.94,DELIVERED
SHP-01350,CUST-1200,ZADUR,USLGB,VSL-0078,2024-12-04 09:00:00,2024-12-17 09:00:00,2024-12-17 12:00:00,2025-01-20 09:00:00,2025-01-20 08:00:00,28,Electronics,2083.14,DELIVERED
SHP-01937,CUST-1047,USNYC,EGPSD,VSL-0054,2024-06-22 03:00:00,2024-07-05 03:00:00,,2024-08-01 03:00:00,,26,Automotive parts,2433.43,N/A
SHP-02259,CUST-1047,HKHKG,MYPKG,VSL-0045,2024-08-14 07:00:00,2024-08-20 07:00:00,2024-08-23 02:00:00,2024-08-23 07:00:00,2024-08-29 15:00:00,2,Consumer Goods,1970.23,DELAYED
SHP-01343,CUST-1102,KRPUS,CNNGB,VSL-0050,2025-04-26 00:00:00,2025-04-30 00:00:00,,2025-05-07 00:00:00,,26,Apparel,491.09,CANCELLED
SHP-03619,CUST-1206,USNYC,CNSZX,VSL-0021,2025-02-14 16:00:00,2025-02-17 16:00:00,2025-02-17 18:00:00,2025-03-09 16:00:00,2025-03-09 09:00:00,16,Machinery,1272.48,DELIVERED
SHP-03995,CUST-1172,USSAV,CNSZX,VSL-0070,2025-05-02 03:00:00,2025-05-13 03:00:00,,2025-06-16 03:00:00,,28,Chemicals,2099.96,Complete
SHP-00131,CUST-1067,BRSSZ,THBKK,VSL-0014,2025-03-19 08:00:00,2025-03-30 08:00:00,2025-04-01 17:00:00,2025-04-25 08:00:00,2025-05-01 17:00:00,8,Machinery,2113.53,DELAYED
SHP-00159,CUST-1193,SGSIN,HKHKG,VSL-0045,2024-12-09 21:00:00,2024-12-13 21:00:00,2024-12-13 18:00:00,2024-12-20 21:00:00,2024-12-21 05:00:00,23,Apparel,249.99,DELIVERED
SHP-04958,CUST-1189,PKKAR,NLRTM,VSL-0063,2025-08-03 23:00:00,2025-08-17 23:00:00,2025-08-18 03:00:00,2025-08-31 23:00:00,2025-09-01 06:00:00,38,Raw Materials,1190.17,DELIVERED
SHP-04549,CUST-1233,INNSA,USLGB,VSL-0056,2025-09-03 01:00:00,2025-09-17 01:00:00,2025-09-19 03:00:00,2025-10-17 01:00:00,2025-10-21 11:00:00,34,Consumer Goods,2332.07,DELAYED
SHP-04514,CUST-1109,BRSSZ,HKHKG,VSL-0022,2025-05-19 08:00:00,2025-05-28 08:00:00,2025-05-31 00:00:00,2025-06-30 08:00:00,2025-07-04 13:00:00,19,Automotive Parts,2048.57,DELAYED
SHP-01112,CUST-1248,CNNGB,USLGB,VSL-0010,2024-08-22 06:00:00,2024-08-29 06:00:00,,2024-09-29 06:00:00,,9,Electronics,1331.59,delivered
SHP-03616,CUST-1002,ESVLC,INNSA,VSL-0029,2025-09-20 06:00:00,2025-09-28 06:00:00,,2025-10-13 06:00:00,,22,Raw Materials,1055.22,N/A
SHP-02679,CUST-1203,THBKK,HKHKG,VSL-0029,2024-09-06 14:00:00,2024-09-11 14:00:00,2024-09-14 06:00:00,2024-09-19 14:00:00,2024-09-23 07:00:00,38,Chemicals,1246.44,DELAYED
SHP-03448,CUST-1151,JPYOK,NLRTM,VSL-0006,2024-11-11 16:00:00,2024-11-14 16:00:00,2024-11-15 13:00:00,2024-12-02 16:00:00,2024-12-07 08:00:00,2,Food & Beverage,1231.23,DELAYED
SHP-04850,CUST-1039,DEHAM,CNNGB,VSL-0024,2024-10-26 15:00:00,2024-11-06 15:00:00,2024-11-06 16:00:00,2024-12-07 15:00:00,2024-12-07 16:00:00,3,Automotive Parts,752.81,DELIVERED
SHP-02741,CUST-1085,ZADUR,USNYC,VSL-0049,2025-05-17 04:00:00,2025-05-23 04:00:00,2025-05-23 04:00:00,2025-06-23 04:00:00,2025-06-23 11:00:00,30,Pharmaceuticals,1384.92,DELIVERED
SHP-03241,CUST-1138,BEANR,ESVLC,VSL-0074,2025-01-16 02:00:00,2025-01-23 02:00:00,2025-01-22 22:00:00,2025-02-02 02:00:00,2025-02-02 14:00:00,12,Food & Beverage,658.53,DELIVERED
SHP-02277,CUST-1164,THBKK,KRPUS,VSL-0011,2025-02-17 04:00:00,2025-02-20 04:00:00,2025-02-20 05:00:00,2025-02-23 04:00:00,2025-02-22 20:00:00,2,Consumer Goods,1761.71,DELIVERED
SHP-02786,CUST-1059,CNSZX,KRPUS,VSL-0049,2025-08-09 15:00:00,2025-08-12 15:00:00,2025-08-12 21:00:00,2025-08-18 15:00:00,2025-08-19 03:00:00,29,Apparel,993.46,DELIVERED
SHP-02324,CUST-1008,HKHKG,KRPUS,VSL-0010,2024-11-06 01:00:00,2024-11-12 01:00:00,2024-11-12 16:00:00,2024-11-15 01:00:00,2024-11-17 00:00:00,8,Electronics,1289.23,DELAYED
SHP-03916,CUST-1083,BEANR,EGPSD,VSL-0056,2024-06-24 21:00:00,2024-07-06 21:00:00,2024-07-07 02:00:00,2024-08-04 21:00:00,2024-08-04 14:00:00,15,Food & Beverage,1159.72,DELIVERED
SHP-02714,CUST-1058,ZADUR,CNSHA,VSL-0076,2024-10-12 00:00:00,2024-10-15 00:00:00,2024-10-15 00:00:00,2024-11-09 00:00:00,2024-11-09 01:00:00,10,Consumer Goods,1219.69,DELIVERED
SHP-00455,CUST-1006,USSAV,CNSHA,VSL-0049,2025-09-24 15:00:00,2025-09-27 15:00:00,2025-09-28 07:00:00,2025-10-28 15:00:00,2025-11-01 09:00:00,25,Electronics,1388.05,DELAYED
SHP-01085,CUST-1164,NLRTM,BEANR,VSL-0029,2025-04-15 12:00:00,2025-04-29 12:00:00,2025-04-29 18:00:00,2025-05-06 12:00:00,2025-05-06 12:00:00,35,Electronics,2244.63,DELIVERED
SHP-01638,CUST-1109,CNSHA,USSAV,VSL-0002,2025-01-05 15:00:00,2025-01-18 15:00:00,2025-01-18 18:00:00,2025-02-11 15:00:00,2025-02-11 10:00:00,16,Electronics,1676.54,DELIVERED
SHP-03670,CUST-1180,INNSA,INMUN,VSL-0004,2025-08-02 08:00:00,2025-08-11 08:00:00,2025-08-13 11:00:00,2025-08-17 08:00:00,2025-08-20 10:00:00,1,Furniture,2661.54,DELAYED
SHP-04118,CUST-1048,CNNGB,GBFXT,VSL-0009,2024-10-22 11:00:00,2024-11-01 11:00:00,2024-11-01 17:00:00,2024-12-04 11:00:00,2024-12-04 10:00:00,16,Food & Beverage,718.33,DELIVERED
SHP-02954,CUST-1174,NLRTM,KRPUS,VSL-0070,2025-09-20 10:00:00,2025-09-28 10:00:00,2025-09-28 15:00:00,2025-10-16 10:00:00,2025-10-16 06:00:00,35,Food & Beverage,2215.15,DELIVERED
SHP-04600,CUST-1057,USLGB,BEANR,VSL-0063,2024-08-18 03:00:00,2024-08-27 03:00:00,2024-08-28 12:00:00,2024-09-20 03:00:00,2024-09-21 09:00:00,16,Food & Beverage,1970.24,DELAYED
SHP-04998,CUST-1096,PKKAR,SGSIN,VSL-0005,2025-05-09 09:00:00,2025-05-20 09:00:00,2025-05-20 06:00:00,2025-05-29 09:00:00,2025-05-29 15:00:00,28,Pharmaceuticals,2593.48,DELIVERED
SHP-00277,CUST-1060,CNSZX,HKHKG,VSL-0003,2024-11-24 11:00:00,2024-12-05 11:00:00,2024-12-06 19:00:00,2024-12-13 11:00:00,2024-12-17 20:00:00,8,Raw Materials,,DELAYED
SHP-00730,CUST-1143,INMUN,BEANR,VSL-0080,2025-04-29 05:00:00,2025-05-04 05:00:00,2025-05-05 01:00:00,2025-05-25 05:00:00,2025-05-27 05:00:00,34,Automotive Parts,637.35,DELAYED
SHP-02348,CUST-1178,CNNGB,USLAX,VSL-0044,2025-09-30 01:00:00,2025-10-07 01:00:00,2025-10-07 00:00:00,2025-10-23 01:00:00,2025-10-23 00:00:00,24,Raw Materials,108.03,DELIVERED
SHP-02913,CUST-1193,USSAV,ZADUR,VSL-0075,2025-01-02 13:00:00,2025-01-14 13:00:00,2025-01-14 15:00:00,2025-02-07 13:00:00,2025-02-07 06:00:00,37,Pharmaceuticals,1779.62,DELIVERED
SHP-00597,CUST-1018,NLRTM,CNNGB,VSL-0078,2024-08-27 08:00:00,2024-09-05 08:00:00,2024-09-06 10:00:00,2024-09-29 08:00:00,2024-10-02 19:00:00,16,Chemicals,1136.1,DELAYED
SHP-01897,CUST-1143,PKKAR,USLGB,VSL-0023,2025-09-10 05:00:00,2025-09-20 05:00:00,2025-09-20 17:00:00,2025-10-17 05:00:00,2025-10-20 06:00:00,13,Automotive Parts,2024.32,DELAYED
SHP-02911,CUST-1033,KRPUS,SGSIN,VSL-0023,2024-06-15 22:00:00,2024-06-19 22:00:00,2024-06-19 21:00:00,2024-06-26 22:00:00,2024-06-26 19:00:00,13,FURNITURE,2500.82,DELIVERED
SHP-01197,CUST-1227,SGSIN,INMUN,VSL-0016,2025-08-09 18:00:00,2025-08-23 18:00:00,2025-08-23 18:00:00,2025-08-28 18:00:00,2025-08-28 11:00:00,24,Electronics,2185.44,DELIVERED
SHP-00826,CUST-1092,EGPSD,BRSSZ,VSL-0050,2025-03-11 11:00:00,2025-03-15 11:00:00,2025-03-15 09:00:00,2025-03-29 11:00:00,2025-03-29 07:00:00,30,Electronics,2617.35,DELIVERED
SHP-03147,CUST-1038,GBFXT,ESVLC,VSL-0053,2025-09-05 17:00:00,2025-09-19 17:00:00,2025-09-19 14:00:00,2025-09-27 17:00:00,2025-09-28 01:00:00,22,Automotive Parts,1247.29,DELIVERED
SHP-01039,CUST-1233,HKHKG,NLRTM,VSL-0046,2025-07-18 03:00:00,2025-07-27 03:00:00,2025-07-29 07:00:00,2025-08-19 03:00:00,2025-08-23 09:00:00,19,Pharmaceuticals,2428.87,DELAYED
SHP-02739,CUST-1223,SGSIN,USLGB,VSL-0019,2025-05-07 17:00:00,2025-05-19 17:00:00,2025-05-19 16:00:00,2025-06-05 17:00:00,2025-06-06 05:00:00,21,Electronics,1488.14,DELIVERED
SHP-00786,CUST-1242,USNYC,AEDXB,VSL-0078,2025-05-10 22:00:00,2025-05-17 22:00:00,2025-05-18 03:00:00,2025-05-31 22:00:00,2025-05-31 20:00:00,2,Raw Materials,2507.98,DELIVERED
SHP-03887,CUST-1158,DEHAM,THBKK,VSL-0015,2025-09-04 19:00:00,2025-09-07 19:00:00,2025-09-07 21:00:00,2025-10-12 19:00:00,2025-10-12 13:00:00,30,,2785.42,DELIVERED
SHP-00713,CUST-1033,KRPUS,HKHKG,VSL-0017,2024-10-23 03:00:00,2024-11-02 03:00:00,2024-11-02 01:00:00,2024-11-09 03:00:00,2024-11-09 06:00:00,24,Machinery,2562.31,DELIVERED
SHP-03636,CUST-1231,MYPKG,INNSA,VSL-0045,2024-09-29 05:00:00,2024-10-11 05:00:00,2024-10-12 00:00:00,2024-10-21 05:00:00,2024-10-25 18:00:00,35,Furniture,1815.68,DELAYED
SHP-03065,CUST-1174,EGPSD,GBFXT,VSL-0006,2024-06-26 02:00:00,2024-07-01 02:00:00,2024-07-02 06:00:00,2024-07-26 02:00:00,2024-07-27 17:00:00,37,Machinery,2258.64,DELAYED
SHP-00764,CUST-1141,AEDXB,KRPUS,VSL-0027,2025-07-04 06:00:00,2025-07-17 06:00:00,2025-07-17 05:00:00,2025-08-19 06:00:00,2025-08-19 01:00:00,11,Machinery,707.94,DELIVERED
SHP-02898,CUST-1023,HKHKG,USLAX,VSL-0071,2025-06-25 03:00:00,2025-07-02 03:00:00,2025-07-04 23:00:00,2025-08-06 03:00:00,2025-08-12 12:00:00,8,Electronics,,DELAYED
SHP-01105,CUST-1171,INNSA,USSAV,VSL-0027,2024-06-16 19:00:00,2024-06-30 19:00:00,2024-07-01 01:00:00,2024-07-27 19:00:00,2024-07-29 09:00:00,8,Pharmaceuticals,570.88,DELAYED
SHP-02839,CUST-1074,ESVLC,CNNGB,VSL-0031,2024-12-29 02:00:00,2025-01-06 02:00:00,2025-01-06 01:00:00,2025-01-22 02:00:00,2025-01-22 11:00:00,10,Automotive Parts,319.41,DELIVERED
SHP-03044,CUST-1197,AEDXB,INMUN,VSL-0060,2024-10-03 17:00:00,2024-10-06 17:00:00,2024-10-06 18:00:00,2024-11-02 17:00:00,2024-11-02 12:00:00,39,Electronics,94.16,DELIVERED
SHP-00540,CUST-1125,USSAV,ESVLC,VSL-0013,2025-05-27 15:00:00,2025-05-30 15:00:00,2025-05-30 12:00:00,2025-06-16 15:00:00,2025-06-17 03:00:00,29,Machinery,803.55,DELIVERED
SHP-04211,CUST-1107,BEANR,USLAX,VSL-0039,2025-07-01 08:00:00,2025-07-09 08:00:00,2025-07-09 10:00:00,2025-07-26 08:00:00,2025-07-29 22:00:00,31,APPAREL,1661.11,DELAYED
SHP-00292,CUST-1177,THBKK,CNNGB,VSL-0076,2025-03-16 20:00:00,2025-03-30 20:00:00,2025-03-30 16:00:00,2025-04-04 20:00:00,2025-04-04 15:00:00,31,Electronics,2297.85,DELIVERED
SHP-02166,CUST-1022,INMUN,CNNGB,VSL-0040,2025-06-04 04:00:00,2025-06-17 04:00:00,2025-06-17 23:00:00,2025-06-25 04:00:00,2025-06-26 17:00:00,40,Furniture,2080.79,DELAYED
SHP-00440,CUST-1122,DEHAM,HKHKG,VSL-0074,2024-06-07 08:00:00,2024-06-12 08:00:00,2024-06-13 12:00:00,2024-07-02 08:00:00,2024-07-04 11:00:00,37,Food & Beverage,1580.92,DELAYED
SHP-02318,CUST-1227,EGPSD,AEDXB,VSL-0006,2024-12-02 08:00:00,2024-12-09 08:00:00,2024-12-09 09:00:00,2024-12-19 08:00:00,2024-12-19 14:00:00,28,Automotive Parts,2261.1,DELIVERED
SHP-01996,CUST-1216,KRPUS,USLAX,VSL-0029,2024-10-04 15:00:00,2024-10-08 15:00:00,2024-10-08 12:00:00,2024-11-06 15:00:00,2024-11-06 21:00:00,10,Pharmaceuticals,1430.69,DELIVERED
SHP-01358,CUST-1139,BRSSZ,ESVLC,VSL-0044,2025-02-11 20:00:00,2025-02-18 20:00:00,2025-02-21 08:00:00,2025-03-09 20:00:00,2025-03-16 02:00:00,9,Furniture,2549.13,DELAYED
SHP-01339,CUST-1106,ZADUR,THBKK,VSL-0056,2024-07-14 08:00:00,2024-07-23 08:00:00,2024-07-23 07:00:00,2024-08-20 08:00:00,2024-08-20 14:00:00,11,Food & Beverage,1531.7,DELIVERED
SHP-00324,CUST-1139,KRPUS,ZADUR,VSL-0068,2024-08-07 19:00:00,2024-08-17 19:00:00,2024-08-17 15:00:00,2024-09-21 19:00:00,2024-09-21 21:00:00,13,Raw Materials,1421.73,DELIVERED
SHP-02728,CUST-1121,NLRTM,ESVLC,VSL-0029,2025-01-12 22:00:00,2025-01-22 22:00:00,2025-01-24 18:00:00,2025-01-27 22:00:00,2025-02-01 14:00:00,37,Machinery,2077.07,DELAYED
SHP-03653,CUST-1170,CNNGB,CNSHA,VSL-0040,2024-08-04 22:00:00,2024-08-17 22:00:00,2024-08-17 23:00:00,2024-08-21 22:00:00,2024-08-22 05:00:00,40,Machinery,1729.95,DELIVERED
SHP-03324,CUST-1138,BEANR,USLGB,VSL-0010,2025-05-10 07:00:00,2025-05-15 07:00:00,2025-05-15 04:00:00,2025-06-12 07:00:00,2025-06-12 10:00:00,25,Machinery,838.24,DELIVERED
SHP-04885,CUST-1217,HKHKG,CNNGB,VSL-0016,2025-10-01 01:00:00,2025-10-11 01:00:00,2025-10-11 00:00:00,2025-10-18 01:00:00,2025-10-17 20:00:00,17,Consumer Goods,1382.64,DELIVERED
SHP-00396,CUST-1199,CNNGB,BRSSZ,VSL-0034,2025-04-28 07:00:00,2025-05-02 07:00:00,,2025-06-05 07:00:00,,14,Machinery,1660.62,CANCELLED
SHP-03802,CUST-1176,CNSZX,BRSSZ,VSL-0026,2025-01-13 09:00:00,2025-01-25 09:00:00,2025-01-28 03:00:00,2025-02-18 09:00:00,2025-02-21 19:00:00,24,Furniture,2389.4,DELAYED
SHP-03179,CUST-1092,INMUN,ZADUR,VSL-0050,2025-07-10 16:00:00,2025-07-21 16:00:00,2025-07-23 05:00:00,2025-08-14 16:00:00,2025-08-18 16:00:00,10,Pharmaceuticals,2217.95,DELAYED
SHP-04063,CUST-1094,MYPKG,SGSIN,VSL-0028,2024-10-31 01:00:00,2024-11-14 01:00:00,2024-11-14 03:00:00,2024-11-20 01:00:00,2024-11-22 17:00:00,12,Consumer Goods,430.49,DELAYED
SHP-04827,CUST-1106,JPYOK,CNSZX,VSL-0001,2024-12-27 13:00:00,2025-01-09 13:00:00,,2025-01-12 13:00:00,,30,Machinery,2469.22,COMPLETED
SHP-00525,CUST-1216,INNSA,HKHKG,VSL-0075,2025-06-03 07:00:00,2025-06-08 07:00:00,2025-06-08 08:00:00,2025-06-18 07:00:00,2025-06-18 09:00:00,39,Chemicals,851.13,DELIVERED
SHP-04702,CUST-1193,JPYOK,CNSZX,VSL-0074,2025-02-12 08:00:00,2025-02-16 08:00:00,,2025-02-22 08:00:00,,33,Chemicals,2459.9,CANCELLED
SHP-00854,CUST-1153,GBFXT,HKHKG,VSL-0038,2025-03-02 02:00:00,2025-03-07 02:00:00,2025-03-07 01:00:00,2025-04-05 02:00:00,2025-04-05 02:00:00,37,Food & Beverage,1035.02,DELIVERED
SHP-04370,CUST-1059,EGPSD,NLRTM,VSL-0068,2024-07-30 13:00:00,2024-08-12 13:00:00,2024-08-13 10:00:00,2024-08-27 13:00:00,2024-08-29 00:00:00,37,Machinery,2510.32,DELAYED
SHP-03543,CUST-1206,USLGB,PKKAR,VSL-0064,2025-07-22 18:00:00,2025-07-31 18:00:00,2025-08-02 13:00:00,2025-08-19 18:00:00,2025-08-24 07:00:00,3,Consumer Goods,1573.84,DELAYED
SHP-04019,CUST-1021,ESVLC,INNSA,VSL-0021,2025-07-19 15:00:00,2025-07-31 15:00:00,2025-08-02 19:00:00,2025-09-02 15:00:00,2025-09-04 15:00:00,25,Consumer Goods,1177.99,DELAYED
SHP-02973,CUST-1203,ESVLC,CNSHA,VSL-0008,2025-05-27 16:00:00,2025-06-01 16:00:00,2025-06-01 21:00:00,2025-06-29 16:00:00,2025-06-29 16:00:00,38,Machinery,1653.63,DELIVERED
SHP-02181,CUST-1233,ESVLC,THBKK,VSL-0071,2025-04-27 23:00:00,2025-05-11 23:00:00,2025-05-12 01:00:00,2025-06-03 23:00:00,2025-06-04 00:00:00,20,Apparel,1264.24,DELIVERED
SHP-00575,CUST-1203,MYPKG,ZADUR,VSL-0034,2025-08-18 22:00:00,2025-08-31 22:00:00,,2025-09-15 22:00:00,,2,Food & Beverage,809.41,COMPLETED
SHP-02233,CUST-1065,USNYC,JPYOK,VSL-0039,2025-08-05 07:00:00,2025-08-08 07:00:00,2025-08-09 06:00:00,2025-08-23 07:00:00,2025-08-27 23:00:00,11,Machinery,1521.56,DELAYED
SHP-00972,CUST-1114,USSAV,THBKK,VSL-0056,2024-07-05 03:00:00,2024-07-14 03:00:00,2024-07-14 09:00:00,2024-08-11 03:00:00,2024-08-11 14:00:00,9,Chemicals,2376.29,DELIVERED
SHP-02300,CUST-1157,EGPSD,MYPKG,VSL-0062,2025-08-27 13:00:00,2025-09-08 13:00:00,2025-09-09 02:00:00,2025-09-23 13:00:00,2025-09-23 23:00:00,2,Pharmaceuticals,576.24,DELIVERED
SHP-03769,CUST-1094,ZADUR,BRSSZ,VSL-0003,2025-03-01 22:00:00,2025-03-09 22:00:00,2025-03-09 21:00:00,2025-04-12 22:00:00,2025-04-13 01:00:00,34,Automotive Parts,639.13,DELIVERED
SHP-03293,CUST-1100,KRPUS,CNSHA,VSL-0045,2024-11-10 13:00:00,2024-11-21 13:00:00,2024-11-23 09:00:00,2024-11-28 13:00:00,2024-12-04 03:00:00,33,Pharmaceuticals,1046.46,DELAYED
SHP-03940,CUST-1112,AEDXB,USSAV,VSL-0066,2025-06-19 22:00:00,2025-07-03 22:00:00,2025-07-06 06:00:00,2025-08-01 22:00:00,2025-08-04 02:00:00,13,Furniture,1290.3,DELAYED
SHP-01315,CUST-1115,HKHKG,USLAX,VSL-0026,2025-07-21 04:00:00,2025-07-26 04:00:00,2025-07-26 00:00:00,2025-08-16 04:00:00,2025-08-16 00:00:00,24,Machinery,445.79,DELIVERED
SHP-04052,CUST-1218,USLGB,NLRTM,VSL-0011,2024-11-24 02:00:00,2024-12-08 02:00:00,2024-12-07 23:00:00,2025-01-05 02:00:00,2025-01-05 07:00:00,22,Automotive Parts,788.87,DELIVERED
SHP-02571,CUST-1098,USLAX,MYPKG,VSL-0021,2025-04-27 00:00:00,2025-05-01 00:00:00,2025-04-30 22:00:00,2025-05-31 00:00:00,2025-05-30 16:00:00,13,Apparel,1248.41,DELIVERED
SHP-00979,CUST-1079,USLAX,GBFXT,VSL-0037,2024-10-19 03:00:00,2024-11-01 03:00:00,2024-11-04 00:00:00,2024-11-21 03:00:00,2024-11-27 08:00:00,24,Automotive Parts,490.67,DELAYED
SHP-03656,CUST-1020,HKHKG,NLRTM,VSL-0019,2025-04-03 16:00:00,2025-04-17 16:00:00,2025-04-17 12:00:00,2025-05-19 16:00:00,2025-05-19 20:00:00,15,Furniture,823.86,DELIVERED
SHP-04377,CUST-1059,XXTST,ZADUR,VSL-0028,2025-09-01 01:00:00,2025-09-04 01:00:00,2025-09-04 03:00:00,2025-09-24 01:00:00,2025-09-24 09:00:00,26,Raw Materials,2200.11,DELIVERED
SHP-03212,CUST-1172,PKKAR,DEHAM,VSL-0074,2024-08-11 13:00:00,2024-08-16 13:00:00,,2024-09-18 13:00:00,,29,Pharmaceuticals,1525.09,Complete
SHP-01480,CUST-1239,BRSSZ,PKKAR,VSL-0050,2024-09-14 03:00:00,2024-09-19 03:00:00,2024-09-19 16:00:00,2024-10-05 03:00:00,2024-10-06 03:00:00,29,Machinery,1307.67,DELIVERED
SHP-02942,CUST-1224,USLAX,USNYC,VSL-0036,2025-01-25 12:00:00,2025-02-05 12:00:00,2025-02-05 08:00:00,2025-02-14 12:00:00,2025-02-14 23:00:00,4,Pharmaceuticals,888.47,DELIVERED
SHP-00905,CUST-1060,USNYC,AEDXB,VSL-0064,2024-12-07 07:00:00,2024-12-10 07:00:00,2024-12-10 11:00:00,2025-01-13 07:00:00,2025-01-13 06:00:00,9,Automotive Parts,579.41,DELIVERED
SHP-01270,CUST-1214,PKKAR,ESVLC,VSL-0012,2024-09-04 07:00:00,2024-09-09 07:00:00,2024-09-10 11:00:00,2024-10-08 07:00:00,2024-10-11 15:00:00,2,Raw Materials,1255.3,DELAYED
SHP-04907,CUST-1163,CNSHA,JPYOK,VSL-0033,2024-08-10 14:00:00,2024-08-13 14:00:00,2024-08-14 18:00:00,2024-08-23 14:00:00,2024-08-25 23:00:00,13,Food & Beverage,860.12,DELAYED
SHP-01074,CUST-1086,ZADUR,EGPSD,VSL-0079,2024-11-12 05:00:00,2024-11-26 05:00:00,,2024-12-06 05:00:00,,37,Apparel,1809.23,delivered
SHP-00793,CUST-1213,AEDXB,MYPKG,VSL-0062,2025-04-22 00:00:00,2025-04-25 00:00:00,2025-04-25 06:00:00,2025-05-14 00:00:00,2025-05-14 09:00:00,22,Apparel,2094.7,DELIVERED
SHP-00817,CUST-1161,BEANR,AEDXB,VSL-0032,2025-02-09 06:00:00,2025-02-16 06:00:00,2025-02-16 03:00:00,2025-03-12 06:00:00,2025-03-12 14:00:00,27,Raw Materials,280.94,DELIVERED
SHP-02530,CUST-1213,AEDXB,USSAV,VSL-0060,2024-11-27 08:00:00,2024-12-06 08:00:00,2024-12-08 17:00:00,2024-12-30 08:00:00,2025-01-01 11:00:00,22,Furniture,1972.65,DELAYED
SHP-03735,CUST-1173,PKKAR,CNSZX,VSL-0015,2024-06-13 20:00:00,2024-06-23 20:00:00,2024-06-25 07:00:00,2024-06-30 20:00:00,2024-07-02 02:00:00,9,Consumer Goods,2050.44,DELAYED
SHP-00784,CUST-1229,USNYC,CNSHA,VSL-0007,2025-09-30 21:00:00,2025-10-10 21:00:00,2025-10-11 01:00:00,2025-11-02 21:00:00,2025-11-03 00:00:00,15,Food & Beverage,2324.6,DELIVERED
SHP-02807,CUST-1046,USNYC,MYPKG,VSL-0004,2024-11-21 06:00:00,2024-11-25 06:00:00,2024-11-25 04:00:00,2024-12-30 06:00:00,2024-12-30 16:00:00,3,Apparel,2404.03,DELIVERED
SHP-04436,CUST-1070,NLRTM,BRSSZ,VSL-0003,2025-09-02 01:00:00,2025-09-09 01:00:00,2025-09-09 05:00:00,2025-10-08 01:00:00,2025-10-08 01:00:00,36,Chemicals,805.48,DELIVERED
SHP-03512,CUST-1117,EGPSD,NLRTM,VSL-0073,2024-06-29 08:00:00,2024-07-07 08:00:00,2024-07-07 10:00:00,2024-07-21 08:00:00,2024-07-21 20:00:00,2,Automotive Parts,523.32,DELIVERED
SHP-04926,CUST-1126,GBFXT,USLGB,VSL-0004,2024-10-31 23:00:00,2024-11-10 23:00:00,2024-11-10 21:00:00,2024-12-05 23:00:00,2024-12-05 22:00:00,40,Automotive parts,1707.8,DELIVERED
SHP-04615,CUST-1162,USLAX,SGSIN,VSL-0008,2025-05-16 04:00:00,2025-05-19 04:00:00,2025-05-19 05:00:00,2025-06-23 04:00:00,2025-06-23 07:00:00,34,Automotive Parts,226.15,DELIVERED
SHP-02921,CUST-1150,ZADUR,USNYC,VSL-0065,2025-02-05 09:00:00,2025-02-11 09:00:00,2025-02-14 08:00:00,2025-03-01 09:00:00,2025-03-07 20:00:00,1,Food & Beverage,605.53,DELAYED
SHP-04972,CUST-1209,INMUN,PKKAR,VSL-0031,2025-01-15 15:00:00,2025-01-26 15:00:00,2025-01-26 13:00:00,2025-02-01 15:00:00,2025-02-01 17:00:00,25,Furniture,336.93,DELIVERED
SHP-00782,CUST-1173,USLGB,HKHKG,VSL-0030,2025-05-19 19:00:00,2025-05-22 19:00:00,2025-05-22 15:00:00,2025-06-14 19:00:00,2025-06-14 16:00:00,9,Apparel,,DELIVERED
SHP-02095,CUST-1168,ZADUR,USNYC,VSL-0057,2025-02-12 14:00:00,2025-02-15 14:00:00,2025-02-16 16:00:00,2025-03-20 14:00:00,2025-03-24 18:00:00,18,Consumer Goods,2237.23,DELAYED
SHP-04865,CUST-1128,NLRTM,GBFXT,VSL-0005,2025-09-30 11:00:00,2025-10-04 11:00:00,,2025-10-12 11:00:00,,22,Raw Materials,1089.59,COMPLETED
SHP-03435,CUST-1188,EGPSD,SGSIN,VSL-0033,2025-10-04 09:00:00,2025-10-10 09:00:00,2025-10-10 22:00:00,2025-10-30 09:00:00,2025-11-01 20:00:00,3,Machinery,2659.3,DELAYED
SHP-01706,CUST-1087,AEDXB,THBKK,VSL-0011,2024-12-16 23:00:00,2024-12-28 23:00:00,2024-12-28 20:00:00,2025-01-13 23:00:00,2025-01-13 17:00:00,18,Food & Beverage,133.21,DELIVERED
SHP-01258,CUST-1220,ESVLC,AEDXB,VSL-0049,2025-02-21 07:00:00,2025-03-06 07:00:00,2025-03-07 10:00:00,2025-03-28 07:00:00,2025-03-31 15:00:00,40,Food & Beverage,2580.59,DELAYED
SHP-00607,CUST-1227,HKHKG,USLGB,VSL-0005,2024-08-19 00:00:00,2024-08-27 00:00:00,2024-08-28 03:00:00,2024-09-16 00:00:00,2024-09-17 00:00:00,28,Apparel,2104.63,DELIVERED
SHP-01238,CUST-1034,USLGB,BRSSZ,VSL-0030,2025-06-21 10:00:00,2025-07-03 10:00:00,2025-07-05 07:00:00,2025-07-13 10:00:00,2025-07-17 11:00:00,10,Consumer Goods,1545.12,DELAYED
SHP-01508,CUST-1054,USLGB,HKHKG,VSL-0028,2025-03-24 03:00:00,2025-03-27 03:00:00,2025-03-28 13:00:00,2025-04-17 03:00:00,2025-04-18 17:00:00,34,Electronics,1898.13,DELAYED
SHP-04653,CUST-1150,INMUN,USLGB,VSL-0022,2024-08-16 21:00:00,2024-08-29 21:00:00,2024-08-30 21:00:00,2024-09-26 21:00:00,2024-10-01 01:00:00,4,Apparel,2591.78,DELAYED
SHP-04641,CUST-1119,AEDXB,BEANR,VSL-0006,2025-08-17 20:00:00,2025-08-30 20:00:00,2025-09-01 00:00:00,2025-09-17 20:00:00,2025-09-20 11:00:00,7,Furniture,948.37,DELAYED
SHP-03729,CUST-1094,AEDXB,USSAV,VSL-0016,2025-06-18 09:00:00,2025-06-28 09:00:00,2025-06-29 08:00:00,2025-07-28 09:00:00,2025-07-30 15:00:00,37,Raw Materials,2250.77,DELAYED
SHP-04619,CUST-1015,GBFXT,DEHAM,VSL-0011,2025-07-10 08:00:00,2025-07-23 08:00:00,2025-07-26 01:00:00,2025-07-29 08:00:00,2025-08-02 03:00:00,26,Electronics,194.37,DELAYED
SHP-00087,CUST-1228,CNNGB,USLGB,VSL-0027,2024-09-30 21:00:00,2024-10-06 21:00:00,2024-10-09 16:00:00,2024-10-31 21:00:00,2024-11-04 14:00:00,8,Raw Materials,1346.24,DELAYED
SHP-00643,CUST-1110,INNSA,CNSHA,VSL-0036,2024-09-23 17:00:00,2024-10-04 17:00:00,2024-10-06 05:00:00,2024-10-13 17:00:00,2024-10-16 17:00:00,28,Chemicals,1489.28,DELAYED
SHP-03372,CUST-1149,DEHAM,USNYC,VSL-0077,2025-06-08 01:00:00,2025-06-19 01:00:00,,2025-07-16 01:00:00,,26,Automotive parts,1907.11,CANCELLED
SHP-04492,CUST-1187,INNSA,BRSSZ,VSL-0058,2024-09-01 21:00:00,2024-09-08 21:00:00,2024-09-11 19:00:00,2024-10-06 21:00:00,2024-10-10 21:00:00,1,Electronics,970.53,DELAYED
SHP-00901,CUST-1131,JPYOK,PKKAR,VSL-0027,2025-08-15 05:00:00,2025-08-20 05:00:00,2025-08-23 02:00:00,2025-08-27 05:00:00,2025-09-02 18:00:00,22,Pharmaceuticals,2436.91,DELAYED
SHP-00739,CUST-1090,BRSSZ,HKHKG,VSL-0024,2025-01-30 10:00:00,2025-02-05 10:00:00,2025-02-05 09:00:00,2025-02-19 10:00:00,2025-02-19 17:00:00,9,Furniture,2277.85,DELIVERED
SHP-04735,CUST-1078,PKKAR,EGPSD,VSL-0064,2025-05-13 23:00:00,2025-05-21 23:00:00,2025-05-21 21:00:00,2025-06-10 23:00:00,2025-06-10 20:00:00,7,Consumer Goods,893.59,DELIVERED
SHP-01371,CUST-1112,SGSIN,AEDXB,VSL-0014,2025-09-21 13:00:00,2025-10-03 13:00:00,2025-10-03 16:00:00,2025-11-01 13:00:00,2025-11-01 17:00:00,31,Raw Materials,1878.46,DELIVERED
SHP-01945,CUST-1012,EGPSD,BRSSZ,VSL-0009,2025-05-10 22:00:00,2025-05-14 22:00:00,2025-05-15 00:00:00,2025-06-07 22:00:00,2025-06-08 03:00:00,6,Apparel,2260.5,DELIVERED
SHP-01652,CUST-1225,PKKAR,GBFXT,VSL-0054,2025-08-07 02:00:00,2025-08-18 02:00:00,2025-08-21 02:00:00,2025-09-11 02:00:00,2025-09-14 01:00:00,34,Electronics,420.35,DELAYED
SHP-01435,CUST-1065,BRSSZ,ESVLC,VSL-0039,2024-12-21 15:00:00,2025-01-04 15:00:00,2025-01-04 16:00:00,2025-02-08 15:00:00,2025-02-08 15:00:00,8,Pharmaceuticals,814.51,DELIVERED
SHP-00775,CUST-1036,SGSIN,CNNGB,VSL-0054,2025-01-23 22:00:00,2025-02-01 22:00:00,2025-02-02 08:00:00,2025-02-11 22:00:00,2025-02-12 11:00:00,9,Food & Beverage,1793.56,DELIVERED
SHP-03592,CUST-1170,CNNGB,PKKAR,VSL-0007,2025-05-18 16:00:00,2025-05-29 16:00:00,2025-05-31 08:00:00,2025-06-06 16:00:00,2025-06-08 14:00:00,26,Apparel,1514.52,DELAYED
SHP-02686,CUST-1016,BEANR,EGPSD,VSL-0036,2024-09-17 11:00:00,2024-09-29 11:00:00,2024-09-30 07:00:00,2024-11-01 11:00:00,2024-11-04 16:00:00,30,Pharmaceuticals,1790.48,DELAYED
SHP-01005,CUST-1018,PKKAR,AEDXB,VSL-0014,2025-03-02 10:00:00,2025-03-14 10:00:00,2025-03-14 12:00:00,2025-04-15 10:00:00,2025-04-15 05:00:00,19,Pharmaceuticals,2583.7,DELIVERED
SHP-03761,CUST-1250,USNYC,USLAX,VSL-0040,2025-04-25 19:00:00,2025-05-09 19:00:00,2025-05-10 01:00:00,2025-05-14 19:00:00,2025-05-15 02:00:00,6,Electronics,2485.18,DELIVERED
SHP-00770,CUST-1244,ESVLC,INNSA,VSL-0016,2024-09-05 15:00:00,2024-09-19 15:00:00,2024-09-19 16:00:00,2024-10-12 15:00:00,2024-10-12 19:00:00,40,Automotive Parts,814.98,DELIVERED
SHP-01354,CUST-1090,HKHKG,USNYC,VSL-0077,2024-07-18 21:00:00,2024-07-30 21:00:00,2024-07-31 01:00:00,2024-08-17 21:00:00,2024-08-18 08:00:00,23,Machinery,1665.03,DELIVERED
SHP-00461,CUST-1029,USLAX,MYPKG,VSL-0010,2024-06-12 02:00:00,2024-06-26 02:00:00,2024-06-27 14:00:00,2024-07-28 02:00:00,2024-07-29 17:00:00,22,Automotive Parts,2120.1,DELAYED
SHP-03540,CUST-1063,INNSA,KRPUS,VSL-0056,2025-01-24 13:00:00,2025-02-05 13:00:00,2025-02-05 11:00:00,2025-02-10 13:00:00,2025-02-10 19:00:00,37,Chemicals,320.78,DELIVERED
SHP-01669,CUST-1210,SGSIN,THBKK,VSL-0062,2025-03-31 10:00:00,2025-04-08 10:00:00,2025-04-08 07:00:00,2025-04-13 10:00:00,2025-04-13 16:00:00,14,Furniture,1017.89,DELIVERED
SHP-03198,CUST-1099,ESVLC,INMUN,VSL-0050,2024-07-06 18:00:00,2024-07-14 18:00:00,2024-07-14 22:00:00,2024-08-09 18:00:00,2024-08-10 04:00:00,37,Furniture,-162.82,DELIVERED
SHP-00997,CUST-1055,INMUN,USLAX,VSL-0002,2025-07-12 07:00:00,2025-07-20 07:00:00,2025-07-20 12:00:00,2025-08-13 07:00:00,2025-08-13 07:00:00,31,Automotive Parts,351.19,DELIVERED
SHP-01336,CUST-1149,BEANR,AEDXB,VSL-0053,2025-02-22 07:00:00,2025-02-26 07:00:00,,2025-03-20 07:00:00,,19,Raw Materials,244.44,delivered
SHP-02836,CUST-1075,CNNGB,DEHAM,VSL-0031,2024-06-08 11:00:00,2024-06-18 11:00:00,2024-06-18 13:00:00,2024-07-08 11:00:00,2024-07-08 16:00:00,1,Consumer Goods,1655.57,DELIVERED
SHP-01491,CUST-1209,USSAV,USLAX,VSL-0023,2025-06-25 10:00:00,2025-06-30 10:00:00,2025-07-02 06:00:00,2025-07-07 10:00:00,2025-07-10 10:00:00,37,Automotive Parts,2691.23,DELAYED
SHP-01678,CUST-1145,CNSHA,EGPSD,VSL-0052,2025-01-08 08:00:00,2025-01-12 08:00:00,2025-01-12 04:00:00,2025-02-02 08:00:00,2025-02-02 01:00:00,21,food & beverage,511.08,DELIVERED
SHP-02407,CUST-1061,ESVLC,GBFXT,VSL-0059,2025-05-19 21:00:00,2025-06-01 21:00:00,2025-06-02 00:00:00,2025-06-05 21:00:00,2025-06-05 21:00:00,27,Apparel,795.29,DELIVERED
SHP-02916,CUST-1226,USLAX,JPYOK,VSL-0051,2024-07-03 23:00:00,2024-07-07 23:00:00,2024-07-08 00:00:00,2024-08-03 23:00:00,2024-08-04 10:00:00,11,Automotive Parts,241.02,DELIVERED
SHP-02463,CUST-1063,AEDXB,CNSHA,VSL-0074,2025-08-23 22:00:00,2025-09-05 22:00:00,2025-09-06 03:00:00,2025-10-04 22:00:00,2025-10-04 19:00:00,25,Pharmaceuticals,2746.17,DELIVERED
SHP-00964,CUST-1116,BRSSZ,NLRTM,VSL-0023,2025-03-14 23:00:00,2025-03-20 23:00:00,2025-03-21 02:00:00,2025-04-20 23:00:00,2025-04-20 23:00:00,18,Electronics,2591.56,DELIVERED
SHP-01038,CUST-1088,KRPUS,THBKK,VSL-0045,2024-10-29 02:00:00,2024-11-07 02:00:00,2024-11-07 08:00:00,2024-11-12 02:00:00,2024-11-11 19:00:00,30,FURNITURE,1421.49,DELIVERED
SHP-00409,CUST-1091,ESVLC,USSAV,VSL-0010,2024-11-14 21:00:00,2024-11-26 21:00:00,2024-11-27 03:00:00,2024-12-19 21:00:00,2024-12-20 03:00:00,8,Automotive Parts,156.6,DELIVERED
SHP-02079,CUST-1166,THBKK,BEANR,VSL-0012,2025-05-18 11:00:00,2025-05-25 11:00:00,2025-05-27 20:00:00,2025-06-17 11:00:00,2025-06-22 19:00:00,13,Pharmaceuticals,1355.2,DELAYED
SHP-00244,CUST-1034,USLAX,JPYOK,VSL-0074,2025-10-13 08:00:00,2025-10-22 08:00:00,2025-10-23 22:00:00,2025-11-09 08:00:00,2025-11-13 03:00:00,4,Raw Materials,2461.57,DELAYED
SHP-01322,CUST-1103,JPYOK,CNNGB,VSL-0027,2025-01-29 19:00:00,2025-02-10 19:00:00,,2025-02-18 19:00:00,,4,Apparel,2413.15,CANCELLED
SHP-02112,CUST-1079,ESVLC,USLGB,VSL-0010,2025-09-13 12:00:00,2025-09-24 12:00:00,2025-09-24 09:00:00,2025-10-11 12:00:00,2025-10-11 07:00:00,26,Furniture,-176.83,DELIVERED
SHP-01210,CUST-1114,CNSHA,HKHKG,VSL-0057,2025-07-15 19:00:00,2025-07-21 19:00:00,2025-07-22 01:00:00,2025-07-24 19:00:00,2025-07-24 20:00:00,40,Pharmaceuticals,2538.89,DELIVERED
SHP-02247,CUST-1197,CNSZX,GBFXT,VSL-0026,2024-12-23 06:00:00,2024-12-28 06:00:00,2024-12-29 07:00:00,2025-02-01 06:00:00,2025-02-05 09:00:00,25,Chemicals,1870.52,DELAYED
SHP-01776,CUST-1233,USLGB,USNYC,VSL-0038,2025-08-10 00:00:00,2025-08-20 00:00:00,2025-08-20 02:00:00,2025-08-30 00:00:00,2025-08-30 00:00:00,2,Consumer Goods,1527.89,DELIVERED
SHP-00496,CUST-1122,GBFXT,INMUN,VSL-0039,2024-10-10 03:00:00,2024-10-17 03:00:00,2024-10-17 08:00:00,2024-11-12 03:00:00,2024-11-12 14:00:00,6,Consumer Goods,1987.89,DELIVERED
SHP-02234,CUST-1079,USLGB,BRSSZ,VSL-0019,2025-05-01 04:00:00,2025-05-05 04:00:00,2025-05-05 02:00:00,2025-05-09 04:00:00,2025-05-09 03:00:00,26,Raw Materials,1611.79,DELIVERED
SHP-04416,CUST-1191,EGPSD,USSAV,VSL-0032,2025-08-22 16:00:00,2025-09-01 16:00:00,2025-09-01 21:00:00,2025-09-23 16:00:00,2025-09-23 09:00:00,8,Electronics,336.91,DELIVERED
SHP-03059,CUST-1131,SGSIN,INMUN,VSL-0035,2025-02-01 08:00:00,2025-02-10 08:00:00,2025-02-10 10:00:00,2025-02-14 08:00:00,2025-02-14 07:00:00,3,Furniture,1697.33,DELIVERED
SHP-00338,CUST-1193,ZADUR,DEHAM,VSL-0049,2025-06-23 11:00:00,2025-06-27 11:00:00,2025-06-27 10:00:00,2025-07-19 11:00:00,2025-07-19 07:00:00,28,Machinery,1581.2,DELIVERED
SHP-00538,CUST-1225,MYPKG,ZADUR,VSL-0026,2024-10-11 07:00:00,2024-10-14 07:00:00,2024-10-14 12:00:00,2024-11-01 07:00:00,2024-11-01 07:00:00,38,Chemicals,1424.7,DELIVERED
SHP-02326,CUST-1173,JPYOK,HKHKG,VSL-0019,2024-06-02 11:00:00,2024-06-11 11:00:00,2024-06-13 00:00:00,2024-06-21 11:00:00,2024-06-22 18:00:00,5,food & beverage,661.35,DELAYED
SHP-02315,CUST-1201,BRSSZ,ZADUR,VSL-0062,2025-08-01 10:00:00,2025-08-13 10:00:00,2025-08-13 16:00:00,2025-09-14 10:00:00,2025-09-14 19:00:00,33,Automotive Parts,1890.5,DELIVERED
SHP-00787,CUST-1202,KRPUS,ESVLC,VSL-0031,2025-03-31 21:00:00,2025-04-08 21:00:00,2025-04-08 23:00:00,2025-04-24 21:00:00,2025-04-25 04:00:00,31,Food & Beverage,56.02,DELIVERED
SHP-03580,CUST-1174,GBFXT,CNNGB,VSL-0036,2024-08-07 19:00:00,2024-08-12 19:00:00,2024-08-13 16:00:00,2024-09-14 19:00:00,2024-09-19 02:00:00,10,Furniture,1180.68,DELAYED
SHP-04347,CUST-1025,XXTST,USLGB,VSL-0022,2025-02-14 06:00:00,2025-02-24 06:00:00,2025-02-24 09:00:00,2025-03-11 06:00:00,2025-03-11 17:00:00,2,Electronics,1494.47,DELIVERED
SHP-02222,CUST-1191,USLAX,CNSZX,VSL-0030,2024-12-08 00:00:00,2024-12-18 00:00:00,2024-12-18 06:00:00,2025-01-22 00:00:00,2025-01-21 23:00:00,1,Automotive Parts,2428.06,DELIVERED
SHP-03915,CUST-1212,BRSSZ,USLAX,VSL-0047,2025-01-23 12:00:00,2025-01-26 12:00:00,2025-01-29 02:00:00,2025-01-29 12:00:00,2025-02-03 23:00:00,25,Automotive Parts,2184.98,DELAYED
SHP-01886,CUST-1250,DEHAM,PKKAR,VSL-0048,2025-01-16 12:00:00,2025-01-30 12:00:00,2025-02-02 01:00:00,2025-02-21 12:00:00,2025-02-25 11:00:00,5,Electronics,1280.31,DELAYED
SHP-02575,CUST-1163,CNSZX,GBFXT,VSL-0033,2025-01-29 14:00:00,2025-02-11 14:00:00,2025-02-14 10:00:00,2025-03-11 14:00:00,2025-03-14 21:00:00,4,Chemicals,1278.17,DELAYED
SHP-01280,CUST-1027,USNYC,BRSSZ,VSL-0015,2025-06-23 12:00:00,2025-07-04 12:00:00,2025-07-05 02:00:00,2025-07-11 12:00:00,2025-07-12 01:00:00,35,Chemicals,626.34,DELIVERED
SHP-00994,CUST-1238,USSAV,ZADUR,VSL-0077,2025-09-17 05:00:00,2025-09-29 05:00:00,2025-09-29 02:00:00,2025-10-19 05:00:00,2025-10-18 22:00:00,35,Electronics,993.78,DELIVERED
SHP-00700,CUST-1128,NLRTM,ESVLC,VSL-0072,2024-12-15 18:00:00,2024-12-20 18:00:00,2024-12-20 14:00:00,2024-12-28 18:00:00,2024-12-28 19:00:00,32,Pharmaceuticals,1749.71,DELIVERED
SHP-02975,CUST-1210,ZADUR,USLGB,VSL-0050,2025-02-27 12:00:00,2025-03-05 12:00:00,2025-03-05 11:00:00,2025-03-24 12:00:00,2025-03-24 04:00:00,16,Apparel,1683.41,DELIVERED
SHP-03412,CUST-1050,KRPUS,HKHKG,VSL-0061,2025-06-21 14:00:00,2025-06-29 14:00:00,2025-06-29 20:00:00,2025-07-09 14:00:00,2025-07-09 12:00:00,3,Furniture,1533.98,DELIVERED
SHP-04598,CUST-1134,GBFXT,USSAV,VSL-0078,2024-12-14 21:00:00,2024-12-22 21:00:00,,2025-01-22 21:00:00,,26,Pharmaceuticals,1926.37,CANCELLED
SHP-01072,CUST-1140,CNNGB,HKHKG,VSL-0033,2024-12-01 14:00:00,2024-12-05 14:00:00,2024-12-05 18:00:00,2024-12-10 14:00:00,2024-12-10 20:00:00,3,Machinery,2175.55,DELIVERED
SHP-01832,CUST-1187,JPYOK,USLGB,VSL-0012,2024-11-21 16:00:00,2024-12-01 16:00:00,2024-12-03 10:00:00,2024-12-17 16:00:00,2024-12-21 15:00:00,36,Furniture,1981.42,DELAYED
SHP-02692,CUST-1044,AEDXB,USLAX,VSL-0057,2025-06-03 18:00:00,2025-06-06 18:00:00,2025-06-06 16:00:00,2025-07-04 18:00:00,2025-07-04 18:00:00,17,APPAREL,469.45,DELIVERED
SHP-00372,CUST-1063,USLGB,JPYOK,VSL-0020,2024-11-24 08:00:00,2024-11-27 08:00:00,2024-11-28 07:00:00,2024-12-23 08:00:00,2024-12-27 01:00:00,19,FURNITURE,2617.69,DELAYED
SHP-03603,CUST-1177,BEANR,ZADUR,VSL-0019,2025-02-03 07:00:00,2025-02-16 07:00:00,2025-02-16 10:00:00,2025-03-13 07:00:00,2025-03-13 12:00:00,16,Raw Materials,2784.42,DELIVERED
SHP-03058,CUST-1089,USSAV,KRPUS,VSL-0023,2024-12-08 20:00:00,2024-12-11 20:00:00,2024-12-12 04:00:00,2025-01-02 20:00:00,2025-01-06 19:00:00,0,Chemicals,2503.54,DELAYED
SHP-03984,CUST-1129,CNSHA,USNYC,VSL-0006,2024-08-10 18:00:00,2024-08-17 18:00:00,2024-08-18 20:00:00,2024-09-11 18:00:00,2024-09-16 03:00:00,33,Machinery,2463.32,DELAYED
SHP-01710,CUST-1045,JPYOK,USLGB,VSL-0016,2024-07-17 22:00:00,2024-07-28 22:00:00,2024-07-29 02:00:00,2024-08-20 22:00:00,2024-08-20 22:00:00,12,Chemicals,2376.34,DELIVERED
SHP-00697,CUST-1207,DEHAM,USLGB,VSL-0043,2025-01-14 18:00:00,2025-01-18 18:00:00,2025-01-18 22:00:00,2025-02-18 18:00:00,2025-02-19 06:00:00,20,Electronics,331.73,DELIVERED
SHP-03317,CUST-1021,CNSZX,KRPUS,VSL-0069,2024-10-19 00:00:00,2024-10-30 00:00:00,2024-11-01 11:00:00,2024-11-09 00:00:00,2024-11-14 23:00:00,38,Chemicals,1561.41,DELAYED
SHP-01008,CUST-1031,CNSHA,USSAV,VSL-0053,2025-05-18 19:00:00,2025-06-01 19:00:00,2025-06-01 20:00:00,2025-06-24 19:00:00,2025-06-24 14:00:00,23,Raw Materials,1909.93,DELIVERED
SHP-02105,CUST-1076,SGSIN,CNNGB,VSL-0031,2025-04-01 21:00:00,2025-04-10 21:00:00,2025-04-10 23:00:00,2025-04-13 21:00:00,2025-04-13 23:00:00,37,Machinery,466.56,DELIVERED
SHP-00269,CUST-1134,CNNGB,INNSA,VSL-0054,2024-11-18 09:00:00,2024-11-22 09:00:00,2024-11-23 03:00:00,2024-11-29 09:00:00,2024-11-30 18:00:00,34,Raw Materials,2636.22,DELAYED
SHP-02662,CUST-1048,INMUN,NLRTM,VSL-0023,2024-11-12 03:00:00,2024-11-24 03:00:00,2024-11-26 13:00:00,2024-12-08 03:00:00,2024-12-13 03:00:00,16, Chemicals,231.47,DELAYED
SHP-04141,CUST-1070,AEDXB,BRSSZ,VSL-0036,2025-02-11 12:00:00,2025-02-23 12:00:00,2025-02-24 09:00:00,2025-03-29 12:00:00,2025-04-02 16:00:00,26,Chemicals,1526.1,DELAYED
SHP-01799,CUST-1174,AEDXB,USLAX,VSL-0066,2024-07-31 21:00:00,2024-08-06 21:00:00,2024-08-07 01:00:00,2024-08-23 21:00:00,2024-08-24 03:00:00,7,Pharmaceuticals,542.14,DELIVERED
SHP-01609,CUST-1230,HKHKG,EGPSD,VSL-0039,2025-09-03 20:00:00,2025-09-10 20:00:00,2025-09-10 18:00:00,2025-10-03 20:00:00,2025-10-03 14:00:00,11,Electronics,587.61,DELIVERED
SHP-04074,CUST-1094,AEDXB,GBFXT,VSL-0045,2024-08-04 04:00:00,2024-08-10 04:00:00,2024-08-12 17:00:00,2024-08-26 04:00:00,2024-08-28 12:00:00,35,Automotive Parts,1495.83,DELAYED
SHP-01017,CUST-1163,USLAX,DEHAM,VSL-0067,2025-06-02 23:00:00,2025-06-13 23:00:00,2025-06-14 04:00:00,2025-06-27 23:00:00,2025-06-27 19:00:00,5,Consumer Goods,847.84,DELIVERED
SHP-02185,CUST-1070,NLRTM,MYPKG,VSL-0063,2025-04-23 08:00:00,2025-04-26 08:00:00,2025-04-26 11:00:00,2025-05-26 08:00:00,2025-05-26 19:00:00,8,Raw Materials,2331.61,DELIVERED
SHP-04088,CUST-1014,USLGB,AEDXB,VSL-0002,2025-06-28 08:00:00,2025-07-11 08:00:00,2025-07-11 14:00:00,2025-08-14 08:00:00,2025-08-14 20:00:00,31,Raw Materials,790.8,DELIVERED
SHP-04469,CUST-1157,EGPSD,BRSSZ,VSL-0052,2025-06-11 07:00:00,2025-06-23 07:00:00,2025-06-23 09:00:00,2025-07-10 07:00:00,2025-07-10 07:00:00,6,Automotive Parts,2227.0,DELIVERED
SHP-04259,CUST-1113,PKKAR,CNNGB,VSL-0079,2025-04-11 10:00:00,2025-04-18 10:00:00,2025-04-19 16:00:00,2025-04-27 10:00:00,2025-05-01 15:00:00,16,Chemicals,1188.88,DELAYED
SHP-02394,CUST-1211,ESVLC,BRSSZ,VSL-0075,2025-10-13 18:00:00,2025-10-16 18:00:00,2025-10-16 22:00:00,2025-10-30 18:00:00,2025-10-31 06:00:00,31,Chemicals,2216.24,DELIVERED
SHP-01151,CUST-1228,INNSA,HKHKG,VSL-0070,2024-08-01 20:00:00,2024-08-06 20:00:00,2024-08-07 00:00:00,2024-08-13 20:00:00,2024-08-13 23:00:00,12,Automotive Parts,2701.91,DELIVERED
SHP-03774,CUST-1182,THBKK,ZADUR,VSL-0028,2025-06-02 00:00:00,2025-06-15 00:00:00,2025-06-16 15:00:00,2025-07-19 00:00:00,2025-07-21 18:00:00,40,Electronics,2031.79,DELAYED
SHP-01558,CUST-1016,AEDXB,MYPKG,VSL-0040,2025-04-11 09:00:00,2025-04-23 09:00:00,2025-04-24 18:00:00,2025-05-15 09:00:00,2025-05-20 13:00:00,4,machinery ,2087.25,DELAYED
SHP-03805,CUST-1239,USLAX,USNYC,VSL-0039,2025-07-29 03:00:00,2025-08-03 03:00:00,2025-08-03 03:00:00,2025-08-12 03:00:00,2025-08-12 01:00:00,5,Consumer Goods,1225.18,DELIVERED
SHP-04639,CUST-1234,HKHKG,BEANR,VSL-0069,2024-08-31 11:00:00,2024-09-06 11:00:00,2024-09-06 17:00:00,2024-10-03 11:00:00,2024-10-03 13:00:00,10,Apparel,506.18,DELIVERED
SHP-01826,CUST-1226,DEHAM,USNYC,VSL-0065,2025-01-21 23:00:00,2025-02-03 23:00:00,2025-02-05 20:00:00,2025-02-22 23:00:00,2025-02-26 06:00:00,17,Apparel,2141.92,DELAYED
SHP-00347,CUST-1162,HKHKG,CNSHA,VSL-0071,2025-07-02 22:00:00,2025-07-14 22:00:00,2025-07-14 21:00:00,2025-07-22 22:00:00,2025-07-22 20:00:00,33,Pharmaceuticals,177.43,DELIVERED
SHP-03546,CUST-1077,HKHKG,NLRTM,VSL-0058,2025-09-20 03:00:00,2025-10-01 03:00:00,,2025-10-25 03:00:00,,30,Furniture,1617.35,CANCELLED
SHP-01520,CUST-1163,INMUN,ZADUR,VSL-0030,2024-06-05 21:00:00,2024-06-19 21:00:00,2024-06-19 22:00:00,2024-07-09 21:00:00,2024-07-10 01:00:00,36,Apparel,2112.62,DELIVERED
SHP-03064,CUST-1229,USLAX,BEANR,VSL-0053,2024-11-09 09:00:00,2024-11-15 09:00:00,2024-11-15 07:00:00,2024-12-07 09:00:00,2024-12-07 10:00:00,8,Consumer Goods,379.5,DELIVERED
SHP-02422,CUST-1050,GBFXT,CNNGB,VSL-0074,2024-11-29 05:00:00,2024-12-07 05:00:00,2024-12-09 07:00:00,2025-01-05 05:00:00,2025-01-09 17:00:00,25,Chemicals,88.49,DELAYED
SHP-02264,CUST-1040,AEDXB,SGSIN,VSL-0021,2025-02-24 13:00:00,2025-03-04 13:00:00,2025-03-06 03:00:00,2025-04-04 13:00:00,2025-04-09 20:00:00,34,Automotive Parts,606.0,DELAYED
SHP-04342,CUST-1158,CNNGB,BEANR,VSL-0031,2025-01-14 14:00:00,2025-01-25 14:00:00,2025-01-25 11:00:00,2025-02-09 14:00:00,2025-02-09 18:00:00,28,Furniture,973.22,DELIVERED
SHP-01723,CUST-1193,MYPKG,GBFXT,VSL-0038,2025-01-19 05:00:00,2025-01-23 05:00:00,2025-01-25 21:00:00,2025-02-27 05:00:00,2025-03-05 06:00:00,25,Electronics,655.15,DELAYED
SHP-00140,CUST-1137,MYPKG,THBKK,VSL-0029,2024-06-08 05:00:00,2024-06-20 05:00:00,2024-06-20 05:00:00,2024-06-28 05:00:00,2024-06-27 22:00:00,40,Food & Beverage,2103.24,DELIVERED
SHP-04449,CUST-1183,GBFXT,INMUN,VSL-0051,2025-10-09 00:00:00,2025-10-12 00:00:00,2025-10-12 08:00:00,2025-11-02 00:00:00,2025-11-03 10:00:00,28,Electronics,1508.14,DELAYED
SHP-00050,CUST-1117,INMUN,BEANR,VSL-0033,2024-08-07 04:00:00,2024-08-20 04:00:00,2024-08-20 05:00:00,2024-09-18 04:00:00,2024-09-18 07:00:00,37,Food & Beverage,1680.93,DELIVERED
SHP-01503,CUST-1027,BEANR,GBFXT,VSL-0046,2024-08-21 06:00:00,2024-09-01 06:00:00,2024-09-02 13:00:00,2024-09-08 06:00:00,2024-09-11 17:00:00,3,Furniture,2342.72,DELAYED
SHP-03753,CUST-1084,NLRTM,KRPUS,VSL-0026,2025-05-01 08:00:00,2025-05-04 08:00:00,2025-04-30 05:00:00,2025-06-04 08:00:00,2025-06-06 15:00:00,2,Pharmaceuticals,267.74,DELAYED
SHP-03760,CUST-1144,THBKK,BEANR,VSL-0075,2024-09-07 23:00:00,2024-09-16 23:00:00,2024-09-16 21:00:00,2024-10-04 23:00:00,2024-10-05 03:00:00,13,electronics,1381.7,DELIVERED
SHP-00512,CUST-1076,USLGB,NLRTM,VSL-0038,2025-01-21 22:00:00,2025-01-30 22:00:00,2025-01-31 00:00:00,2025-03-01 22:00:00,2025-03-01 21:00:00,14,Apparel,605.54,DELIVERED
SHP-02102,CUST-1089,CNSZX,AEDXB,VSL-0001,2025-01-29 09:00:00,2025-02-01 09:00:00,2025-02-01 18:00:00,2025-02-23 09:00:00,2025-02-23 14:00:00,39,Machinery,1157.55,DELIVERED
SHP-01890,CUST-1205,PKKAR,ZADUR,VSL-0041,2025-01-15 13:00:00,2025-01-25 13:00:00,2025-01-27 15:00:00,2025-02-12 13:00:00,2025-02-18 06:00:00,35,Electronics,464.02,DELAYED
SHP-02708,CUST-1077,USLGB,ZADUR,VSL-0014,2025-06-08 10:00:00,2025-06-19 10:00:00,2025-06-19 16:00:00,2025-07-15 10:00:00,2025-07-15 17:00:00,5,Apparel,2164.22,DELIVERED
SHP-01288,CUST-1145,GBFXT,BEANR,VSL-0080,2024-06-13 09:00:00,2024-06-21 09:00:00,2024-06-21 21:00:00,2024-06-26 09:00:00,2024-06-27 14:00:00,31,Food & Beverage,1709.47,DELAYED
SHP-03842,CUST-1146,INMUN,SGSIN,VSL-0022,2025-09-19 07:00:00,2025-09-23 07:00:00,2025-09-23 13:00:00,2025-09-28 07:00:00,2025-09-28 10:00:00,19,Consumer Goods,2010.15,DELIVERED
SHP-04333,CUST-1029,PKKAR,THBKK,VSL-0012,2024-09-27 17:00:00,2024-09-30 17:00:00,,2024-10-10 17:00:00,,39,Electronics,1493.15,CANCELLED
SHP-04085,CUST-1164,NLRTM,INNSA,VSL-0024,2025-03-20 10:00:00,2025-03-31 10:00:00,2025-04-01 01:00:00,2025-04-29 10:00:00,2025-04-30 15:00:00,31,Food & Beverage,2416.43,DELAYED
SHP-03253,CUST-1170,CNSZX,AEDXB,VSL-0010,2025-08-31 16:00:00,2025-09-14 16:00:00,2025-09-16 14:00:00,2025-10-19 16:00:00,2025-10-21 20:00:00,9,Furniture,2614.56,DELAYED
SHP-03360,CUST-1156,CNSZX,CNNGB,VSL-0013,2025-07-31 11:00:00,2025-08-09 11:00:00,2025-08-10 07:00:00,2025-08-19 11:00:00,2025-08-22 01:00:00,26,Electronics,351.12,DELAYED
SHP-01276,CUST-1174,USLGB,SGSIN,VSL-0064,2024-10-15 02:00:00,2024-10-26 02:00:00,2024-10-26 06:00:00,2024-11-11 02:00:00,2024-11-11 13:00:00,13,Furniture,2005.86,DELIVERED
SHP-01158,CUST-1094,CNSHA,USLAX,VSL-0034,2025-02-01 20:00:00,2025-02-07 20:00:00,2025-02-07 19:00:00,2025-03-01 20:00:00,2025-03-01 19:00:00,31,Raw Materials,2761.89,DELIVERED
SHP-00490,CUST-1156,MYPKG,USLGB,VSL-0059,2025-09-06 21:00:00,2025-09-16 21:00:00,2025-09-16 20:00:00,2025-10-18 21:00:00,2025-10-18 19:00:00,23,Machinery,1299.14,DELIVERED
SHP-00416,CUST-1166,CNSHA,USSAV,VSL-0029,2025-04-29 03:00:00,2025-05-06 03:00:00,2025-05-08 18:00:00,2025-05-24 03:00:00,2025-05-27 21:00:00,11,Machinery,955.2,DELAYED
SHP-02777,CUST-1142,DEHAM,HKHKG,VSL-0020,2025-09-05 21:00:00,2025-09-10 21:00:00,2025-09-11 03:00:00,2025-10-10 21:00:00,2025-10-11 02:00:00,2,Furniture,1816.52,DELIVERED
SHP-02710,CUST-1080,HKHKG,USNYC,VSL-0011,2025-05-19 22:00:00,2025-05-29 22:00:00,2025-05-30 02:00:00,2025-06-23 22:00:00,2025-06-27 11:00:00,1,Furniture,471.54,DELAYED
SHP-04336,CUST-1027,SGSIN,THBKK,VSL-0046,2025-09-10 21:00:00,2025-09-19 21:00:00,2025-09-22 17:00:00,2025-09-28 21:00:00,2025-10-05 00:00:00,34,Machinery,1628.65,DELAYED
SHP-04308,CUST-1033,INNSA,EGPSD,VSL-0034,2024-07-06 17:00:00,2024-07-17 17:00:00,2024-07-18 01:00:00,2024-08-06 17:00:00,2024-08-09 11:00:00,32,Consumer Goods,2695.91,DELAYED
SHP-00330,CUST-1108,USLAX,SGSIN,VSL-0001,2025-09-15 06:00:00,2025-09-23 06:00:00,2025-09-24 10:00:00,2025-10-13 06:00:00,2025-10-15 05:00:00,11,Furniture,1139.93,DELAYED
SHP-03452,CUST-1193,ZADUR,MYPKG,VSL-0024,2024-06-16 21:00:00,2024-06-23 21:00:00,2024-06-25 23:00:00,2024-07-16 21:00:00,2024-07-21 15:00:00,16,Raw Materials,1431.83,DELAYED
SHP-00951,CUST-1045,USNYC,THBKK,VSL-0015,2025-06-01 01:00:00,2025-06-08 01:00:00,2025-06-07 21:00:00,2025-06-22 01:00:00,2025-06-21 18:00:00,30,APPAREL,666.8,DELIVERED
SHP-00625,CUST-1235,CNSHA,USLGB,VSL-0068,2024-10-26 15:00:00,2024-11-08 15:00:00,2024-11-08 18:00:00,2024-12-05 15:00:00,2024-12-05 21:00:00,18,Furniture,2744.2,DELIVERED
SHP-03040,CUST-1084,ESVLC,GBFXT,VSL-0013,2025-06-30 17:00:00,2025-07-13 17:00:00,2025-07-16 06:00:00,2025-07-16 17:00:00,2025-07-21 07:00:00,20,Consumer Goods,2093.2,DELAYED
SHP-00211,CUST-1206,MYPKG,THBKK,VSL-0051,2024-08-20 19:00:00,2024-08-25 19:00:00,,2024-09-02 19:00:00,,5,Food & Beverage,1730.41,CANCELLED
SHP-00383,CUST-1109,JPYOK,MYPKG,VSL-0059,2024-06-10 11:00:00,2024-06-19 11:00:00,2024-06-19 23:00:00,2024-06-28 11:00:00,2024-06-29 01:00:00,5,Automotive Parts,1231.57,DELIVERED
SHP-02359,CUST-1073,NLRTM,MYPKG,VSL-0068,2025-05-05 19:00:00,2025-05-15 19:00:00,2025-05-17 03:00:00,2025-06-02 19:00:00,2025-06-05 17:00:00,16,Raw Materials,1398.12,DELAYED
SHP-01004,CUST-1012,USLAX,JPYOK,VSL-0053,2025-09-25 02:00:00,2025-09-28 02:00:00,,2025-10-23 02:00:00,,35,Apparel,739.37,CANCELLED
SHP-01864,CUST-1203,THBKK,USSAV,VSL-0076,2025-05-11 10:00:00,2025-05-20 10:00:00,2025-05-21 11:00:00,2025-06-23 10:00:00,2025-06-24 15:00:00,25,Apparel,2021.24,DELAYED
SHP-01552,CUST-1203,ZADUR,THBKK,VSL-0057,2024-08-16 08:00:00,2024-08-22 08:00:00,2024-08-22 05:00:00,2024-09-06 08:00:00,2024-09-06 18:00:00,34,Raw Materials,2273.8,DELIVERED
SHP-00832,CUST-1151,KRPUS,AEDXB,VSL-0031,2025-05-14 02:00:00,2025-05-23 02:00:00,2025-05-25 17:00:00,2025-06-10 02:00:00,2025-06-13 07:00:00,17,Chemicals,1550.84,DELAYED
SHP-04255,CUST-1035,INMUN,AEDXB,VSL-0062,2025-01-12 19:00:00,2025-01-24 19:00:00,2025-01-27 12:00:00,2025-02-15 19:00:00,2025-02-19 18:00:00,5,Electronics,-192.2,DELAYED
SHP-00945,CUST-1089,USLGB,CNSHA,VSL-0034,2025-06-27 19:00:00,2025-07-04 19:00:00,2025-07-04 23:00:00,2025-07-24 19:00:00,2025-07-24 22:00:00,34,electronics,1878.79,DELIVERED
SHP-01592,CUST-1044,KRPUS,PKKAR,VSL-0044,2025-04-18 14:00:00,2025-05-01 14:00:00,2025-05-04 10:00:00,2025-05-08 14:00:00,2025-05-13 18:00:00,13,Food & Beverage,703.2,DELAYED
SHP-01349,CUST-1228,XXTST,KRPUS,VSL-0015,2025-05-30 19:00:00,2025-06-08 19:00:00,2025-06-08 17:00:00,2025-07-07 19:00:00,2025-07-07 13:00:00,35,Automotive Parts,2650.73,DELIVERED
SHP-02936,CUST-1085,INNSA,CNNGB,VSL-0079,2024-12-24 10:00:00,2024-12-28 10:00:00,,2025-01-05 10:00:00,,24,Apparel,2519.54,CANCELLED
SHP-02267,CUST-1009,THBKK,INNSA,VSL-0030,2024-07-23 21:00:00,2024-08-01 21:00:00,2024-08-04 07:00:00,2024-08-10 21:00:00,2024-08-16 13:00:00,12,Consumer Goods,2691.51,DELAYED
SHP-01186,CUST-1045,CNNGB,BEANR,VSL-0033,2024-07-28 08:00:00,2024-08-03 08:00:00,2024-08-03 09:00:00,2024-08-26 08:00:00,2024-08-26 03:00:00,26,Electronics,1117.5,DELIVERED
SHP-04992,CUST-1066,MYPKG,BEANR,VSL-0003,2024-11-06 07:00:00,2024-11-18 07:00:00,2024-11-18 12:00:00,2024-12-17 07:00:00,2024-12-17 05:00:00,32,Machinery,2068.68,DELIVERED
SHP-01209,CUST-1215,USLGB,THBKK,VSL-0025,2025-02-19 21:00:00,2025-02-24 21:00:00,2025-02-24 19:00:00,2025-03-23 21:00:00,2025-03-23 22:00:00,38,Machinery,410.95,DELIVERED
SHP-03301,CUST-1137,BRSSZ,USSAV,VSL-0045,2024-06-21 02:00:00,2024-06-30 02:00:00,2024-06-30 06:00:00,2024-07-05 02:00:00,2024-07-05 09:00:00,2,Pharmaceuticals,692.72,DELIVERED
SHP-04693,CUST-1085,INMUN,SGSIN,VSL-0008,2024-06-22 06:00:00,2024-07-04 06:00:00,2024-07-06 16:00:00,2024-07-11 06:00:00,2024-07-14 06:00:00,8,Apparel,2085.02,DELAYED
SHP-00796,CUST-1068,USLAX,INNSA,VSL-0048,2025-05-12 23:00:00,2025-05-20 23:00:00,2025-05-23 14:00:00,2025-06-20 23:00:00,2025-06-24 02:00:00,27,Consumer Goods,905.8,DELAYED
SHP-01101,CUST-1154,DEHAM,ESVLC,VSL-0042,2024-08-08 10:00:00,2024-08-21 10:00:00,2024-08-21 11:00:00,2024-08-31 10:00:00,2024-08-31 17:00:00,25,Automotive Parts,1144.32,DELIVERED
SHP-04312,CUST-1096,JPYOK,USNYC,VSL-0072,2024-12-19 00:00:00,2025-01-01 00:00:00,2025-01-02 14:00:00,2025-01-28 00:00:00,2025-01-29 15:00:00,34,Furniture,915.49,DELAYED
SHP-02613,CUST-1049,USLGB,CNSHA,VSL-0045,2025-01-05 22:00:00,2025-01-19 22:00:00,2025-01-20 05:00:00,2025-02-16 22:00:00,2025-02-18 00:00:00,37,Electronics,1437.04,DELAYED
SHP-02413,CUST-1011,NLRTM,ESVLC,VSL-0008,2025-06-06 06:00:00,2025-06-09 06:00:00,2025-06-09 05:00:00,2025-06-13 06:00:00,2025-06-13 03:00:00,21,Electronics,1149.0,DELIVERED
SHP-03500,CUST-1239,AEDXB,USLAX,VSL-0009,2025-04-08 15:00:00,2025-04-11 15:00:00,2025-04-11 11:00:00,2025-05-07 15:00:00,2025-05-07 21:00:00,27,Automotive Parts,2271.63,DELIVERED
SHP-03920,CUST-1173,AEDXB,JPYOK,VSL-0016,2025-02-23 22:00:00,2025-03-08 22:00:00,2025-03-09 15:00:00,2025-04-09 22:00:00,2025-04-12 23:00:00,32,Automotive Parts,778.05,DELAYED
SHP-02809,CUST-1204,DEHAM,EGPSD,VSL-0062,2024-08-26 03:00:00,2024-09-01 03:00:00,2024-09-02 03:00:00,2024-09-30 03:00:00,2024-10-01 04:00:00,37,Chemicals,1062.33,DELAYED
SHP-00073,CUST-1114,BEANR,KRPUS,VSL-0001,2024-06-17 12:00:00,2024-06-29 12:00:00,2024-07-01 10:00:00,2024-07-15 12:00:00,2024-07-20 16:00:00,23,Consumer Goods,96.45,DELAYED
SHP-03384,CUST-1205,GBFXT,DEHAM,VSL-0056,2025-06-11 15:00:00,2025-06-24 15:00:00,2025-06-26 18:00:00,2025-07-03 15:00:00,2025-07-08 06:00:00,21,Chemicals,1059.77,DELAYED
SHP-00613,CUST-1185,DEHAM,MYPKG,VSL-0076,2024-11-29 11:00:00,2024-12-02 11:00:00,2024-12-04 05:00:00,2024-12-23 11:00:00,2024-12-27 06:00:00,23,Pharmaceuticals,682.3,DELAYED
SHP-00766,CUST-1218,AEDXB,CNNGB,VSL-0026,2024-08-17 06:00:00,2024-08-23 06:00:00,2024-08-23 10:00:00,2024-09-16 06:00:00,2024-09-16 15:00:00,0,Furniture,2618.57,DELIVERED
SHP-04741,CUST-1227,ZADUR,USLAX,VSL-0014,2025-09-06 01:00:00,2025-09-11 01:00:00,2025-09-11 07:00:00,2025-10-11 01:00:00,2025-10-10 20:00:00,36,Chemicals,849.25,DELIVERED
SHP-00939,CUST-1044,ESVLC,NLRTM,VSL-0019,2025-06-03 03:00:00,2025-06-07 03:00:00,2025-06-10 00:00:00,2025-06-10 03:00:00,2025-06-14 04:00:00,9,Machinery,1540.83,DELAYED
SHP-00088,CUST-1060,EGPSD,JPYOK,VSL-0045,2024-11-24 13:00:00,2024-12-03 13:00:00,2024-12-05 08:00:00,2024-12-23 13:00:00,2024-12-26 00:00:00,15,Pharmaceuticals,1643.3,DELAYED
SHP-00780,CUST-1048,EGPSD,SGSIN,VSL-0008,2024-11-10 11:00:00,2024-11-14 11:00:00,2024-11-14 09:00:00,2024-12-16 11:00:00,2024-12-16 22:00:00,33,Automotive Parts,2133.39,DELIVERED
SHP-00334,CUST-1242,USLAX,CNNGB,VSL-0067,2025-06-10 17:00:00,2025-06-18 17:00:00,2025-06-18 23:00:00,2025-07-19 17:00:00,2025-07-19 11:00:00,22,Raw Materials,1478.65,DELIVERED
SHP-04523,CUST-1070,HKHKG,SGSIN,VSL-0052,2025-08-01 20:00:00,2025-08-12 20:00:00,2025-08-12 16:00:00,2025-08-20 20:00:00,2025-08-21 05:00:00,29,Furniture,2734.88,DELIVERED
SHP-01648,CUST-1211,CNSHA,USSAV,VSL-0080,2024-08-29 04:00:00,2024-09-10 04:00:00,2024-09-10 11:00:00,2024-10-12 04:00:00,2024-10-13 07:00:00,24,Pharmaceuticals,1620.16,DELAYED
SHP-00279,CUST-1094,THBKK,GBFXT,VSL-0022,2024-06-06 09:00:00,2024-06-10 09:00:00,2024-06-10 12:00:00,2024-06-28 09:00:00,2024-06-28 19:00:00,21,Pharmaceuticals,426.91,DELIVERED
SHP-00776,CUST-1236,CNNGB,MYPKG,VSL-0054,2024-10-26 13:00:00,2024-10-31 13:00:00,2024-10-31 18:00:00,2024-11-10 13:00:00,2024-11-10 21:00:00,27,Food & Beverage,1546.22,DELIVERED
SHP-04300,CUST-1140,USSAV,BEANR,VSL-0046,2025-02-03 00:00:00,2025-02-08 00:00:00,,2025-02-24 00:00:00,,14,Electronics,1742.63,N/A
SHP-04198,CUST-1230,USLAX,MYPKG,VSL-0070,2024-09-16 02:00:00,2024-09-20 02:00:00,2024-09-20 06:00:00,2024-10-12 02:00:00,2024-10-12 02:00:00,8,Automotive parts,1832.2,DELIVERED
SHP-03416,CUST-1085,HKHKG,MYPKG,VSL-0047,2025-05-22 03:00:00,2025-05-30 03:00:00,2025-05-30 03:00:00,2025-06-02 03:00:00,2025-06-02 06:00:00,33,Pharmaceuticals,749.76,DELIVERED
SHP-02425,CUST-1177,KRPUS,CNSZX,VSL-0018,2025-03-26 09:00:00,2025-04-07 09:00:00,2025-04-07 14:00:00,2025-04-16 09:00:00,2025-04-19 22:00:00,27,Food & Beverage,289.75,DELAYED
SHP-01813,CUST-1010,CNNGB,BRSSZ,VSL-0025,2024-12-25 18:00:00,2025-01-08 18:00:00,2025-01-10 04:00:00,2025-01-23 18:00:00,2025-01-25 06:00:00,6,Pharmaceuticals,1200.36,DELAYED
SHP-03630,CUST-1043,EGPSD,DEHAM,VSL-0037,2024-07-17 09:00:00,2024-07-29 09:00:00,2024-07-31 16:00:00,2024-08-20 09:00:00,2024-08-24 18:00:00,27,Raw Materials,397.09,DELAYED
SHP-04072,CUST-1118,USSAV,USNYC,VSL-0077,2025-09-19 16:00:00,2025-09-30 16:00:00,2025-09-30 13:00:00,2025-10-10 16:00:00,2025-10-10 14:00:00,40,Machinery,2669.49,DELIVERED
SHP-04174,CUST-1177,BEANR,INNSA,VSL-0049,2025-07-04 07:00:00,2025-07-12 07:00:00,2025-07-12 06:00:00,2025-07-26 07:00:00,2025-07-26 05:00:00,33,Consumer Goods,231.6,DELIVERED
SHP-03901,CUST-1062,USSAV,NLRTM,VSL-0022,2024-08-10 19:00:00,2024-08-15 19:00:00,2024-08-15 16:00:00,2024-09-07 19:00:00,2024-09-07 15:00:00,7,Pharmaceuticals,2444.74,DELIVERED
SHP-03524,CUST-1172,HKHKG,ZADUR,VSL-0075,2024-11-07 03:00:00,2024-11-10 03:00:00,2024-11-10 05:00:00,2024-11-25 03:00:00,2024-11-25 12:00:00,4,electronics,2729.0,DELIVERED
SHP-03175,CUST-1210,USLAX,BRSSZ,VSL-0071,2025-10-13 01:00:00,2025-10-18 01:00:00,2025-10-19 12:00:00,2025-10-23 01:00:00,2025-10-25 07:00:00,6,Food & Beverage,1678.92,DELAYED
SHP-01325,CUST-1195,USSAV,BEANR,VSL-0019,2024-09-07 22:00:00,2024-09-10 22:00:00,2024-09-11 03:00:00,2024-10-10 22:00:00,2024-10-12 01:00:00,7,Chemicals,754.51,DELAYED
SHP-03754,CUST-1184,EGPSD,PKKAR,VSL-0050,2025-09-21 08:00:00,2025-10-02 08:00:00,2025-10-04 06:00:00,2025-10-28 08:00:00,2025-11-02 07:00:00,10,Food & Beverage,2489.06,DELAYED
SHP-02182,CUST-1187,BRSSZ,EGPSD,VSL-0071,2025-05-14 23:00:00,2025-05-17 23:00:00,2025-05-20 16:00:00,2025-06-02 23:00:00,2025-06-06 13:00:00,34,Chemicals,1973.84,DELAYED
SHP-01014,CUST-1129,DEHAM,AEDXB,VSL-0001,2024-11-02 10:00:00,2024-11-14 10:00:00,2024-11-14 07:00:00,2024-12-02 10:00:00,2024-12-02 11:00:00,14,Machinery,1251.38,DELIVERED
SHP-02133,CUST-1137,HKHKG,THBKK,VSL-0062,2025-08-13 21:00:00,2025-08-20 21:00:00,2025-08-21 02:00:00,2025-08-30 21:00:00,2025-08-31 02:00:00,14,Electronics,1838.33,DELIVERED
SHP-02481,CUST-1085,ZADUR,DEHAM,VSL-0034,2025-04-14 06:00:00,2025-04-26 06:00:00,2025-04-26 07:00:00,2025-05-28 06:00:00,2025-05-31 18:00:00,24,Machinery,2347.72,DELAYED
SHP-02283,CUST-1040,USLAX,ZADUR,VSL-0074,2025-09-11 15:00:00,2025-09-21 15:00:00,2025-09-23 23:00:00,2025-10-06 15:00:00,2025-10-11 00:00:00,25,Raw Materials,1302.24,DELAYED
SHP-03031,CUST-1112,USLAX,USNYC,VSL-0040,2024-08-06 12:00:00,2024-08-16 12:00:00,2024-08-16 11:00:00,2024-08-25 12:00:00,2024-08-25 13:00:00,3,Furniture,2450.32,DELIVERED
SHP-01167,CUST-1034,EGPSD,MYPKG,VSL-0058,2024-06-12 20:00:00,2024-06-23 20:00:00,2024-06-24 02:00:00,2024-07-27 20:00:00,2024-07-27 20:00:00,16,Furniture,1127.95,DELIVERED
SHP-04942,CUST-1053,NLRTM,BRSSZ,VSL-0039,2025-02-19 07:00:00,2025-03-05 07:00:00,2025-03-05 06:00:00,2025-03-19 07:00:00,2025-03-19 01:00:00,13,FURNITURE,795.31,DELIVERED
SHP-01827,CUST-1098,USLGB,INMUN,VSL-0072,2024-06-25 01:00:00,2024-07-04 01:00:00,2024-07-06 19:00:00,2024-08-05 01:00:00,2024-08-09 23:00:00,24,Food & Beverage,2095.87,DELAYED
SHP-03700,CUST-1242,AEDXB,THBKK,VSL-0014,2024-12-20 13:00:00,2024-12-24 13:00:00,2024-12-26 00:00:00,2025-01-24 13:00:00,2025-01-25 22:00:00,15,Food & Beverage,2686.09,DELAYED
SHP-03793,CUST-1000,BEANR,GBFXT,VSL-0042,2024-07-20 07:00:00,2024-08-01 07:00:00,2024-08-03 12:00:00,2024-08-05 07:00:00,2024-08-09 05:00:00,27,Pharmaceuticals,697.16,DELAYED
SHP-01595,CUST-1147,THBKK,EGPSD,VSL-0058,2025-04-13 07:00:00,2025-04-21 07:00:00,2025-04-21 08:00:00,2025-05-25 07:00:00,2025-05-25 17:00:00,39,Raw Materials,2415.44,DELIVERED
SHP-02391,CUST-1201,THBKK,CNSZX,VSL-0008,2025-04-08 00:00:00,2025-04-20 00:00:00,2025-04-22 01:00:00,2025-04-24 00:00:00,2025-04-26 17:00:00,40,Automotive Parts,2502.16,DELAYED
SHP-00074,CUST-1014,USLAX,BRSSZ,VSL-0008,2025-05-13 17:00:00,2025-05-18 17:00:00,2025-05-19 15:00:00,2025-05-28 17:00:00,2025-06-02 08:00:00,16,Raw Materials,1011.4,DELAYED
SHP-01176,CUST-1115,CNSHA,BEANR,VSL-0069,2025-08-11 22:00:00,2025-08-14 22:00:00,2025-08-17 10:00:00,2025-08-29 22:00:00,2025-09-03 04:00:00,39, Chemicals,2526.81,DELAYED
SHP-01866,CUST-1239,INMUN,JPYOK,VSL-0078,2025-06-07 04:00:00,2025-06-20 04:00:00,2025-06-21 05:00:00,2025-06-29 04:00:00,2025-06-30 16:00:00,4,Consumer Goods,1239.49,DELAYED
SHP-03746,CUST-1155,USLGB,KRPUS,VSL-0053,2025-07-03 17:00:00,2025-07-11 17:00:00,2025-07-12 21:00:00,2025-07-26 17:00:00,2025-07-28 20:00:00,14,Chemicals,140.94,DELAYED
SHP-04539,CUST-1187,INNSA,AEDXB,VSL-0034,2025-04-13 17:00:00,2025-04-18 17:00:00,2025-04-19 20:00:00,2025-05-05 17:00:00,2025-05-09 08:00:00,28,Chemicals,1107.79,DELAYED
SHP-00920,CUST-1133,JPYOK,EGPSD,VSL-0011,2025-09-17 00:00:00,2025-09-20 00:00:00,2025-09-20 01:00:00,2025-10-05 00:00:00,2025-10-04 16:00:00,28,Pharmaceuticals,1336.07,DELIVERED
SHP-02317,CUST-1200,ZADUR,DEHAM,VSL-0061,2025-06-06 13:00:00,2025-06-11 13:00:00,2025-06-11 11:00:00,2025-06-27 13:00:00,2025-06-27 21:00:00,19,Chemicals,980.73,DELIVERED
SHP-02521,CUST-1235,THBKK,HKHKG,VSL-0025,2025-01-19 13:00:00,2025-01-29 13:00:00,2025-01-29 16:00:00,2025-02-08 13:00:00,2025-02-08 19:00:00,25,Consumer Goods,1261.03,DELIVERED
SHP-01389,CUST-1027,AEDXB,EGPSD,VSL-0069,2025-02-27 09:00:00,2025-03-04 09:00:00,2025-03-04 14:00:00,2025-03-08 09:00:00,2025-03-08 05:00:00,38,Pharmaceuticals,339.26,DELIVERED
SHP-04594,CUST-1083,NLRTM,BEANR,VSL-0017,2025-06-04 05:00:00,2025-06-15 05:00:00,2025-06-15 03:00:00,2025-06-24 05:00:00,2025-06-24 16:00:00,37,Food & Beverage,1029.22,DELIVERED
SHP-03226,CUST-1094,DEHAM,CNSHA,VSL-0007,2024-07-11 00:00:00,2024-07-15 00:00:00,,2024-07-31 00:00:00,,33,Food & Beverage,145.65,CANCELLED
SHP-03522,CUST-1027,SGSIN,INNSA,VSL-0077,2024-08-07 20:00:00,2024-08-18 20:00:00,2024-08-19 23:00:00,2024-08-26 20:00:00,2024-08-28 12:00:00,7,Consumer Goods,2613.87,DELAYED
SHP-01971,CUST-1221,JPYOK,PKKAR,VSL-0040,2024-11-14 11:00:00,2024-11-19 11:00:00,2024-11-21 15:00:00,2024-11-22 11:00:00,2024-11-27 00:00:00,5,Machinery,1311.31,DELAYED
SHP-00895,CUST-1097,CNSHA,INMUN,VSL-0011,2024-09-22 00:00:00,2024-09-25 00:00:00,2024-09-24 21:00:00,2024-09-28 00:00:00,2024-09-28 05:00:00,33,Chemicals,700.87,DELIVERED
SHP-04699,CUST-1112,USNYC,BRSSZ,VSL-0080,2024-08-28 10:00:00,2024-09-04 10:00:00,2024-09-06 01:00:00,2024-09-11 10:00:00,2024-09-17 01:00:00,34,Machinery,2400.56,DELAYED
SHP-02605,CUST-1136,DEHAM,SGSIN,VSL-0076,2025-02-02 19:00:00,2025-02-10 19:00:00,2025-02-12 20:00:00,2025-02-28 19:00:00,2025-03-05 07:00:00,15,Pharmaceuticals,-24.21,DELAYED
SHP-01015,CUST-1047,BRSSZ,THBKK,VSL-0026,2025-08-25 01:00:00,2025-09-03 01:00:00,2025-09-03 04:00:00,2025-09-30 01:00:00,2025-09-30 04:00:00,27,Pharmaceuticals,1309.22,DELIVERED
SHP-04337,CUST-1200,KRPUS,THBKK,VSL-0058,2025-03-06 20:00:00,2025-03-14 20:00:00,2025-03-17 07:00:00,2025-03-22 20:00:00,2025-03-26 23:00:00,20,Food & Beverage,1223.58,DELAYED
SHP-04025,CUST-1096,PKKAR,GBFXT,VSL-0070,2024-09-11 06:00:00,2024-09-25 06:00:00,2024-09-25 11:00:00,2024-10-13 06:00:00,2024-10-13 15:00:00,40,Machinery,2014.96,DELIVERED
SHP-03246,CUST-1133,USLAX,BEANR,VSL-0076,2025-02-25 11:00:00,2025-03-11 11:00:00,2025-03-11 14:00:00,2025-03-27 11:00:00,2025-03-27 12:00:00,31,Automotive Parts,1838.07,DELIVERED
SHP-03386,CUST-1034,HKHKG,ZADUR,VSL-0071,2024-06-09 12:00:00,2024-06-19 12:00:00,2024-06-19 17:00:00,2024-07-10 12:00:00,2024-07-10 16:00:00,38,Pharmaceuticals,2168.46,DELIVERED
SHP-00803,CUST-1129,INMUN,ZADUR,VSL-0036,2025-08-03 16:00:00,2025-08-11 16:00:00,2025-08-11 17:00:00,2025-09-08 16:00:00,2025-09-09 01:00:00,5,Machinery,1633.33,DELIVERED
SHP-04157,CUST-1153,HKHKG,USNYC,VSL-0004,2025-09-14 20:00:00,2025-09-20 20:00:00,2025-09-20 19:00:00,2025-10-19 20:00:00,2025-10-19 18:00:00,25,Consumer Goods,1445.08,DELIVERED
SHP-01935,CUST-1036,USLGB,INNSA,VSL-0025,2025-07-06 17:00:00,2025-07-17 17:00:00,2025-07-19 11:00:00,2025-08-20 17:00:00,2025-08-24 21:00:00,21,Raw Materials,1211.84,DELAYED
SHP-04057,CUST-1009,CNNGB,CNSHA,VSL-0070,2025-02-08 05:00:00,2025-02-20 05:00:00,2025-02-22 09:00:00,2025-03-01 05:00:00,2025-03-04 16:00:00,23,Consumer Goods,1673.89,DELAYED
SHP-00549,CUST-1236,GBFXT,KRPUS,VSL-0011,2025-01-19 14:00:00,2025-01-28 14:00:00,2025-01-28 22:00:00,2025-02-15 14:00:00,2025-02-16 18:00:00,23,Automotive Parts,1460.35,DELAYED
SHP-01998,CUST-1124,SGSIN,ZADUR,VSL-0032,2025-09-03 22:00:00,2025-09-10 22:00:00,2025-09-11 02:00:00,2025-10-08 22:00:00,2025-10-09 01:00:00,34,Machinery,939.83,DELIVERED
SHP-00545,CUST-1099,AEDXB,USLAX,VSL-0030,2025-01-08 08:00:00,2025-01-13 08:00:00,2025-01-14 06:00:00,2025-01-30 08:00:00,2025-02-04 01:00:00,2,APPAREL,1600.96,DELAYED
SHP-00434,CUST-1179,PKKAR,JPYOK,VSL-0060,2025-07-10 22:00:00,2025-07-20 22:00:00,2025-07-21 04:00:00,2025-07-30 22:00:00,2025-07-31 04:00:00,35,Pharmaceuticals,2621.75,DELIVERED
SHP-03153,CUST-1183,USSAV,INMUN,VSL-0001,2025-04-08 22:00:00,2025-04-20 22:00:00,2025-04-20 18:00:00,2025-05-25 22:00:00,2025-05-25 17:00:00,38,Food & Beverage,1068.42,DELIVERED
SHP-03644,CUST-1030,NLRTM,CNSHA,VSL-0058,2025-10-11 09:00:00,2025-10-18 09:00:00,2025-10-20 14:00:00,2025-11-21 09:00:00,2025-11-27 08:00:00,13,Furniture,1376.57,DELAYED
SHP-00492,CUST-1177,GBFXT,EGPSD,VSL-0071,2025-09-09 14:00:00,2025-09-19 14:00:00,2025-09-19 19:00:00,2025-10-19 14:00:00,2025-10-23 03:00:00,28,Machinery,1082.82,DELAYED
SHP-00066,CUST-1035,USNYC,BRSSZ,VSL-0071,2025-10-09 02:00:00,2025-10-21 02:00:00,2025-10-22 11:00:00,2025-10-27 02:00:00,2025-10-30 08:00:00,34,Raw Materials,1399.46,DELAYED
SHP-00967,CUST-1027,CNNGB,INNSA,VSL-0078,2025-06-21 22:00:00,2025-06-24 22:00:00,2025-06-25 02:00:00,2025-07-02 22:00:00,2025-07-03 09:00:00,17,Electronics,2187.86,DELIVERED
SHP-00814,CUST-1215,HKHKG,BRSSZ,VSL-0010,2025-04-20 13:00:00,2025-04-28 13:00:00,2025-04-28 09:00:00,2025-05-19 13:00:00,2025-05-19 11:00:00,33,Raw Materials,1444.83,DELIVERED
SHP-02020,CUST-1128,BRSSZ,INMUN,VSL-0024,2024-11-08 02:00:00,2024-11-19 02:00:00,2024-11-19 08:00:00,2024-12-04 02:00:00,2024-12-04 13:00:00,27,Automotive Parts,117.1,DELIVERED
SHP-00136,CUST-1094,INMUN,USLAX,VSL-0018,2024-09-22 13:00:00,2024-09-25 13:00:00,2024-09-26 22:00:00,2024-10-24 13:00:00,2024-10-27 06:00:00,4,Furniture,2340.32,DELAYED
SHP-02273,CUST-1095,INMUN,MYPKG,VSL-0034,2024-08-12 10:00:00,2024-08-19 10:00:00,2024-08-21 12:00:00,2024-08-25 10:00:00,2024-08-29 21:00:00,20,Raw Materials,599.77,DELAYED
SHP-01530,CUST-1152,ESVLC,USNYC,VSL-0034,2025-04-20 00:00:00,2025-04-30 00:00:00,2025-05-01 10:00:00,2025-05-29 00:00:00,2025-05-31 02:00:00,36,Pharmaceuticals,,DELAYED
SHP-03833,CUST-1047,THBKK,CNNGB,VSL-0056,2024-12-13 15:00:00,2024-12-25 15:00:00,2024-12-25 18:00:00,2024-12-28 15:00:00,2024-12-28 11:00:00,3,Machinery,1581.58,DELIVERED
SHP-02116,CUST-1057,USLGB,MYPKG,VSL-0046,2025-05-08 08:00:00,2025-05-17 08:00:00,2025-05-18 18:00:00,2025-06-10 08:00:00,2025-06-13 06:00:00,20,Automotive Parts,1989.35,DELAYED
SHP-00380,CUST-1138,USSAV,CNNGB,VSL-0050,2025-07-20 09:00:00,2025-07-24 09:00:00,2025-07-27 07:00:00,2025-08-14 09:00:00,2025-08-20 13:00:00,13,Consumer Goods,428.76,DELAYED
SHP-03971,CUST-1082,HKHKG,ZADUR,VSL-0012,2024-11-07 14:00:00,2024-11-10 14:00:00,2024-11-10 10:00:00,2024-12-14 14:00:00,2024-12-14 07:00:00,6,Chemicals,2188.56,DELIVERED
SHP-02101,CUST-1062,USLGB,CNSZX,VSL-0015,2025-09-28 13:00:00,2025-10-09 13:00:00,2025-10-09 12:00:00,2025-11-12 13:00:00,2025-11-12 20:00:00,24,Pharmaceuticals,1456.47,DELIVERED
SHP-03525,CUST-1216,CNSZX,USSAV,VSL-0009,2025-08-06 14:00:00,2025-08-15 14:00:00,2025-08-15 14:00:00,2025-09-13 14:00:00,2025-09-13 16:00:00,14,Automotive Parts,380.26,DELIVERED
SHP-01348,CUST-1215,ZADUR,USLGB,VSL-0002,2025-07-18 14:00:00,2025-07-23 14:00:00,2025-07-23 17:00:00,2025-08-23 14:00:00,2025-08-23 22:00:00,11,Consumer Goods,2384.46,DELIVERED
SHP-04916,CUST-1094,USSAV,BRSSZ,VSL-0002,2025-02-24 15:00:00,2025-02-28 15:00:00,2025-03-02 02:00:00,2025-03-09 15:00:00,2025-03-11 11:00:00,36,Machinery,1137.97,DELAYED
SHP-02932,CUST-1033,JPYOK,INNSA,VSL-0011,2024-06-08 20:00:00,2024-06-20 20:00:00,2024-06-20 21:00:00,2024-06-23 20:00:00,2024-06-24 17:00:00,7,Food & Beverage,1698.66,DELIVERED
SHP-01284,CUST-1231,EGPSD,CNSHA,VSL-0015,2024-08-28 09:00:00,2024-09-05 09:00:00,2024-09-05 08:00:00,2024-10-09 09:00:00,2024-10-09 12:00:00,33,Consumer Goods,1086.89,DELIVERED
SHP-00249,CUST-1023,CNNGB,USLGB,VSL-0045,2025-07-13 12:00:00,2025-07-19 12:00:00,2025-07-21 02:00:00,2025-08-19 12:00:00,2025-08-24 14:00:00,6,Electronics,894.32,DELAYED
SHP-00077,CUST-1064,SGSIN,HKHKG,VSL-0027,2024-10-27 07:00:00,2024-11-10 07:00:00,2024-11-10 11:00:00,2024-11-16 07:00:00,2024-11-16 12:00:00,1,Food & Beverage,363.73,DELIVERED
SHP-00686,CUST-1180,CNNGB,GBFXT,VSL-0028,2025-05-03 23:00:00,2025-05-10 23:00:00,2025-05-12 08:00:00,2025-06-09 23:00:00,2025-06-13 15:00:00,6,Machinery,223.34,DELAYED
SHP-02215,CUST-1113,KRPUS,INNSA,VSL-0079,2025-01-24 16:00:00,2025-01-30 16:00:00,2025-02-02 01:00:00,2025-02-02 16:00:00,2025-02-09 01:00:00,30,Furniture,1557.51,DELAYED
SHP-01596,CUST-1250,JPYOK,INNSA,VSL-0031,2025-04-23 19:00:00,2025-05-04 19:00:00,2025-05-04 22:00:00,2025-05-14 19:00:00,2025-05-14 15:00:00,29,Furniture,2568.89,DELIVERED
SHP-01117,CUST-1183,PKKAR,SGSIN,VSL-0001,2024-06-30 08:00:00,2024-07-09 08:00:00,2024-07-09 09:00:00,2024-07-18 08:00:00,2024-07-18 03:00:00,34,Chemicals,1775.59,DELIVERED
SHP-00265,CUST-1228,CNNGB,USLGB,VSL-0003,2024-12-09 07:00:00,2024-12-15 07:00:00,2024-12-17 00:00:00,2025-01-11 07:00:00,2025-01-16 04:00:00,37,Raw Materials,1812.24,DELAYED
SHP-01599,CUST-1244,USSAV,INMUN,VSL-0029,2024-08-25 07:00:00,2024-09-06 07:00:00,2024-09-08 14:00:00,2024-10-09 07:00:00,2024-10-13 01:00:00,40, Chemicals,2419.37,DELAYED
SHP-02709,CUST-1236,DEHAM,CNSZX,VSL-0061,2024-09-09 03:00:00,2024-09-23 03:00:00,2024-09-26 03:00:00,2024-10-12 03:00:00,2024-10-18 16:00:00,37,Electronics,229.22,DELAYED
SHP-02395,CUST-1171,INMUN,THBKK,VSL-0066,2025-07-27 06:00:00,2025-08-05 06:00:00,,2025-08-09 06:00:00,,18,Chemicals,1309.63,N/A
SHP-04790,CUST-1080,USLAX,BRSSZ,VSL-0005,2024-10-12 18:00:00,2024-10-26 18:00:00,2024-10-26 23:00:00,2024-11-05 18:00:00,2024-11-05 10:00:00,31,Electronics,2256.33,DELIVERED
SHP-01797,CUST-1125,USNYC,JPYOK,VSL-0038,2025-02-15 05:00:00,2025-02-27 05:00:00,2025-02-27 08:00:00,2025-03-16 05:00:00,2025-03-19 01:00:00,27,Raw Materials,1728.74,DELAYED
SHP-00706,CUST-1213,EGPSD,BRSSZ,VSL-0035,2025-08-27 04:00:00,2025-09-07 04:00:00,2025-09-07 04:00:00,2025-10-12 04:00:00,2025-10-11 23:00:00,4,Pharmaceuticals,1978.66,DELIVERED
SHP-00846,CUST-1194,NLRTM,HKHKG,VSL-0019,2025-04-09 08:00:00,2025-04-15 08:00:00,2025-04-16 03:00:00,2025-05-16 08:00:00,2025-05-20 03:00:00,36,Food & Beverage,2240.44,DELAYED
SHP-00792,CUST-1137,GBFXT,NLRTM,VSL-0031,2024-08-12 15:00:00,2024-08-16 15:00:00,2024-08-16 12:00:00,2024-08-19 15:00:00,2024-08-19 16:00:00,26,Machinery,1854.89,DELIVERED
SHP-04434,CUST-1119,ZADUR,PKKAR,VSL-0030,2025-02-14 09:00:00,2025-02-20 09:00:00,2025-02-20 10:00:00,2025-03-20 09:00:00,2025-03-20 13:00:00,22,Food & Beverage,668.45,DELIVERED
SHP-03570,CUST-1117,USSAV,ESVLC,VSL-0040,2025-03-17 13:00:00,2025-03-29 13:00:00,2025-03-29 14:00:00,2025-04-21 13:00:00,2025-04-21 17:00:00,22,APPAREL,2665.99,DELIVERED
SHP-01862,CUST-1225,DEHAM,CNSZX,VSL-0009,2024-07-26 07:00:00,2024-08-05 07:00:00,2024-08-05 08:00:00,2024-08-28 07:00:00,2024-08-28 03:00:00,36,Automotive Parts,2736.3,DELIVERED
SHP-02794,CUST-1056,JPYOK,INNSA,VSL-0076,2024-10-12 12:00:00,2024-10-25 12:00:00,2024-10-25 16:00:00,2024-10-31 12:00:00,2024-10-31 11:00:00,21,Automotive parts,716.29,DELIVERED
SHP-03933,CUST-1182,ZADUR,DEHAM,VSL-0018,2025-02-12 17:00:00,2025-02-26 17:00:00,2025-03-01 08:00:00,2025-03-27 17:00:00,2025-04-02 08:00:00,22,Furniture,953.85,DELAYED
SHP-03238,CUST-1162,HKHKG,USLGB,VSL-0058,2025-03-08 12:00:00,2025-03-13 12:00:00,2025-03-13 13:00:00,2025-04-12 12:00:00,2025-04-12 06:00:00,32,Automotive Parts,2461.46,DELIVERED
SHP-03779,CUST-1214,KRPUS,EGPSD,VSL-0004,2025-07-22 02:00:00,2025-07-25 02:00:00,2025-07-25 02:00:00,2025-08-29 02:00:00,2025-08-29 13:00:00,25,Furniture,1784.51,DELIVERED
SHP-00937,CUST-1098,EGPSD,CNNGB,VSL-0011,2024-12-11 12:00:00,2024-12-15 12:00:00,2024-12-18 00:00:00,2025-01-15 12:00:00,2025-01-18 14:00:00,16,Chemicals,928.87,DELAYED
SHP-03010,CUST-1202,HKHKG,NLRTM,VSL-0004,2024-09-13 21:00:00,2024-09-24 21:00:00,2024-09-25 03:00:00,2024-10-15 21:00:00,2024-10-15 21:00:00,20,Pharmaceuticals,851.41,DELIVERED
SHP-02631,CUST-1026,KRPUS,USSAV,VSL-0062,2025-03-19 00:00:00,2025-03-28 00:00:00,2025-03-30 15:00:00,2025-04-20 00:00:00,2025-04-25 19:00:00,18,Chemicals,1093.57,DELAYED
SHP-00639,CUST-1068,BRSSZ,MYPKG,VSL-0025,2025-09-21 03:00:00,2025-09-25 03:00:00,2025-09-25 02:00:00,2025-10-19 03:00:00,2025-10-19 11:00:00,20,Furniture,249.0,DELIVERED
SHP-02214,CUST-1243,CNNGB,CNSHA,VSL-0016,2024-12-06 01:00:00,2024-12-11 01:00:00,2024-12-11 04:00:00,2024-12-20 01:00:00,2024-12-19 17:00:00,21,Raw Materials,2736.15,DELIVERED
SHP-03358,CUST-1146,CNSHA,GBFXT,VSL-0071,2024-08-14 05:00:00,2024-08-23 05:00:00,2024-08-23 08:00:00,2024-09-23 05:00:00,2024-09-23 04:00:00,2,Consumer Goods,2274.92,DELIVERED
SHP-02831,CUST-1147,MYPKG,CNNGB,VSL-0047,2025-04-06 14:00:00,2025-04-19 14:00:00,2025-04-19 13:00:00,2025-04-23 14:00:00,2025-04-23 16:00:00,2,Raw Materials,1209.26,DELIVERED
SHP-01572,CUST-1191,PKKAR,CNSZX,VSL-0071,2025-01-03 12:00:00,2025-01-07 12:00:00,,2025-01-15 12:00:00,,8,Electronics,1068.38,CANCELLED
SHP-01215,CUST-1228,CNNGB,ESVLC,VSL-0059,2024-12-04 20:00:00,2024-12-10 20:00:00,,2024-12-27 20:00:00,,14,Machinery,968.97,CANCELLED
SHP-00463,CUST-1178,USNYC,INNSA,VSL-0028,2025-08-25 22:00:00,2025-09-08 22:00:00,2025-09-11 05:00:00,2025-10-07 22:00:00,2025-10-11 08:00:00,5,Furniture,2579.5,DELAYED
SHP-04215,CUST-1165,INMUN,AEDXB,VSL-0035,2025-06-21 13:00:00,2025-07-04 13:00:00,2025-07-05 02:00:00,2025-08-04 13:00:00,2025-08-07 20:00:00,3,Furniture,1646.7,DELAYED
SHP-02210,CUST-1039,HKHKG,AEDXB,VSL-0007,2025-02-17 19:00:00,2025-02-21 19:00:00,2025-02-21 15:00:00,2025-03-19 19:00:00,2025-03-19 14:00:00,39,Food & Beverage,785.47,DELIVERED
SHP-00175,CUST-1138,USLGB,BEANR,VSL-0045,2024-10-27 19:00:00,2024-11-07 19:00:00,,2024-11-24 19:00:00,,14,Food & Beverage,842.47,CANCELLED
SHP-01221,CUST-1212,THBKK,CNSHA,VSL-0080,2025-09-01 10:00:00,2025-09-15 10:00:00,2025-09-18 04:00:00,2025-09-18 10:00:00,2025-09-22 06:00:00,20,Automotive Parts,1663.66,DELAYED
SHP-00710,CUST-1018,USLAX,PKKAR,VSL-0065,2025-10-13 20:00:00,2025-10-18 20:00:00,2025-10-21 09:00:00,2025-11-03 20:00:00,2025-11-08 11:00:00,20,Raw Materials,1514.19,DELAYED
SHP-04975,CUST-1176,USLGB,USSAV,VSL-0015,2025-03-13 04:00:00,2025-03-20 04:00:00,2025-03-21 17:00:00,2025-03-24 04:00:00,2025-03-28 22:00:00,28,Automotive Parts,491.8,DELAYED
SHP-03084,CUST-1016,THBKK,BRSSZ,VSL-0045,2025-02-07 08:00:00,2025-02-13 08:00:00,2025-02-13 11:00:00,2025-02-28 08:00:00,2025-02-28 19:00:00,29,Chemicals,599.6,DELIVERED
SHP-00745,CUST-1250,SGSIN,CNNGB,VSL-0077,2025-02-01 15:00:00,2025-02-13 15:00:00,2025-02-15 13:00:00,2025-02-20 15:00:00,2025-02-24 07:00:00,14,Chemicals,1649.98,DELAYED
SHP-00232,CUST-1226,BEANR,USLGB,VSL-0032,2025-10-05 15:00:00,2025-10-12 15:00:00,2025-10-14 23:00:00,2025-11-16 15:00:00,2025-11-21 15:00:00,13,Automotive Parts,1582.96,DELAYED
SHP-00690,CUST-1005,INMUN,MYPKG,VSL-0024,2024-10-27 11:00:00,2024-11-05 11:00:00,2024-11-05 11:00:00,2024-11-12 11:00:00,2024-11-12 15:00:00,38,Machinery,1834.93,DELIVERED
SHP-01843,CUST-1174,INMUN,UNKNW,VSL-0068,2025-04-02 18:00:00,2025-04-14 18:00:00,2025-04-14 14:00:00,2025-05-02 18:00:00,2025-05-03 00:00:00,13,Apparel,974.28,DELIVERED
SHP-01409,CUST-1131,JPYOK,HKHKG,VSL-0005,2024-11-20 14:00:00,2024-11-28 14:00:00,2024-11-29 16:00:00,2024-12-07 14:00:00,2024-12-08 14:00:00,32,Furniture,1131.37,DELIVERED
SHP-00155,CUST-1088,USLGB,JPYOK,VSL-0039,2024-10-30 05:00:00,2024-11-10 05:00:00,2024-11-10 11:00:00,2024-12-07 05:00:00,2024-12-07 12:00:00,34,Food & Beverage,740.83,DELIVERED
SHP-04543,CUST-1000,DEHAM,PKKAR,VSL-0048,2024-10-31 09:00:00,2024-11-05 09:00:00,2024-11-05 09:00:00,2024-12-05 09:00:00,2024-12-05 21:00:00,15,Food & Beverage,1758.11,DELIVERED
SHP-03990,CUST-1189,PKKAR,EGPSD,VSL-0047,2024-12-15 17:00:00,2024-12-22 17:00:00,2024-12-22 13:00:00,2025-01-12 17:00:00,2025-01-13 04:00:00,819,Apparel,370.18,DELIVERED
SHP-01686,CUST-1119,THBKK,SGSIN,VSL-0051,2025-08-09 13:00:00,2025-08-20 13:00:00,2025-08-21 18:00:00,2025-08-24 13:00:00,2025-08-28 16:00:00,1,Electronics,59.1,DELAYED
SHP-00013,CUST-1187,CNSZX,CNSHA,VSL-0067,2025-06-24 16:00:00,2025-07-07 16:00:00,2025-07-07 21:00:00,2025-07-16 16:00:00,2025-07-17 03:00:00,8,Automotive Parts,2275.93,DELIVERED
SHP-04082,CUST-1043,ZADUR,NLRTM,VSL-0070,2024-08-17 11:00:00,2024-08-23 11:00:00,,2024-09-07 11:00:00,,13,Pharmaceuticals,1150.54,COMPLETED
SHP-02987,CUST-1039,CNSHA,INNSA,VSL-0076,2024-10-25 03:00:00,2024-10-31 03:00:00,2024-10-31 07:00:00,2024-11-06 03:00:00,2024-11-08 15:00:00,1,Consumer Goods,1061.06,DELAYED
SHP-04775,CUST-1054,KRPUS,NLRTM,VSL-0075,2024-07-14 23:00:00,2024-07-22 23:00:00,2024-07-25 06:00:00,2024-08-21 23:00:00,2024-08-27 00:00:00,37,Chemicals,2587.27,DELAYED
SHP-03208,CUST-1192,BRSSZ,GBFXT,VSL-0064,2024-10-24 18:00:00,2024-11-01 18:00:00,2024-11-02 00:00:00,2024-11-26 18:00:00,2024-11-27 01:00:00,39,Furniture,352.26,DELIVERED
SHP-01675,CUST-1147,INMUN,CNNGB,VSL-0052,2025-06-01 14:00:00,2025-06-04 14:00:00,2025-06-06 21:00:00,2025-06-09 14:00:00,2025-06-13 20:00:00,34,Chemicals,2358.39,DELAYED
SHP-03142,CUST-1154,SGSIN,NLRTM,VSL-0070,2024-08-27 01:00:00,2024-08-31 01:00:00,,2024-10-02 01:00:00,,20,Furniture,443.51,COMPLETED
SHP-04892,CUST-1217,HKHKG,MYPKG,VSL-0030,2024-06-22 03:00:00,2024-07-05 03:00:00,2024-07-06 20:00:00,2024-07-12 03:00:00,2024-07-13 22:00:00,10,Electronics,945.61,DELAYED
SHP-02491,CUST-1108,ESVLC,USLAX,VSL-0062,2025-01-29 21:00:00,2025-02-03 21:00:00,2025-02-03 18:00:00,2025-03-07 21:00:00,2025-03-07 20:00:00,40,Food & Beverage,2636.83,DELIVERED
SHP-02203,CUST-1246,CNSZX,USSAV,VSL-0006,2025-06-02 15:00:00,2025-06-08 15:00:00,2025-06-09 10:00:00,2025-07-10 15:00:00,2025-07-11 23:00:00,16,Chemicals,2260.63,DELAYED
SHP-04751,CUST-1102,INNSA,CNNGB,VSL-0011,2024-09-23 19:00:00,2024-10-05 19:00:00,2024-10-08 16:00:00,2024-10-09 19:00:00,2024-10-14 05:00:00,8,Automotive Parts,2049.48,DELAYED
SHP-00668,CUST-1213,CNNGB,ESVLC,VSL-0053,2024-12-20 19:00:00,2024-12-23 19:00:00,2024-12-25 11:00:00,2025-01-26 19:00:00,2025-01-30 17:00:00,37,Apparel,,DELAYED
SHP-00157,CUST-1231,DEHAM,CNSHA,VSL-0058,2025-07-03 20:00:00,2025-07-08 20:00:00,2025-07-10 11:00:00,2025-07-31 20:00:00,2025-08-02 14:00:00,29,FURNITURE,1856.36,DELAYED
SHP-00517,CUST-1225,GBFXT,DEHAM,VSL-0061,2024-07-17 15:00:00,2024-07-29 15:00:00,2024-07-29 19:00:00,2024-08-05 15:00:00,2024-08-05 09:00:00,9,machinery ,1094.08,DELIVERED
SHP-04678,CUST-1250,USLGB,CNSHA,VSL-0044,2024-08-07 22:00:00,2024-08-16 22:00:00,2024-08-17 01:00:00,2024-09-10 22:00:00,2024-09-11 06:00:00,16,Raw Materials,1776.05,DELIVERED
SHP-03011,CUST-1170,HKHKG,SGSIN,VSL-0025,2025-07-27 09:00:00,2025-07-31 09:00:00,2025-07-31 13:00:00,2025-08-03 09:00:00,2025-08-03 09:00:00,25,Consumer Goods,2060.67,DELIVERED
SHP-00566,CUST-1222,USLGB,USNYC,VSL-0031,2025-06-03 04:00:00,2025-06-10 04:00:00,2025-06-12 13:00:00,2025-06-20 04:00:00,2025-06-24 07:00:00,17,Pharmaceuticals,1195.05,DELAYED
SHP-00543,CUST-1123,USLGB,THBKK,VSL-0003,2024-10-09 13:00:00,2024-10-20 13:00:00,2024-10-20 16:00:00,2024-11-17 13:00:00,2024-11-17 20:00:00,20,Chemicals,1156.97,DELIVERED
SHP-03849,CUST-1172,INNSA,CNNGB,VSL-0078,2024-08-25 06:00:00,2024-09-04 06:00:00,2024-09-04 06:00:00,2024-09-08 06:00:00,2024-09-08 04:00:00,14,Raw Materials,2379.31,DELIVERED
SHP-03727,CUST-1242,MYPKG,DEHAM,VSL-0035,2024-10-04 09:00:00,2024-10-10 09:00:00,2024-10-10 11:00:00,2024-10-28 09:00:00,2024-10-28 14:00:00,34,Machinery,1052.19,DELIVERED
SHP-01848,CUST-1008,THBKK,USNYC,VSL-0052,2024-08-12 03:00:00,2024-08-20 03:00:00,2024-08-21 09:00:00,2024-09-18 03:00:00,2024-09-21 12:00:00,30,Machinery,2290.03,DELAYED
SHP-03052,CUST-1090,INMUN,HKHKG,VSL-0009,2024-07-04 06:00:00,2024-07-12 06:00:00,,2024-07-18 06:00:00,,4,Automotive Parts,1592.65,CANCELLED
SHP-03794,CUST-1182,GBFXT,USLGB,VSL-0066,2025-08-20 04:00:00,2025-08-28 04:00:00,2025-08-28 23:00:00,2025-09-21 04:00:00,2025-09-23 03:00:00,23,Consumer Goods,871.59,DELAYED
SHP-03104,CUST-1093,ZADUR,INMUN,VSL-0028,2025-07-18 07:00:00,2025-07-23 07:00:00,2025-07-24 04:00:00,2025-08-19 07:00:00,2025-08-23 14:00:00,28,Furniture,578.11,DELAYED
SHP-04779,CUST-1238,KRPUS,DEHAM,VSL-0014,2025-02-01 16:00:00,2025-02-09 16:00:00,2025-02-09 20:00:00,2025-03-12 16:00:00,2025-03-12 16:00:00,25,Electronics,1301.73,DELIVERED
SHP-04408,CUST-1203,ZADUR,ESVLC,VSL-0080,2024-07-26 15:00:00,2024-08-07 15:00:00,2024-08-10 05:00:00,2024-09-08 15:00:00,2024-09-14 06:00:00,23,Food & Beverage,203.29,DELAYED
SHP-00415,CUST-1102,KRPUS,INNSA,VSL-0056,2025-01-11 19:00:00,2025-01-18 19:00:00,2025-01-19 01:00:00,2025-01-21 19:00:00,2025-01-21 20:00:00,26,Raw Materials,152.71,DELIVERED
SHP-01466,CUST-1062,INMUN,SGSIN,VSL-0007,2025-03-08 20:00:00,2025-03-18 20:00:00,2025-03-19 01:00:00,2025-03-21 20:00:00,2025-03-22 00:00:00,24,Electronics,,DELIVERED
SHP-00833,CUST-1016,DEHAM,NLRTM,VSL-0019,2025-03-13 17:00:00,2025-03-22 17:00:00,2025-03-24 12:00:00,2025-03-31 17:00:00,2025-04-06 12:00:00,16,Pharmaceuticals,1742.89,DELAYED
SHP-04673,CUST-1250,DEHAM,MYPKG,VSL-0023,2024-10-16 13:00:00,2024-10-23 13:00:00,2024-10-23 14:00:00,2024-11-20 13:00:00,2024-11-20 07:00:00,866,Automotive Parts,852.83,DELIVERED
SHP-01127,CUST-1211,USLAX,USSAV,VSL-0008,2025-05-10 03:00:00,2025-05-15 03:00:00,2025-05-16 19:00:00,2025-05-19 03:00:00,2025-05-21 14:00:00,32,Furniture,2725.63,DELAYED
SHP-04644,CUST-1029,CNSZX,BEANR,VSL-0015,2024-11-29 07:00:00,2024-12-12 07:00:00,2024-12-15 02:00:00,2024-12-27 07:00:00,2024-12-30 03:00:00,37,Chemicals,1884.44,DELAYED
SHP-01769,CUST-1234,CNNGB,AEDXB,VSL-0014,2025-01-09 11:00:00,2025-01-17 11:00:00,2025-01-18 00:00:00,2025-02-09 11:00:00,2025-02-10 17:00:00,20,Pharmaceuticals,2606.8,DELAYED
SHP-04991,CUST-1220,CNSHA,HKHKG,VSL-0071,2025-09-26 04:00:00,2025-09-30 04:00:00,2025-10-02 21:00:00,2025-10-04 04:00:00,2025-10-09 03:00:00,7,Raw Materials,666.15,DELAYED
SHP-02311,CUST-1000,USNYC,ESVLC,VSL-0063,2024-08-08 20:00:00,2024-08-15 20:00:00,2024-08-16 21:00:00,2024-09-03 20:00:00,2024-09-04 23:00:00,38,Automotive parts,416.77,DELAYED
SHP-01534,CUST-1145,MYPKG,DEHAM,VSL-0025,2024-11-23 09:00:00,2024-12-05 09:00:00,2024-12-05 14:00:00,2025-01-07 09:00:00,2025-01-07 02:00:00,13,Electronics,1096.59,DELIVERED
SHP-03485,CUST-1097,INMUN,PKKAR,VSL-0045,2025-07-08 20:00:00,2025-07-11 20:00:00,2025-07-11 17:00:00,2025-07-18 20:00:00,2025-07-18 18:00:00,12,Chemicals,1693.6,DELIVERED
SHP-01395,CUST-1219,JPYOK,SGSIN,VSL-0011,2025-08-23 09:00:00,2025-08-27 09:00:00,2025-08-27 05:00:00,2025-08-31 09:00:00,2025-08-31 06:00:00,29,electronics,2197.32,DELIVERED
SHP-01588,CUST-1109,THBKK,HKHKG,VSL-0054,2025-05-02 13:00:00,2025-05-16 13:00:00,2025-05-16 19:00:00,2025-05-20 13:00:00,2025-05-20 22:00:00,33,Machinery,2307.24,DELIVERED
SHP-03051,CUST-1074,BRSSZ,INNSA,VSL-0058,2025-09-19 19:00:00,2025-09-24 19:00:00,2025-09-24 23:00:00,2025-10-28 19:00:00,2025-10-28 14:00:00,36,Chemicals,2414.71,DELIVERED
SHP-03533,CUST-1238,MYPKG,BEANR,VSL-0060,2025-04-06 18:00:00,2025-04-09 18:00:00,2025-04-11 15:00:00,2025-04-29 18:00:00,2025-05-04 02:00:00,2,Raw Materials,1910.07,DELAYED
SHP-04783,CUST-1059,BRSSZ,USNYC,VSL-0045,2024-06-19 06:00:00,2024-06-28 06:00:00,2024-06-28 06:00:00,2024-07-02 06:00:00,2024-07-02 17:00:00,12,Furniture,372.77,DELIVERED
SHP-03889,CUST-1008,CNSHA,NLRTM,VSL-0068,2024-09-20 16:00:00,2024-09-28 16:00:00,2024-09-29 06:00:00,2024-10-25 16:00:00,2024-10-27 13:00:00,26,Pharmaceuticals,2340.81,DELAYED
SHP-00282,CUST-1137,ZADUR,CNSZX,VSL-0027,2024-08-25 12:00:00,2024-08-30 12:00:00,2024-09-01 16:00:00,2024-09-15 12:00:00,2024-09-20 08:00:00,8,Raw Materials,259.1,DELAYED
SHP-03778,CUST-1030,USLAX,GBFXT,VSL-0050,2024-11-05 22:00:00,2024-11-11 22:00:00,2024-11-11 22:00:00,2024-12-02 22:00:00,2024-12-02 21:00:00,34,Raw Materials,1793.67,DELIVERED
SHP-04009,CUST-1176,PKKAR,GBFXT,VSL-0059,2025-09-05 05:00:00,2025-09-15 05:00:00,2025-09-16 23:00:00,2025-09-29 05:00:00,2025-10-03 02:00:00,14,Machinery,2637.29,DELAYED
SHP-02889,CUST-1217,MYPKG,KRPUS,VSL-0057,2025-08-06 19:00:00,2025-08-14 19:00:00,2025-08-14 16:00:00,2025-08-20 19:00:00,2025-08-21 02:00:00,34,Machinery,240.02,DELIVERED
SHP-04478,CUST-1216,EGPSD,USLGB,VSL-0052,2024-12-29 13:00:00,2025-01-08 13:00:00,2025-01-08 11:00:00,2025-02-01 13:00:00,2025-02-01 10:00:00,18,Automotive Parts,967.36,DELIVERED
SHP-02555,CUST-1188,MYPKG,NLRTM,VSL-0012,2025-04-07 03:00:00,2025-04-13 03:00:00,2025-04-14 19:00:00,2025-05-01 03:00:00,2025-05-06 04:00:00,27,Consumer Goods,858.02,DELAYED
SHP-00104,CUST-1045,BEANR,THBKK,VSL-0059,2024-06-21 19:00:00,2024-07-04 19:00:00,2024-07-04 20:00:00,2024-07-30 19:00:00,2024-08-01 12:00:00,13,Apparel,2525.51,DELAYED
SHP-03839,CUST-1184,DEHAM,INMUN,VSL-0033,2024-08-25 02:00:00,2024-09-07 02:00:00,2024-09-07 04:00:00,2024-09-28 02:00:00,2024-09-28 08:00:00,15,Pharmaceuticals,818.4,DELIVERED
SHP-03997,CUST-1009,CNSHA,USLAX,VSL-0063,2024-08-23 23:00:00,2024-09-06 23:00:00,2024-09-07 02:00:00,2024-10-10 23:00:00,2024-10-10 20:00:00,32,Apparel,821.2,DELIVERED
SHP-04733,CUST-1171,CNSHA,DEHAM,VSL-0035,2024-06-14 22:00:00,2024-06-22 22:00:00,2024-06-23 01:00:00,2024-07-17 22:00:00,2024-07-17 14:00:00,10,electronics,2081.02,DELIVERED
SHP-04949,CUST-1078,USSAV,INNSA,VSL-0047,2025-08-21 06:00:00,2025-08-30 06:00:00,2025-08-31 06:00:00,2025-09-16 06:00:00,2025-09-20 19:00:00,37,Furniture,724.18,DELAYED
SHP-03648,CUST-1153,USNYC,CNSZX,VSL-0046,2025-03-22 02:00:00,2025-03-25 02:00:00,2025-03-27 04:00:00,2025-04-28 02:00:00,2025-05-03 21:00:00,16,Consumer Goods,818.48,DELAYED
SHP-02485,CUST-1243,EGPSD,INMUN,VSL-0011,2025-03-26 04:00:00,2025-04-09 04:00:00,2025-04-09 00:00:00,2025-05-14 04:00:00,2025-05-13 21:00:00,21,Pharmaceuticals,2719.93,DELIVERED
SHP-02597,CUST-1057,USNYC,AEDXB,VSL-0052,2024-11-06 11:00:00,2024-11-17 11:00:00,,2024-12-05 11:00:00,,6,Electronics,418.34,N/A
SHP-03527,CUST-1029,BRSSZ,UNKNW,VSL-0056,2025-06-30 06:00:00,2025-07-13 06:00:00,2025-07-13 15:00:00,2025-08-02 06:00:00,2025-08-02 23:00:00,28,Food & Beverage,1623.34,DELIVERED
SHP-01766,CUST-1044,MYPKG,SGSIN,VSL-0072,2024-10-24 19:00:00,2024-10-27 19:00:00,,2024-10-31 19:00:00,,15,Food & Beverage,1085.73,COMPLETED
SHP-04093,CUST-1144,MYPKG,INMUN,VSL-0043,2024-06-18 07:00:00,2024-07-01 07:00:00,2024-07-02 04:00:00,2024-07-07 07:00:00,2024-07-09 05:00:00,24,Food & Beverage,1446.9,DELAYED
SHP-00991,CUST-1064,INNSA,DEHAM,VSL-0022,2025-03-21 17:00:00,2025-03-26 17:00:00,2025-03-28 02:00:00,2025-04-10 17:00:00,2025-04-13 09:00:00,22,Chemicals,1044.14,DELAYED
SHP-04728,CUST-1122,AEDXB,THBKK,VSL-0067,2024-12-16 18:00:00,2024-12-28 18:00:00,2024-12-29 00:00:00,2025-01-27 18:00:00,2025-01-28 03:00:00,3,Pharmaceuticals,837.92,DELIVERED
SHP-04406,CUST-1081,SGSIN,EGPSD,VSL-0079,2025-01-20 15:00:00,2025-01-26 15:00:00,2025-01-26 12:00:00,2025-02-21 15:00:00,2025-02-21 09:00:00,21,Pharmaceuticals,2705.45,DELIVERED
SHP-04859,CUST-1039,SGSIN,BRSSZ,VSL-0077,2025-01-26 15:00:00,2025-02-09 15:00:00,2025-02-09 18:00:00,2025-03-02 15:00:00,2025-03-02 13:00:00,30,Raw Materials,593.66,DELIVERED
SHP-00515,CUST-1044,USSAV,USLGB,VSL-0005,2024-08-03 20:00:00,2024-08-06 20:00:00,2024-08-07 00:00:00,2024-08-13 20:00:00,2024-08-13 22:00:00,26,Chemicals,2625.0,DELIVERED
SHP-00053,CUST-1037,KRPUS,EGPSD,VSL-0080,2024-10-03 22:00:00,2024-10-10 22:00:00,2024-10-10 18:00:00,2024-11-11 22:00:00,2024-11-11 23:00:00,6,Raw Materials,2031.1,DELIVERED
SHP-02690,CUST-1022,USLAX,BRSSZ,VSL-0078,2025-08-11 12:00:00,2025-08-14 12:00:00,2025-08-17 08:00:00,2025-08-20 12:00:00,2025-08-23 21:00:00,30,Pharmaceuticals,1114.57,DELAYED
SHP-03167,CUST-1245,MYPKG,THBKK,VSL-0056,2025-03-24 05:00:00,2025-04-07 05:00:00,2025-04-07 04:00:00,2025-04-15 05:00:00,2025-04-15 00:00:00,27,Consumer Goods,2711.27,DELIVERED
SHP-03280,CUST-1067,AEDXB,USLAX,VSL-0012,2025-07-27 04:00:00,2025-08-03 04:00:00,2025-08-06 01:00:00,2025-08-27 04:00:00,2025-08-29 23:00:00,14,,1731.14,DELAYED
SHP-04016,CUST-1084,GBFXT,USLGB,VSL-0022,2025-05-17 09:00:00,2025-05-31 09:00:00,2025-05-31 11:00:00,2025-06-28 09:00:00,2025-06-28 06:00:00,20,Pharmaceuticals,381.64,DELIVERED
SHP-03478,CUST-1120,USSAV,ESVLC,VSL-0032,2024-06-04 07:00:00,2024-06-08 07:00:00,,2024-06-29 07:00:00,,7,Consumer Goods,2667.3,CANCELLED
SHP-03357,CUST-1183,JPYOK,AEDXB,VSL-0032,2024-09-06 14:00:00,2024-09-15 14:00:00,,2024-10-16 14:00:00,,14,Furniture,2129.91,CANCELLED
SHP-04906,CUST-1113,KRPUS,GBFXT,VSL-0070,2025-02-07 01:00:00,2025-02-10 01:00:00,2025-02-10 18:00:00,2025-03-16 01:00:00,2025-03-18 16:00:00,13,,2265.02,DELAYED
SHP-01702,CUST-1159,BEANR,KRPUS,VSL-0040,2025-07-06 01:00:00,2025-07-09 01:00:00,2025-07-10 06:00:00,2025-07-28 01:00:00,2025-07-30 10:00:00,36,Apparel,1806.22,DELAYED
SHP-03547,CUST-1169,CNSZX,ZZZZZ,VSL-0033,2024-11-21 17:00:00,2024-12-02 17:00:00,2024-12-02 19:00:00,2024-12-11 17:00:00,2024-12-11 10:00:00,6,Electronics,1889.51,DELIVERED
SHP-04219,CUST-1029,AEDXB,KRPUS,VSL-0075,2024-07-11 15:00:00,2024-07-15 15:00:00,2024-07-15 17:00:00,2024-08-17 15:00:00,2024-08-17 18:00:00,31,Automotive Parts,2529.43,DELIVERED
SHP-02854,CUST-1163,CNSHA,HKHKG,VSL-0011,2025-04-24 21:00:00,2025-05-06 21:00:00,2025-05-07 00:00:00,2025-05-15 21:00:00,2025-05-15 14:00:00,18,Furniture,863.85,DELIVERED
SHP-03743,CUST-1055,EGPSD,JPYOK,VSL-0031,2024-08-10 02:00:00,2024-08-17 02:00:00,2024-08-17 02:00:00,2024-09-11 02:00:00,2024-09-10 19:00:00,28,Furniture,869.26,DELIVERED
SHP-03296,CUST-1235,THBKK,CNNGB,VSL-0044,2025-08-29 07:00:00,2025-09-06 07:00:00,2025-09-09 04:00:00,2025-09-14 07:00:00,2025-09-20 08:00:00,38,Automotive Parts,1177.9,DELAYED
SHP-00912,CUST-1116,THBKK,KRPUS,VSL-0004,2025-08-13 04:00:00,2025-08-27 04:00:00,2025-08-27 03:00:00,2025-09-02 04:00:00,2025-09-02 15:00:00,15,Furniture,894.36,DELIVERED
SHP-02808,CUST-1005,CNNGB,ZADUR,VSL-0016,2024-08-29 23:00:00,2024-09-10 23:00:00,2024-09-11 03:00:00,2024-09-28 23:00:00,2024-09-28 23:00:00,13,Chemicals,2372.6,DELIVERED
SHP-01893,CUST-1052,CNSHA,MYPKG,VSL-0063,2025-05-03 02:00:00,2025-05-12 02:00:00,2025-05-12 05:00:00,2025-05-15 02:00:00,2025-05-15 04:00:00,24,Apparel,1265.31,DELIVERED
SHP-00346,CUST-1241,JPYOK,PKKAR,VSL-0010,2025-04-02 02:00:00,2025-04-06 02:00:00,2025-04-06 08:00:00,2025-04-15 02:00:00,2025-04-15 00:00:00,21,Food & Beverage,553.05,DELIVERED
SHP-02163,CUST-1249,PKKAR,GBFXT,VSL-0041,2024-12-06 13:00:00,2024-12-18 13:00:00,2024-12-18 16:00:00,2025-01-20 13:00:00,2025-01-21 00:00:00,27,Pharmaceuticals,637.34,DELIVERED
SHP-02514,CUST-1169,NLRTM,CNSZX,VSL-0024,2024-08-01 11:00:00,2024-08-13 11:00:00,2024-08-13 09:00:00,2024-09-06 11:00:00,2024-09-06 09:00:00,29,Apparel,1128.44,DELIVERED
SHP-00595,CUST-1166,USSAV,BEANR,VSL-0050,2025-05-18 03:00:00,2025-05-26 03:00:00,,2025-06-30 03:00:00,,14,Machinery,2481.3,CANCELLED
SHP-04815,CUST-1096,CNNGB,ZADUR,VSL-0030,2025-10-07 19:00:00,2025-10-16 19:00:00,2025-10-16 23:00:00,2025-11-07 19:00:00,2025-11-10 07:00:00,8,Apparel,2276.58,DELAYED
SHP-00233,CUST-1151,MYPKG,GBFXT,VSL-0003,2024-07-07 07:00:00,2024-07-16 07:00:00,2024-07-18 21:00:00,2024-08-14 07:00:00,2024-08-20 12:00:00,18,Machinery,811.53,DELAYED
SHP-03148,CUST-1014,USLAX,KRPUS,VSL-0027,2025-08-15 14:00:00,2025-08-21 14:00:00,2025-08-21 20:00:00,2025-09-05 14:00:00,2025-09-05 15:00:00,19,Machinery,2206.37,DELIVERED
SHP-00885,CUST-1017,JPYOK,ESVLC,VSL-0049,2025-01-10 13:00:00,2025-01-19 13:00:00,2025-01-19 18:00:00,2025-02-09 13:00:00,2025-02-09 21:00:00,16,Machinery,635.09,DELIVERED
SHP-02753,CUST-1052,XXTST,CNSZX,VSL-0045,2025-08-19 21:00:00,2025-08-30 21:00:00,2025-08-30 23:00:00,2025-09-08 21:00:00,2025-09-11 05:00:00,1,Raw Materials,2267.87,DELAYED
SHP-04354,CUST-1123,ZADUR,GBFXT,VSL-0025,2025-09-21 22:00:00,2025-09-24 22:00:00,2025-09-26 10:00:00,2025-10-24 22:00:00,2025-10-28 22:00:00,20,Machinery,1463.98,DELAYED
SHP-00635,CUST-1009,THBKK,CNSHA,VSL-0016,2024-10-29 00:00:00,2024-11-08 00:00:00,2024-11-07 21:00:00,2024-11-18 00:00:00,2024-11-18 03:00:00,6,Furniture,1878.81,DELIVERED
SHP-04285,CUST-1068,CNSZX,AEDXB,VSL-0043,2024-08-20 18:00:00,2024-08-29 18:00:00,2024-08-30 20:00:00,2024-10-03 18:00:00,2024-10-07 22:00:00,12,Electronics,1259.6,DELAYED
SHP-02193,CUST-1127,PKKAR,KRPUS,VSL-0059,2024-10-10 04:00:00,2024-10-18 04:00:00,2024-10-19 00:00:00,2024-10-23 04:00:00,2024-10-26 17:00:00,37,Machinery,2009.67,DELAYED
SHP-04887,CUST-1222,AEDXB,EGPSD,VSL-0074,2025-03-27 22:00:00,2025-04-02 22:00:00,2025-04-04 00:00:00,2025-04-06 22:00:00,2025-04-11 07:00:00,26,Automotive Parts,618.53,DELAYED
SHP-03166,CUST-1094,USLAX,JPYOK,VSL-0018,2025-06-29 22:00:00,2025-07-10 22:00:00,2025-07-12 18:00:00,2025-08-04 22:00:00,2025-08-08 23:00:00,19,Furniture,2328.03,DELAYED
SHP-03421,CUST-1179,SGSIN,INNSA,VSL-0073,2025-10-01 13:00:00,2025-10-09 13:00:00,2025-10-09 15:00:00,2025-10-13 13:00:00,2025-10-13 13:00:00,26,Chemicals,596.76,DELIVERED
SHP-00214,CUST-1232,AEDXB,BRSSZ,VSL-0079,2024-10-05 04:00:00,2024-10-12 04:00:00,2024-10-12 12:00:00,2024-10-26 04:00:00,2024-10-30 08:00:00,13,Pharmaceuticals,146.26,DELAYED
SHP-04029,CUST-1099,PKKAR,ZADUR,VSL-0045,2024-11-17 14:00:00,2024-12-01 14:00:00,2024-12-01 20:00:00,2024-12-22 14:00:00,2024-12-22 06:00:00,14,Raw Materials,2484.2,DELIVERED
SHP-00848,CUST-1178,CNNGB,HKHKG,VSL-0076,2025-09-25 17:00:00,2025-10-08 17:00:00,2025-10-08 21:00:00,2025-10-14 17:00:00,2025-10-14 19:00:00,24,Raw Materials,2672.06,DELIVERED
SHP-01713,CUST-1028,CNSHA,CNSZX,VSL-0005,2025-04-11 13:00:00,2025-04-21 13:00:00,2025-04-21 11:00:00,2025-04-28 13:00:00,2025-04-28 16:00:00,11,Chemicals,,DELIVERED
SHP-01223,CUST-1173,EGPSD,HKHKG,VSL-0020,2024-08-22 11:00:00,2024-09-02 11:00:00,2024-09-02 08:00:00,2024-09-25 11:00:00,2024-09-25 22:00:00,34,Chemicals,299.91,DELIVERED
SHP-00756,CUST-1033,KRPUS,SGSIN,VSL-0024,2025-08-27 12:00:00,2025-09-02 12:00:00,2025-09-02 17:00:00,2025-09-06 12:00:00,2025-09-06 14:00:00,12,Chemicals,206.25,DELIVERED
SHP-03207,CUST-1190,CNSHA,CNNGB,VSL-0056,2024-08-21 20:00:00,2024-08-27 20:00:00,2024-08-28 09:00:00,2024-08-30 20:00:00,2024-09-02 08:00:00,35,Consumer Goods,2744.61,DELAYED
SHP-04682,CUST-1108,USLGB,NLRTM,VSL-0032,2024-12-17 15:00:00,2024-12-28 15:00:00,2024-12-30 12:00:00,2025-01-29 15:00:00,2025-02-04 04:00:00,24,Pharmaceuticals,1543.75,DELAYED
SHP-02533,CUST-1173,GBFXT,PKKAR,VSL-0012,2025-04-27 01:00:00,2025-05-11 01:00:00,,2025-06-04 01:00:00,,30,machinery ,1028.58,CANCELLED
SHP-00620,CUST-1065,USLGB,CNSHA,VSL-0015,2025-05-15 12:00:00,2025-05-22 12:00:00,2025-05-22 18:00:00,2025-06-15 12:00:00,2025-06-15 05:00:00,9,Machinery,773.62,DELIVERED
SHP-01924,CUST-1003,SGSIN,JPYOK,VSL-0004,2024-08-07 14:00:00,2024-08-15 14:00:00,2024-08-15 14:00:00,2024-08-21 14:00:00,2024-08-21 18:00:00,10,Chemicals,2328.01,DELIVERED
SHP-01965,CUST-1195,JPYOK,USNYC,VSL-0057,2025-07-07 10:00:00,2025-07-16 10:00:00,2025-07-19 06:00:00,2025-08-01 10:00:00,2025-08-06 05:00:00,26,food & beverage,195.26,DELAYED
SHP-00847,CUST-1113,ZADUR,KRPUS,VSL-0037,2025-02-11 15:00:00,2025-02-18 15:00:00,2025-02-19 20:00:00,2025-03-21 15:00:00,2025-03-23 21:00:00,23,Furniture,1027.62,DELAYED
SHP-03625,CUST-1249,CNNGB,EGPSD,VSL-0043,2025-08-31 11:00:00,2025-09-09 11:00:00,2025-09-09 10:00:00,2025-10-06 11:00:00,2025-10-06 05:00:00,14,Apparel,1725.01,DELIVERED
SHP-03548,CUST-1143,JPYOK,CNSZX,VSL-0015,2025-06-15 08:00:00,2025-06-19 08:00:00,2025-06-20 23:00:00,2025-06-24 08:00:00,2025-06-29 05:00:00,16,Electronics,879.8,DELAYED
SHP-03635,CUST-1250,MYPKG,USSAV,VSL-0058,2025-02-28 21:00:00,2025-03-04 21:00:00,2025-03-07 13:00:00,2025-03-26 21:00:00,2025-04-01 12:00:00,16,Automotive Parts,2601.32,DELAYED
SHP-03958,CUST-1168,NLRTM,AEDXB,VSL-0062,2025-07-25 02:00:00,2025-08-03 02:00:00,2025-08-04 13:00:00,2025-09-02 02:00:00,2025-09-05 15:00:00,6,Chemicals,2252.27,DELAYED
SHP-01634,CUST-1001,PKKAR,USLGB,VSL-0030,2025-08-19 03:00:00,2025-08-30 03:00:00,2025-09-01 19:00:00,2025-10-03 03:00:00,2025-10-06 01:00:00,32,Electronics,1677.71,DELAYED
SHP-00397,CUST-1097,BRSSZ,KRPUS,VSL-0034,2025-06-30 23:00:00,2025-07-08 23:00:00,2025-07-09 04:00:00,2025-08-08 23:00:00,2025-08-09 06:00:00,13,Apparel,1674.91,DELIVERED
SHP-00319,CUST-1233,BEANR,ZADUR,VSL-0078,2025-05-31 20:00:00,2025-06-12 20:00:00,2025-06-14 14:00:00,2025-07-10 20:00:00,2025-07-14 04:00:00,27,Electronics,495.76,DELAYED
SHP-04974,CUST-1139,EGPSD,GBFXT,VSL-0040,2025-01-19 22:00:00,2025-01-24 22:00:00,2025-01-24 18:00:00,2025-02-18 22:00:00,2025-02-18 14:00:00,31,Electronics,750.96,DELIVERED
SHP-00824,CUST-1005,CNSZX,BRSSZ,VSL-0006,2025-04-16 02:00:00,2025-04-22 02:00:00,2025-04-24 12:00:00,2025-05-19 02:00:00,2025-05-22 11:00:00,3,Machinery,776.41,DELAYED
SHP-00150,CUST-1094,AEDXB,PKKAR,VSL-0044,2024-08-02 01:00:00,2024-08-15 01:00:00,2024-08-15 05:00:00,2024-09-16 01:00:00,2024-09-16 07:00:00,19,Electronics,111.75,DELIVERED
SHP-02560,CUST-1098,CNNGB,KRPUS,VSL-0054,2024-10-16 21:00:00,2024-10-24 21:00:00,,2024-10-28 21:00:00,,29,Pharmaceuticals,781.85,COMPLETED
SHP-00825,CUST-1117,CNSZX,SGSIN,VSL-0072,2025-03-24 09:00:00,2025-04-04 09:00:00,2025-04-07 03:00:00,2025-04-10 09:00:00,2025-04-16 01:00:00,32,Electronics,1578.73,DELAYED
SHP-03030,CUST-1009,USLGB,GBFXT,VSL-0051,2024-11-13 12:00:00,2024-11-27 12:00:00,2024-11-28 22:00:00,2024-12-31 12:00:00,2025-01-03 18:00:00,40,Automotive Parts,492.32,DELAYED
SHP-01712,CUST-1078,THBKK,INMUN,VSL-0065,2024-11-01 10:00:00,2024-11-10 10:00:00,2024-11-10 15:00:00,2024-11-17 10:00:00,2024-11-17 16:00:00,27,Apparel,1369.09,DELIVERED
SHP-01183,CUST-1244,DEHAM,CNSHA,VSL-0053,2024-06-07 08:00:00,2024-06-13 08:00:00,,2024-07-16 08:00:00,,24,Apparel,663.32,CANCELLED
SHP-03066,CUST-1071,CNSHA,INNSA,VSL-0036,2024-09-18 10:00:00,2024-09-21 10:00:00,2024-09-21 19:00:00,2024-09-27 10:00:00,2024-09-28 07:00:00,29,Food & Beverage,2645.11,DELIVERED
SHP-00410,CUST-1130,USNYC,NLRTM,VSL-0069,2025-07-12 04:00:00,2025-07-19 04:00:00,2025-07-21 09:00:00,2025-08-21 04:00:00,2025-08-26 03:00:00,3,Raw Materials,149.74,DELAYED
SHP-04629,CUST-1173,NLRTM,JPYOK,VSL-0063,2025-01-03 01:00:00,2025-01-11 01:00:00,2025-01-12 08:00:00,2025-02-04 01:00:00,2025-02-07 23:00:00,9,,648.15,DELAYED
SHP-01253,CUST-1240,SGSIN,ESVLC,VSL-0024,2025-04-18 06:00:00,2025-04-21 06:00:00,2025-04-23 20:00:00,2025-05-05 06:00:00,2025-05-11 12:00:00,3,Automotive Parts,624.45,DELAYED
SHP-03526,CUST-1210,ESVLC,THBKK,VSL-0008,2025-03-18 08:00:00,2025-03-30 08:00:00,2025-03-30 18:00:00,2025-04-14 08:00:00,2025-04-16 01:00:00,7,Consumer Goods,1584.15,DELAYED
SHP-04516,CUST-1227,AEDXB,BEANR,VSL-0046,2025-09-13 14:00:00,2025-09-25 14:00:00,2025-09-25 20:00:00,2025-10-24 14:00:00,2025-10-24 19:00:00,32,Chemicals,2644.11,DELIVERED
SHP-00112,CUST-1000,HKHKG,CNNGB,VSL-0068,2024-06-11 16:00:00,2024-06-25 16:00:00,2024-06-27 23:00:00,2024-07-02 16:00:00,2024-07-05 14:00:00,29,Machinery,1454.01,DELAYED
SHP-01396,CUST-1169,THBKK,HKHKG,VSL-0056,2025-03-09 09:00:00,2025-03-21 09:00:00,2025-03-21 05:00:00,2025-03-27 09:00:00,2025-03-27 15:00:00,34,Automotive parts,401.47,DELIVERED
SHP-03376,CUST-1155,NLRTM,USNYC,VSL-0045,2025-07-26 13:00:00,2025-08-08 13:00:00,2025-08-08 10:00:00,2025-09-05 13:00:00,2025-09-05 10:00:00,9,Consumer Goods,764.74,DELIVERED
SHP-04262,CUST-1202,BRSSZ,PKKAR,VSL-0039,2025-05-20 11:00:00,2025-05-23 11:00:00,2025-05-24 22:00:00,2025-06-25 11:00:00,2025-06-28 04:00:00,14,Food & Beverage,2771.38,DELAYED
SHP-03117,CUST-1136,KRPUS,INNSA,VSL-0022,2025-05-25 15:00:00,2025-06-05 15:00:00,2025-06-05 18:00:00,2025-06-08 15:00:00,2025-06-09 03:00:00,26,Apparel,1185.59,DELIVERED
SHP-04656,CUST-1059,HKHKG,ZZZZZ,VSL-0077,2025-02-01 13:00:00,2025-02-06 13:00:00,2025-02-08 11:00:00,2025-02-26 13:00:00,2025-03-04 06:00:00,30,Electronics,1542.26,DELAYED
SHP-02593,CUST-1147,THBKK,MYPKG,VSL-0013,2025-09-19 07:00:00,2025-09-28 07:00:00,2025-09-28 04:00:00,2025-10-02 07:00:00,2025-10-02 11:00:00,17,Furniture,838.7,DELIVERED
SHP-02595,CUST-1075,JPYOK,DEHAM,VSL-0030,2025-01-28 09:00:00,2025-02-11 09:00:00,2025-02-11 12:00:00,2025-03-03 09:00:00,2025-03-03 01:00:00,14,Raw Materials,1556.62,DELIVERED
SHP-03378,CUST-1009,EGPSD,USLAX,VSL-0072,2024-11-06 22:00:00,2024-11-19 22:00:00,2024-11-22 10:00:00,2024-12-06 22:00:00,2024-12-12 22:00:00,12,Raw Materials,495.11,DELAYED
SHP-00427,CUST-1170,INNSA,JPYOK,VSL-0073,2024-12-25 13:00:00,2025-01-05 13:00:00,2025-01-05 15:00:00,2025-01-11 13:00:00,2025-01-11 07:00:00,18,Electronics,878.73,DELIVERED
SHP-00362,CUST-1088,INMUN,ESVLC,VSL-0062,2025-07-03 14:00:00,2025-07-17 14:00:00,2025-07-18 21:00:00,2025-08-20 14:00:00,2025-08-24 11:00:00,5,Furniture,590.91,DELAYED
SHP-03679,CUST-1050,KRPUS,BRSSZ,VSL-0033,2024-12-31 11:00:00,2025-01-11 11:00:00,2025-01-11 08:00:00,2025-02-04 11:00:00,2025-02-04 04:00:00,624,APPAREL,1042.81,DELIVERED
SHP-00436,CUST-1150,INMUN,CNNGB,VSL-0025,2025-04-10 23:00:00,2025-04-21 23:00:00,2025-04-23 17:00:00,2025-04-28 23:00:00,2025-05-04 11:00:00,33,Electronics,1563.35,DELAYED
SHP-00222,CUST-1250,ESVLC,NLRTM,VSL-0067,2024-10-07 15:00:00,2024-10-17 15:00:00,2024-10-17 11:00:00,2024-10-26 15:00:00,2024-10-26 22:00:00,5,Electronics,2138.8,DELIVERED
SHP-04284,CUST-1018,KRPUS,USLGB,VSL-0022,2025-01-25 02:00:00,2025-01-31 02:00:00,2025-02-02 12:00:00,2025-03-07 02:00:00,2025-03-11 23:00:00,3,Food & Beverage,2466.45,DELAYED
SHP-00446,CUST-1081,INNSA,HKHKG,VSL-0074,2025-09-16 20:00:00,2025-09-25 20:00:00,,2025-09-29 20:00:00,,32,Apparel,796.26,COMPLETED
SHP-03541,CUST-1056,SGSIN,HKHKG,VSL-0075,2025-09-26 02:00:00,2025-09-30 02:00:00,2025-09-30 05:00:00,2025-10-09 02:00:00,2025-10-08 22:00:00,33,Electronics,2342.9,DELIVERED
SHP-00424,CUST-1200,ZADUR,BEANR,VSL-0074,2025-07-30 07:00:00,2025-08-04 07:00:00,2025-08-06 16:00:00,2025-08-20 07:00:00,2025-08-26 07:00:00,19,Furniture,1145.31,DELAYED
SHP-01718,CUST-1215,BRSSZ,THBKK,VSL-0071,2024-12-17 16:00:00,2024-12-26 16:00:00,2024-12-29 02:00:00,2025-01-14 16:00:00,2025-01-17 09:00:00,34,Chemicals,1088.87,DELAYED
SHP-01891,CUST-1243,BEANR,HKHKG,VSL-0003,2025-05-25 08:00:00,2025-06-02 08:00:00,2025-06-02 14:00:00,2025-06-27 08:00:00,2025-06-27 17:00:00,22,Pharmaceuticals,1625.99,DELIVERED
SHP-02114,CUST-1225,USSAV,INNSA,VSL-0040,2024-10-26 04:00:00,2024-10-29 04:00:00,2024-10-29 04:00:00,2024-11-13 04:00:00,2024-11-13 00:00:00,7,Pharmaceuticals,2622.56,DELIVERED
SHP-04482,CUST-1049,DEHAM,CNSZX,VSL-0077,2025-09-11 12:00:00,2025-09-15 12:00:00,2025-09-15 15:00:00,2025-10-04 12:00:00,2025-10-04 09:00:00,28,Automotive Parts,1217.66,DELIVERED
SHP-03731,CUST-1172,USSAV,SGSIN,VSL-0047,2025-03-01 07:00:00,2025-03-06 07:00:00,2025-03-06 09:00:00,2025-03-30 07:00:00,2025-03-31 16:00:00,40,Furniture,851.52,DELAYED
SHP-04968,CUST-1031,ZADUR,CNNGB,VSL-0079,2025-06-28 17:00:00,2025-07-03 17:00:00,2025-07-03 22:00:00,2025-08-06 17:00:00,2025-08-06 11:00:00,26,Electronics,2279.29,DELIVERED
SHP-04430,CUST-1018,BRSSZ,USLGB,VSL-0066,2025-10-04 01:00:00,2025-10-11 01:00:00,2025-10-13 12:00:00,2025-10-20 01:00:00,2025-10-24 06:00:00,11,Raw Materials,708.22,DELAYED
SHP-02700,CUST-1004,EGPSD,INMUN,VSL-0027,2024-11-21 10:00:00,2024-11-28 10:00:00,2024-11-28 10:00:00,2024-12-17 10:00:00,2024-12-17 18:00:00,18,Food & Beverage,869.71,DELIVERED
SHP-04060,CUST-1220,AEDXB,USLGB,VSL-0073,2025-04-29 21:00:00,2025-05-07 21:00:00,2025-05-09 18:00:00,2025-05-22 21:00:00,2025-05-24 20:00:00,14,Apparel,2038.72,DELAYED
SHP-04566,CUST-1102,PKKAR,CNSZX,VSL-0068,2025-02-01 14:00:00,2025-02-04 14:00:00,2025-02-05 09:00:00,2025-02-11 14:00:00,2025-02-13 06:00:00,12,Apparel,1505.56,DELAYED
SHP-03060,CUST-1105,EGPSD,SGSIN,VSL-0018,2024-12-10 15:00:00,2024-12-15 15:00:00,2024-12-15 17:00:00,2024-12-30 15:00:00,2024-12-30 12:00:00,14,Automotive Parts,1622.18,DELIVERED
SHP-02108,CUST-1117,USSAV,USNYC,VSL-0011,2025-09-24 11:00:00,2025-10-02 11:00:00,2025-10-04 03:00:00,2025-10-12 11:00:00,2025-10-16 00:00:00,13,Raw Materials,-135.06,DELAYED
SHP-02545,CUST-1017,INNSA,GBFXT,VSL-0028,2025-05-05 04:00:00,2025-05-18 04:00:00,2025-05-20 11:00:00,2025-06-08 04:00:00,2025-06-13 18:00:00,25,Pharmaceuticals,309.7,DELAYED
SHP-00239,CUST-1001,HKHKG,USNYC,VSL-0042,2025-09-19 22:00:00,2025-09-27 22:00:00,2025-09-27 20:00:00,2025-10-27 22:00:00,2025-10-27 17:00:00,35,Electronics,2223.47,DELIVERED
SHP-01690,CUST-1071,USNYC,BEANR,VSL-0044,2024-07-14 17:00:00,2024-07-18 17:00:00,2024-07-21 01:00:00,2024-08-15 17:00:00,2024-08-18 00:00:00,29,Chemicals,2538.17,DELAYED
SHP-00038,CUST-1227,USSAV,DEHAM,VSL-0056,2025-05-20 04:00:00,2025-05-30 04:00:00,2025-05-30 09:00:00,2025-06-27 04:00:00,2025-06-27 15:00:00,8,Raw Materials,2703.66,DELIVERED
SHP-01321,CUST-1026,THBKK,GBFXT,VSL-0028,2025-04-02 06:00:00,2025-04-11 06:00:00,2025-04-12 20:00:00,2025-05-15 06:00:00,2025-05-18 12:00:00,25,Consumer Goods,2655.97,DELAYED
SHP-02614,CUST-1148,CNNGB,KRPUS,VSL-0072,2025-03-30 16:00:00,2025-04-12 16:00:00,,2025-04-15 16:00:00,,9,Raw Materials,2127.44,CANCELLED
SHP-03537,CUST-1116,NLRTM,INMUN,VSL-0075,2025-04-01 22:00:00,2025-04-14 22:00:00,2025-04-15 01:00:00,2025-05-10 22:00:00,2025-05-11 04:00:00,31,Pharmaceuticals,2200.17,DELIVERED
SHP-00818,CUST-1148,USLGB,ESVLC,VSL-0046,2025-03-09 11:00:00,2025-03-14 11:00:00,2025-03-14 17:00:00,2025-04-06 11:00:00,2025-04-06 05:00:00,14,Consumer Goods,1249.37,DELIVERED
SHP-02563,CUST-1046,ESVLC,NLRTM,VSL-0044,2025-02-17 12:00:00,2025-03-03 12:00:00,2025-03-03 08:00:00,2025-03-13 12:00:00,2025-03-13 13:00:00,25,Machinery,1080.53,DELIVERED
SHP-02929,CUST-1001,THBKK,PKKAR,VSL-0016,2024-11-28 01:00:00,2024-12-05 01:00:00,2024-12-05 01:00:00,2024-12-10 01:00:00,2024-12-10 06:00:00,2,Raw Materials,431.7,DELIVERED
SHP-04636,CUST-1101,USLAX,THBKK,VSL-0064,2025-02-27 13:00:00,2025-03-08 13:00:00,2025-03-08 09:00:00,2025-03-27 13:00:00,2025-03-27 06:00:00,3,Chemicals,2225.99,DELIVERED
SHP-00305,CUST-1219,BEANR,USNYC,VSL-0073,2025-06-23 02:00:00,2025-06-27 02:00:00,2025-06-27 02:00:00,2025-07-17 02:00:00,2025-07-17 04:00:00,40,Electronics,1251.33,DELIVERED
SHP-01464,CUST-1030,INNSA,ESVLC,VSL-0029,2025-10-01 13:00:00,2025-10-14 13:00:00,2025-10-14 14:00:00,2025-11-10 13:00:00,2025-11-14 05:00:00,26,Food & Beverage,2344.13,DELAYED
SHP-02492,CUST-1054,CNSZX,SGSIN,VSL-0020,2025-08-05 16:00:00,2025-08-15 16:00:00,2025-08-18 08:00:00,2025-08-21 16:00:00,2025-08-26 08:00:00,29,Consumer Goods,2579.9,DELAYED
SHP-04358,CUST-1168,JPYOK,DEHAM,VSL-0043,2025-08-09 03:00:00,2025-08-18 03:00:00,2025-08-20 07:00:00,2025-09-02 03:00:00,2025-09-07 11:00:00,8,Food & Beverage,1476.62,DELAYED
SHP-01527,CUST-1006,KRPUS,CNNGB,VSL-0020,2025-09-26 14:00:00,2025-10-09 14:00:00,2025-10-09 19:00:00,2025-10-15 14:00:00,2025-10-15 19:00:00,36,Electronics,1119.34,DELIVERED
SHP-00923,CUST-1155,USNYC,KRPUS,VSL-0056,2025-02-06 05:00:00,2025-02-18 05:00:00,2025-02-18 09:00:00,2025-03-04 05:00:00,2025-03-04 03:00:00,2,Food & Beverage,74.29,DELIVERED
SHP-01457,CUST-1171,JPYOK,EGPSD,VSL-0063,2024-06-28 08:00:00,2024-07-05 08:00:00,2024-07-05 13:00:00,2024-07-19 08:00:00,2024-07-19 11:00:00,10,Automotive Parts,448.88,DELIVERED
SHP-04404,CUST-1181,AEDXB,ZADUR,VSL-0016,2025-05-02 20:00:00,2025-05-10 20:00:00,2025-05-11 10:00:00,2025-05-19 20:00:00,2025-05-22 22:00:00,23,Raw Materials,1781.33,DELAYED
SHP-02493,CUST-1041,CNNGB,USSAV,VSL-0049,2025-03-03 22:00:00,2025-03-12 22:00:00,2025-03-13 02:00:00,2025-04-05 22:00:00,2025-04-05 19:00:00,21,Furniture,,DELIVERED
SHP-04829,CUST-1042,NLRTM,DEHAM,VSL-0025,2024-06-08 05:00:00,2024-06-12 05:00:00,2024-06-14 04:00:00,2024-06-17 05:00:00,2024-06-20 01:00:00,27,Pharmaceuticals,1619.7,DELAYED
SHP-00779,CUST-1205,USNYC,AEDXB,VSL-0026,2024-09-28 18:00:00,2024-10-11 18:00:00,2024-10-11 20:00:00,2024-11-13 18:00:00,2024-11-13 12:00:00,10,Raw Materials,662.39,DELIVERED
SHP-01201,CUST-1244,BEANR,BRSSZ,VSL-0039,2024-09-08 17:00:00,2024-09-22 17:00:00,2024-09-22 23:00:00,2024-10-12 17:00:00,2024-10-13 01:00:00,21,Electronics,1234.59,DELIVERED
SHP-01119,CUST-1128,EGPSD,USSAV,VSL-0020,2025-09-16 13:00:00,2025-09-21 13:00:00,2025-09-22 09:00:00,2025-10-09 13:00:00,2025-10-13 22:00:00,11,Automotive Parts,469.58,DELAYED
SHP-04328,CUST-1222,USLGB,DEHAM,VSL-0005,2024-07-31 19:00:00,2024-08-04 19:00:00,2024-08-06 00:00:00,2024-08-23 19:00:00,2024-08-27 04:00:00,16,Machinery,369.31,DELAYED
SHP-01798,CUST-1090,ESVLC,NLRTM,VSL-0029,2024-06-09 13:00:00,2024-06-22 13:00:00,2024-06-25 01:00:00,2024-06-26 13:00:00,2024-06-30 11:00:00,37,Food & Beverage,1043.66,DELAYED
SHP-00262,CUST-1067,HKHKG,ZADUR,VSL-0030,2025-07-31 18:00:00,2025-08-04 18:00:00,2025-08-04 20:00:00,2025-09-05 18:00:00,2025-09-06 06:00:00,30,Pharmaceuticals,883.64,DELIVERED
SHP-01234,CUST-1057,ZADUR,INNSA,VSL-0039,2025-10-09 04:00:00,2025-10-14 04:00:00,2025-10-14 07:00:00,2025-11-10 04:00:00,2025-11-09 22:00:00,23,Furniture,786.31,DELIVERED
SHP-01810,CUST-1057,AEDXB,KRPUS,VSL-0029,2025-05-15 10:00:00,2025-05-23 10:00:00,2025-05-23 15:00:00,2025-06-18 10:00:00,2025-06-18 18:00:00,15,Automotive Parts,91.1,DELIVERED
SHP-04893,CUST-1198,BEANR,DEHAM,VSL-0036,2024-06-17 21:00:00,2024-06-25 21:00:00,2024-06-27 21:00:00,2024-06-30 21:00:00,2024-07-03 05:00:00,11,Chemicals,320.6,DELAYED
SHP-00624,CUST-1094,INNSA,NLRTM,VSL-0023,2025-01-01 00:00:00,2025-01-11 00:00:00,2025-01-10 22:00:00,2025-02-07 00:00:00,2025-02-07 11:00:00,34,Apparel,2239.82,DELIVERED
SHP-01732,CUST-1035,USSAV,INMUN,VSL-0059,2025-07-08 09:00:00,2025-07-15 09:00:00,2025-07-15 15:00:00,2025-08-13 09:00:00,2025-08-13 08:00:00,8,Electronics,1953.12,DELIVERED
SHP-01602,CUST-1009,MYPKG,GBFXT,VSL-0015,2025-06-29 00:00:00,2025-07-10 00:00:00,2025-07-11 12:00:00,2025-08-10 00:00:00,2025-08-15 04:00:00,3,Food & Beverage,254.56,DELAYED
SHP-01261,CUST-1012,USLAX,NLRTM,VSL-0062,2025-05-21 12:00:00,2025-05-26 12:00:00,2025-05-28 14:00:00,2025-06-23 12:00:00,2025-06-26 08:00:00,14,Machinery,695.15,DELAYED
SHP-00572,CUST-1113,THBKK,AEDXB,VSL-0025,2025-03-16 03:00:00,2025-03-23 03:00:00,2025-03-23 17:00:00,2025-04-24 03:00:00,2025-04-26 18:00:00,11,Pharmaceuticals,2531.77,DELAYED
SHP-04155,CUST-1201,SGSIN,USNYC,VSL-0010,2024-08-27 16:00:00,2024-09-10 16:00:00,2024-09-10 15:00:00,2024-09-27 16:00:00,2024-09-27 18:00:00,14,Furniture,225.05,DELIVERED
SHP-04304,CUST-1002,BEANR,DEHAM,VSL-0021,2025-06-02 07:00:00,2025-06-10 07:00:00,2025-06-10 07:00:00,2025-06-15 07:00:00,2025-06-15 10:00:00,8,Furniture,737.55,DELIVERED
SHP-02242,CUST-1114,SGSIN,DEHAM,VSL-0019,2024-09-12 19:00:00,2024-09-24 19:00:00,2024-09-25 01:00:00,2024-10-10 19:00:00,2024-10-10 17:00:00,20,Machinery,2099.72,DELIVERED
SHP-03645,CUST-1237,USLAX,NLRTM,VSL-0028,2025-03-20 11:00:00,2025-03-25 11:00:00,2025-03-25 07:00:00,2025-04-23 11:00:00,2025-04-23 07:00:00,1,Raw Materials,2063.83,DELIVERED
SHP-00858,CUST-1201,CNSZX,HKHKG,VSL-0021,2025-08-16 16:00:00,2025-08-28 16:00:00,2025-08-28 14:00:00,2025-09-05 16:00:00,2025-09-05 10:00:00,18,Automotive Parts,530.03,DELIVERED
SHP-02619,CUST-1128,BEANR,MYPKG,VSL-0012,2025-06-15 10:00:00,2025-06-29 10:00:00,2025-06-29 10:00:00,2025-07-26 10:00:00,2025-07-26 04:00:00,9,APPAREL,1803.77,DELIVERED
SHP-03853,CUST-1014,MYPKG,KRPUS,VSL-0071,2024-07-06 22:00:00,2024-07-09 22:00:00,2024-07-09 21:00:00,2024-07-13 22:00:00,2024-07-13 23:00:00,21,APPAREL,1258.96,DELIVERED
SHP-04793,CUST-1009,USLAX,GBFXT,VSL-0038,2024-12-29 14:00:00,2025-01-04 14:00:00,2025-01-04 16:00:00,2025-01-31 14:00:00,2025-01-31 11:00:00,10,Automotive Parts,1499.43,DELIVERED
SHP-00928,CUST-1115,USLGB,ESVLC,VSL-0014,2025-08-09 02:00:00,2025-08-21 02:00:00,2025-08-24 02:00:00,2025-09-04 02:00:00,2025-09-07 04:00:00,3,Raw Materials,851.99,DELAYED
SHP-02805,CUST-1055,USNYC,BEANR,VSL-0062,2024-08-02 09:00:00,2024-08-06 09:00:00,2024-08-06 09:00:00,2024-08-23 09:00:00,2024-08-23 08:00:00,29,Furniture,2449.22,DELIVERED
SHP-03647,CUST-1030,INMUN,KRPUS,VSL-0049,2025-07-12 23:00:00,2025-07-16 23:00:00,2025-07-16 20:00:00,2025-07-26 23:00:00,2025-07-27 02:00:00,18,Consumer Goods,1316.58,DELIVERED
SHP-04665,CUST-1004,DEHAM,USLGB,VSL-0030,2024-08-22 17:00:00,2024-08-29 17:00:00,2024-08-29 13:00:00,2024-09-14 17:00:00,2024-09-14 22:00:00,28,Apparel,179.37,DELIVERED
SHP-04640,CUST-1237,USLGB,CNNGB,VSL-0059,2024-12-03 13:00:00,2024-12-10 13:00:00,2024-12-10 13:00:00,2024-12-25 13:00:00,2024-12-25 20:00:00,40,Furniture,1371.17,DELIVERED
SHP-02016,CUST-1062,USLGB,KRPUS,VSL-0051,2025-02-04 17:00:00,2025-02-08 17:00:00,2025-02-09 08:00:00,2025-03-07 17:00:00,2025-03-09 10:00:00,26,Furniture,782.09,DELAYED
SHP-01657,CUST-1210,HKHKG,JPYOK,VSL-0023,2025-03-21 08:00:00,2025-03-27 08:00:00,2025-03-27 06:00:00,2025-04-05 08:00:00,2025-04-05 03:00:00,14,Pharmaceuticals,2383.97,DELIVERED
SHP-04794,CUST-1015,XXTST,ZZZZZ,VSL-0067,2025-10-10 09:00:00,2025-10-18 09:00:00,2025-10-19 12:00:00,2025-11-05 09:00:00,2025-11-08 06:00:00,21,Machinery,711.08,DELAYED
SHP-01795,CUST-1194,BEANR,CNSZX,VSL-0061,2025-09-04 18:00:00,2025-09-08 18:00:00,2025-09-08 19:00:00,2025-09-26 18:00:00,2025-09-27 04:00:00,2,electronics,1865.5,DELIVERED
SHP-04635,CUST-1129,AEDXB,EGPSD,VSL-0051,2024-12-11 21:00:00,2024-12-14 21:00:00,2024-12-15 00:00:00,2024-12-23 21:00:00,2024-12-25 03:00:00,15,Consumer Goods,381.05,DELAYED
SHP-04205,CUST-1234,CNSHA,USLAX,VSL-0038,2024-07-01 17:00:00,2024-07-14 17:00:00,2024-07-14 20:00:00,2024-08-04 17:00:00,2024-08-05 02:00:00,30,Consumer Goods,1497.77,DELIVERED
SHP-04394,CUST-1016,DEHAM,THBKK,VSL-0070,2025-10-04 04:00:00,2025-10-07 04:00:00,2025-10-09 13:00:00,2025-11-04 04:00:00,2025-11-10 06:00:00,29,Raw Materials,948.38,DELAYED
SHP-00191,CUST-1012,INNSA,ZADUR,VSL-0044,2024-06-25 20:00:00,2024-07-06 20:00:00,2024-07-06 19:00:00,2024-07-20 20:00:00,2024-07-20 14:00:00,18,Raw Materials,1695.17,DELIVERED
SHP-03832,CUST-1170,THBKK,INMUN,VSL-0036,2024-07-25 01:00:00,2024-08-07 01:00:00,2024-08-08 03:00:00,2024-08-15 01:00:00,2024-08-18 02:00:00,39,Food & Beverage,,DELAYED
SHP-04218,CUST-1094,PKKAR,CNSZX,VSL-0074,2025-10-03 00:00:00,2025-10-10 00:00:00,2025-10-12 13:00:00,2025-10-13 00:00:00,2025-10-16 14:00:00,35,Raw Materials,2311.22,DELAYED
SHP-01747,CUST-1163,BRSSZ,USSAV,VSL-0064,2025-05-30 07:00:00,2025-06-09 07:00:00,2025-06-11 09:00:00,2025-06-16 07:00:00,2025-06-22 04:00:00,15,Machinery,2151.66,DELAYED
SHP-03361,CUST-1120,USLAX,MYPKG,VSL-0064,2025-05-20 20:00:00,2025-06-01 20:00:00,2025-06-01 17:00:00,2025-06-24 20:00:00,2025-06-24 18:00:00,29,Apparel,2214.49,DELIVERED
SHP-01617,CUST-1172,KRPUS,EGPSD,VSL-0028,2024-08-12 17:00:00,2024-08-15 17:00:00,,2024-08-30 17:00:00,,39,Apparel,2412.66,CANCELLED
SHP-01460,CUST-1181,CNSZX,CNNGB,VSL-0028,2025-01-06 04:00:00,2025-01-15 04:00:00,2025-01-15 03:00:00,2025-01-22 04:00:00,2025-01-21 22:00:00,17,Pharmaceuticals,75.2,DELIVERED
SHP-02784,CUST-1013,INMUN,USNYC,VSL-0028,2024-07-23 08:00:00,2024-07-29 08:00:00,2024-07-29 07:00:00,2024-08-24 08:00:00,2024-08-24 17:00:00,11,Automotive Parts,2364.07,DELIVERED
SHP-03095,CUST-1092,USNYC,INMUN,VSL-0023,2024-06-21 14:00:00,2024-06-30 14:00:00,2024-06-30 12:00:00,2024-07-21 14:00:00,2024-07-21 12:00:00,40,Automotive Parts,2277.37,DELIVERED
SHP-01640,CUST-1008,JPYOK,GBFXT,VSL-0041,2025-03-28 03:00:00,2025-04-03 03:00:00,2025-04-03 05:00:00,2025-04-28 03:00:00,2025-04-28 08:00:00,31,Consumer Goods,2325.55,DELIVERED
SHP-03133,CUST-1203,GBFXT,BEANR,VSL-0025,2024-07-14 02:00:00,2024-07-27 02:00:00,2024-07-27 03:00:00,2024-08-04 02:00:00,2024-08-04 09:00:00,38,Automotive Parts,381.2,DELIVERED
SHP-03538,CUST-1143,USLGB,CNSHA,VSL-0074,2025-03-19 18:00:00,2025-03-30 18:00:00,,2025-05-02 18:00:00,,33,food & beverage,1037.05,delivered
SHP-02054,CUST-1120,INNSA,USLAX,VSL-0037,2025-08-04 09:00:00,2025-08-14 09:00:00,2025-08-16 06:00:00,2025-09-15 09:00:00,2025-09-18 20:00:00,30,Consumer Goods,658.05,DELAYED
SHP-04293,CUST-1053,THBKK,ZADUR,VSL-0056,2024-10-06 04:00:00,2024-10-11 04:00:00,2024-10-11 15:00:00,2024-11-13 04:00:00,2024-11-15 17:00:00,23,Apparel,1098.71,DELAYED
SHP-04486,CUST-1005,USLAX,PKKAR,VSL-0006,2025-01-23 10:00:00,2025-01-29 10:00:00,2025-01-29 08:00:00,2025-03-01 10:00:00,2025-03-01 11:00:00,22,Pharmaceuticals,618.39,DELIVERED
SHP-01528,CUST-1120,USLGB,BRSSZ,VSL-0037,2025-08-29 04:00:00,2025-09-09 04:00:00,2025-09-10 07:00:00,2025-09-17 04:00:00,2025-09-20 08:00:00,29,Food & Beverage,2020.58,DELAYED
SHP-00158,CUST-1041,USLAX,USNYC,VSL-0036,2024-10-16 09:00:00,2024-10-27 09:00:00,2024-10-29 02:00:00,2024-11-06 09:00:00,2024-11-11 08:00:00,40,Furniture,1321.81,DELAYED
SHP-02103,CUST-1150,SGSIN,CNNGB,VSL-0067,2025-05-19 23:00:00,2025-06-02 23:00:00,2025-06-05 05:00:00,2025-06-06 23:00:00,2025-06-13 03:00:00,18,Pharmaceuticals,2205.07,DELAYED
SHP-00884,CUST-1101,ZADUR,THBKK,VSL-0009,2025-02-20 20:00:00,2025-02-26 20:00:00,2025-02-26 21:00:00,2025-03-28 20:00:00,2025-03-28 22:00:00,4,Chemicals,437.46,DELIVERED
SHP-02131,CUST-1226,ZADUR,SGSIN,VSL-0056,2025-05-07 12:00:00,2025-05-12 12:00:00,2025-05-12 08:00:00,2025-06-13 12:00:00,2025-06-13 07:00:00,25,Chemicals,2422.0,DELIVERED
SHP-00025,CUST-1018,CNSZX,AEDXB,VSL-0067,2025-01-29 12:00:00,2025-02-03 12:00:00,2025-02-03 16:00:00,2025-02-26 12:00:00,2025-02-26 13:00:00,33,Food & Beverage,459.8,DELIVERED
SHP-02629,CUST-1025,THBKK,HKHKG,VSL-0054,2025-02-12 21:00:00,2025-02-24 21:00:00,2025-02-27 12:00:00,2025-03-01 21:00:00,2025-03-05 14:00:00,30,Raw Materials,1922.89,DELAYED
SHP-00357,CUST-1143,HKHKG,AEDXB,VSL-0006,2025-03-31 22:00:00,2025-04-12 22:00:00,2025-04-13 01:00:00,2025-05-03 22:00:00,2025-05-04 07:00:00,35,Machinery,2667.06,DELIVERED
SHP-02602,CUST-1245,THBKK,SGSIN,VSL-0027,2025-08-20 02:00:00,2025-08-31 02:00:00,2025-09-02 04:00:00,2025-09-06 02:00:00,2025-09-11 01:00:00,6,Automotive Parts,2100.97,DELAYED
SHP-02241,CUST-1213,PKKAR,BRSSZ,VSL-0038,2024-11-16 05:00:00,2024-11-25 05:00:00,2024-11-27 05:00:00,2024-12-30 05:00:00,2025-01-03 10:00:00,10,Automotive Parts,1754.43,DELAYED
SHP-00407,CUST-1220,SGSIN,ZADUR,VSL-0063,2024-07-25 10:00:00,2024-07-28 10:00:00,2024-07-28 06:00:00,2024-08-16 10:00:00,2024-08-16 22:00:00,13,Electronics,1653.02,DELIVERED
SHP-02286,CUST-1046,DEHAM,MYPKG,VSL-0063,2024-11-22 02:00:00,2024-12-05 02:00:00,2024-12-04 23:00:00,2024-12-26 02:00:00,2024-12-25 20:00:00,19,Raw Materials,509.89,DELIVERED
SHP-01133,CUST-1056,CNSHA,ZADUR,VSL-0016,2025-03-19 12:00:00,2025-04-01 12:00:00,2025-04-02 01:00:00,2025-05-06 12:00:00,2025-05-07 18:00:00,6,Food & Beverage,2202.14,DELAYED
SHP-04535,CUST-1175,ESVLC,CNSHA,VSL-0024,2024-07-08 14:00:00,2024-07-22 14:00:00,2024-07-22 20:00:00,2024-08-15 14:00:00,2024-08-15 08:00:00,27,Apparel,856.21,DELIVERED
SHP-00857,CUST-1217,ZADUR,BRSSZ,VSL-0023,2024-09-12 21:00:00,2024-09-19 21:00:00,2024-09-20 03:00:00,2024-10-14 21:00:00,2024-10-14 18:00:00,31,Electronics,2559.85,DELIVERED
SHP-02643,CUST-1238,ZADUR,CNSZX,VSL-0061,2024-08-24 13:00:00,2024-08-30 13:00:00,2024-08-30 22:00:00,2024-09-15 13:00:00,2024-09-19 04:00:00,24,Machinery,1525.68,DELAYED
SHP-00888,CUST-1053,MYPKG,INMUN,VSL-0070,2024-09-27 11:00:00,2024-10-11 11:00:00,2024-10-11 16:00:00,2024-10-19 11:00:00,2024-10-20 01:00:00,29,Consumer Goods,743.48,DELIVERED
SHP-02396,CUST-1138,CNSHA,KRPUS,VSL-0017,2024-09-11 15:00:00,2024-09-23 15:00:00,2024-09-25 14:00:00,2024-10-03 15:00:00,2024-10-08 01:00:00,4,Machinery,822.61,DELAYED
SHP-02683,CUST-1219,ESVLC,AEDXB,VSL-0024,2024-10-14 22:00:00,2024-10-17 22:00:00,2024-10-17 21:00:00,2024-11-06 22:00:00,2024-11-07 07:00:00,11,Automotive Parts,2736.18,DELIVERED
SHP-02322,CUST-1052,MYPKG,INNSA,VSL-0006,2025-06-25 12:00:00,2025-07-04 12:00:00,2025-07-04 17:00:00,2025-07-08 12:00:00,2025-07-09 06:00:00,6,Machinery,394.99,DELIVERED
SHP-00827,CUST-1138,DEHAM,CNSZX,VSL-0063,2025-06-02 02:00:00,2025-06-10 02:00:00,2025-06-09 22:00:00,2025-06-30 02:00:00,2025-06-30 06:00:00,9,Consumer Goods,2619.83,DELIVERED
SHP-04722,CUST-1060,INNSA,ZADUR,VSL-0042,2025-07-18 00:00:00,2025-07-31 00:00:00,2025-08-02 18:00:00,2025-08-30 00:00:00,2025-09-02 01:00:00,29,Consumer Goods,651.07,DELAYED
SHP-00354,CUST-1139,GBFXT,USLGB,VSL-0079,2025-04-13 05:00:00,2025-04-27 05:00:00,2025-04-29 10:00:00,2025-05-20 05:00:00,2025-05-25 13:00:00,9,machinery ,632.77,DELAYED
SHP-00366,CUST-1200,ZADUR,INMUN,VSL-0042,2024-06-17 05:00:00,2024-06-20 05:00:00,2024-06-20 06:00:00,2024-07-24 05:00:00,2024-07-27 14:00:00,4,Electronics,1019.22,DELAYED
SHP-01829,CUST-1165,SGSIN,GBFXT,VSL-0053,2025-06-22 03:00:00,2025-06-30 03:00:00,2025-06-30 03:00:00,2025-07-25 03:00:00,2025-07-25 10:00:00,6,Apparel,1623.66,DELIVERED
SHP-02087,CUST-1179,ESVLC,INMUN,VSL-0030,2025-03-14 00:00:00,2025-03-25 00:00:00,2025-03-27 23:00:00,2025-04-20 00:00:00,2025-04-26 08:00:00,7,Raw Materials,2446.14,DELAYED
SHP-02228,CUST-1008,MYPKG,USLGB,VSL-0001,2025-03-10 18:00:00,2025-03-16 18:00:00,2025-03-16 21:00:00,2025-04-09 18:00:00,2025-04-09 18:00:00,14,Apparel,,DELIVERED
SHP-03704,CUST-1242,INMUN,NLRTM,VSL-0036,2025-09-09 10:00:00,2025-09-23 10:00:00,2025-09-24 15:00:00,2025-10-24 10:00:00,2025-10-27 06:00:00,38,Electronics,2034.13,DELAYED
SHP-03373,CUST-1031,ESVLC,ZADUR,VSL-0026,2025-02-07 22:00:00,2025-02-21 22:00:00,2025-02-22 21:00:00,2025-03-22 22:00:00,2025-03-27 14:00:00,4, Chemicals,909.04,DELAYED
SHP-04584,CUST-1098,EGPSD,INMUN,VSL-0023,2025-08-30 11:00:00,2025-09-06 11:00:00,2025-09-09 01:00:00,2025-10-07 11:00:00,2025-10-10 22:00:00,5,Consumer Goods,555.96,DELAYED
SHP-04657,CUST-1019,EGPSD,MYPKG,VSL-0001,2024-07-24 02:00:00,2024-08-05 02:00:00,2024-08-06 18:00:00,2024-08-31 02:00:00,2024-09-05 18:00:00,39,Furniture,792.52,DELAYED
SHP-03282,CUST-1223,CNNGB,USLGB,VSL-0053,2024-08-20 08:00:00,2024-09-03 08:00:00,2024-09-03 04:00:00,2024-10-08 08:00:00,2024-10-08 18:00:00,6,Pharmaceuticals,2770.4,DELIVERED
SHP-00485,CUST-1019,CNSZX,USNYC,VSL-0055,2025-08-22 10:00:00,2025-08-26 10:00:00,2025-08-26 07:00:00,2025-09-12 10:00:00,2025-09-12 10:00:00,3,Chemicals,101.76,DELIVERED
SHP-04785,CUST-1164,CNNGB,ESVLC,VSL-0038,2024-06-02 14:00:00,2024-06-14 14:00:00,2024-06-16 03:00:00,2024-07-11 14:00:00,2024-07-15 06:00:00,23,Raw Materials,1558.7,DELAYED
SHP-00514,CUST-1188,CNSZX,BRSSZ,VSL-0073,2025-02-06 04:00:00,2025-02-19 04:00:00,2025-02-19 07:00:00,2025-03-26 04:00:00,2025-03-25 23:00:00,27,Electronics,2674.28,DELIVERED
SHP-04928,CUST-1027,PKKAR,INNSA,VSL-0037,2024-09-07 19:00:00,2024-09-15 19:00:00,2024-09-15 21:00:00,2024-09-18 19:00:00,2024-09-19 02:00:00,28,Food & Beverage,130.39,DELIVERED
SHP-02908,CUST-1186,CNNGB,AEDXB,VSL-0073,2024-12-26 21:00:00,2025-01-01 21:00:00,2025-01-02 09:00:00,2025-01-27 21:00:00,2025-01-28 23:00:00,39,Apparel,2153.19,DELAYED
SHP-01531,CUST-1086,ESVLC,SGSIN,VSL-0053,2024-09-08 22:00:00,2024-09-18 22:00:00,2024-09-19 03:00:00,2024-10-11 22:00:00,2024-10-12 02:00:00,1,Machinery,606.38,DELIVERED
SHP-00568,CUST-1087,BEANR,USNYC,VSL-0071,2024-07-03 11:00:00,2024-07-09 11:00:00,2024-07-09 11:00:00,2024-07-29 11:00:00,2024-07-29 12:00:00,12,Machinery,2091.32,DELIVERED
SHP-02128,CUST-1167,MYPKG,GBFXT,VSL-0059,2025-07-06 22:00:00,2025-07-13 22:00:00,2025-07-13 22:00:00,2025-07-30 22:00:00,2025-07-30 14:00:00,39,Automotive Parts,1338.86,DELIVERED
SHP-04448,CUST-1035,DEHAM,HKHKG,VSL-0017,2024-07-26 11:00:00,2024-08-09 11:00:00,2024-08-09 09:00:00,2024-09-10 11:00:00,2024-09-10 19:00:00,8,Apparel,1132.28,DELIVERED
SHP-01384,CUST-1125,INNSA,USLAX,VSL-0020,2025-03-05 22:00:00,2025-03-11 22:00:00,2025-03-12 04:00:00,2025-03-31 22:00:00,2025-03-31 23:00:00,32,Consumer Goods,219.34,DELIVERED
SHP-04226,CUST-1078,JPYOK,DEHAM,VSL-0077,2024-07-15 18:00:00,2024-07-27 18:00:00,2024-07-27 22:00:00,2024-08-18 18:00:00,2024-08-21 12:00:00,10,Furniture,89.61,DELAYED
SHP-02323,CUST-1123,USNYC,PKKAR,VSL-0003,2025-07-28 10:00:00,2025-08-08 10:00:00,2025-08-08 16:00:00,2025-08-24 10:00:00,2025-08-24 02:00:00,13,Machinery,1108.53,DELIVERED
SHP-02226,CUST-1094,NLRTM,SGSIN,VSL-0070,2025-04-28 22:00:00,2025-05-01 22:00:00,2025-05-02 22:00:00,2025-05-16 22:00:00,2025-05-19 09:00:00,2,Food & Beverage,2091.0,DELAYED
SHP-04267,CUST-1081,BEANR,USNYC,VSL-0058,2024-12-09 13:00:00,2024-12-23 13:00:00,2024-12-23 16:00:00,2025-01-08 13:00:00,2025-01-08 11:00:00,5,Furniture,-40.94,DELIVERED
SHP-04222,CUST-1244,THBKK,USSAV,VSL-0067,2024-09-05 09:00:00,2024-09-17 09:00:00,2024-09-17 10:00:00,2024-10-09 09:00:00,2024-10-09 13:00:00,15,Chemicals,,DELIVERED
SHP-04206,CUST-1163,ESVLC,SGSIN,VSL-0060,2025-08-18 16:00:00,2025-08-27 16:00:00,2025-08-30 06:00:00,2025-09-19 16:00:00,2025-09-23 04:00:00,40,Machinery,1958.39,DELAYED
SHP-04294,CUST-1022,USLGB,SGSIN,VSL-0012,2025-05-02 23:00:00,2025-05-11 23:00:00,2025-05-12 11:00:00,2025-06-06 23:00:00,2025-06-09 22:00:00,10,Raw Materials,1236.12,DELAYED
SHP-04484,CUST-1238,PKKAR,CNSHA,VSL-0076,2024-12-06 17:00:00,2024-12-20 17:00:00,2024-12-20 19:00:00,2024-12-23 17:00:00,2024-12-23 09:00:00,5,Food & Beverage,1975.84,DELIVERED
SHP-00422,CUST-1060,USLAX,ESVLC,VSL-0033,2025-03-15 02:00:00,2025-03-29 02:00:00,2025-03-29 05:00:00,2025-04-14 02:00:00,2025-04-13 22:00:00,16,Automotive Parts,2314.9,DELIVERED
SHP-02486,CUST-1245,EGPSD,SGSIN,VSL-0013,2025-03-22 15:00:00,2025-03-25 15:00:00,2025-03-25 16:00:00,2025-04-23 15:00:00,2025-04-23 22:00:00,7,Furniture,2774.36,DELIVERED
SHP-03256,CUST-1139,USNYC,KRPUS,VSL-0030,2025-03-29 07:00:00,2025-04-09 07:00:00,2025-04-10 20:00:00,2025-04-28 07:00:00,2025-05-02 21:00:00,23,Consumer Goods,237.49,DELAYED
SHP-00458,CUST-1168,THBKK,AEDXB,VSL-0024,2025-04-27 16:00:00,2025-05-09 16:00:00,2025-05-09 21:00:00,2025-06-11 16:00:00,2025-06-11 20:00:00,5,Furniture,1666.18,DELIVERED
SHP-00138,CUST-1058,XXTST,ZADUR,VSL-0055,2025-01-20 03:00:00,2025-01-29 03:00:00,2025-01-31 23:00:00,2025-02-12 03:00:00,2025-02-17 20:00:00,14,Raw Materials,,DELAYED
SHP-02966,CUST-1033,USSAV,SGSIN,VSL-0074,2025-07-14 23:00:00,2025-07-25 23:00:00,2025-07-26 02:00:00,2025-08-20 23:00:00,2025-08-21 06:00:00,39,Pharmaceuticals,1503.33,DELIVERED
SHP-02379,CUST-1054,AEDXB,USLGB,VSL-0072,2025-07-15 12:00:00,2025-07-23 12:00:00,2025-07-23 17:00:00,2025-08-25 12:00:00,2025-08-25 13:00:00,9,APPAREL,433.33,DELIVERED
SHP-03453,CUST-1249,INMUN,CNNGB,VSL-0080,2025-05-17 01:00:00,2025-05-26 01:00:00,2025-05-26 01:00:00,2025-05-29 01:00:00,2025-05-29 12:00:00,5,Raw Materials,237.97,DELIVERED
SHP-02967,CUST-1058,PKKAR,BEANR,VSL-0008,2024-06-30 01:00:00,2024-07-09 01:00:00,2024-07-09 08:00:00,2024-07-25 01:00:00,2024-07-25 14:00:00,17,Apparel,2286.67,DELIVERED
SHP-02826,CUST-1027,EGPSD,CNSZX,VSL-0020,2025-09-01 13:00:00,2025-09-04 13:00:00,2025-09-04 16:00:00,2025-09-29 13:00:00,2025-09-29 23:00:00,32,Furniture,612.1,DELIVERED
SHP-03275,CUST-1156,USSAV,EGPSD,VSL-0053,2025-04-29 16:00:00,2025-05-03 16:00:00,2025-05-04 14:00:00,2025-05-17 16:00:00,2025-05-20 07:00:00,9,Automotive Parts,1345.4,DELAYED
SHP-01459,CUST-1175,USLAX,BEANR,VSL-0037,2025-01-13 15:00:00,2025-01-22 15:00:00,2025-01-25 00:00:00,2025-02-24 15:00:00,2025-02-27 02:00:00,4,Pharmaceuticals,2424.78,DELAYED
SHP-03465,CUST-1107,EGPSD,BEANR,VSL-0036,2025-08-09 01:00:00,2025-08-21 01:00:00,2025-08-21 02:00:00,2025-09-14 01:00:00,2025-09-13 21:00:00,11,Furniture,1075.55,DELIVERED
SHP-03503,CUST-1173,EGPSD,THBKK,VSL-0080,2025-05-22 10:00:00,2025-06-04 10:00:00,2025-06-05 06:00:00,2025-06-25 10:00:00,2025-06-28 01:00:00,1,Pharmaceuticals,1041.42,DELAYED
SHP-03429,CUST-1131,THBKK,EGPSD,VSL-0056,2025-03-31 14:00:00,2025-04-10 14:00:00,2025-04-13 02:00:00,2025-04-25 14:00:00,2025-05-01 19:00:00,5,Raw Materials,2747.99,DELAYED
SHP-02459,CUST-1051,AEDXB,SGSIN,VSL-0059,2025-04-04 13:00:00,2025-04-11 13:00:00,2025-04-11 15:00:00,2025-05-07 13:00:00,2025-05-07 06:00:00,29,Electronics,1164.35,DELIVERED
SHP-00741,CUST-1018,EGPSD,KRPUS,VSL-0001,2024-07-11 22:00:00,2024-07-15 22:00:00,2024-07-15 19:00:00,2024-08-19 22:00:00,2024-08-20 02:00:00,33,Chemicals,517.17,DELIVERED
SHP-04163,CUST-1226,USSAV,ESVLC,VSL-0032,2025-02-23 06:00:00,2025-03-07 06:00:00,2025-03-08 06:00:00,2025-03-24 06:00:00,2025-03-29 06:00:00,20,Machinery,526.19,DELAYED
SHP-02978,CUST-1009,ESVLC,AEDXB,VSL-0076,2025-01-28 00:00:00,2025-02-01 00:00:00,2025-01-31 22:00:00,2025-02-15 00:00:00,2025-02-15 08:00:00,28,Apparel,2093.69,DELIVERED
SHP-03556,CUST-1212,DEHAM,BEANR,VSL-0006,2025-04-04 04:00:00,2025-04-15 04:00:00,2025-04-17 17:00:00,2025-04-18 04:00:00,2025-04-24 05:00:00,1,Apparel,112.63,DELAYED
SHP-02535,CUST-1011,INMUN,GBFXT,VSL-0030,2024-06-17 19:00:00,2024-06-21 19:00:00,,2024-07-14 19:00:00,,28,Automotive Parts,2540.49,Complete
SHP-02556,CUST-1076,INMUN,CNSZX,VSL-0012,2024-09-24 18:00:00,2024-09-30 18:00:00,2024-09-30 16:00:00,2024-10-08 18:00:00,2024-10-09 05:00:00,9,Food & Beverage,2385.62,DELIVERED
SHP-01991,CUST-1015,CNSHA,USNYC,VSL-0036,2025-07-08 04:00:00,2025-07-21 04:00:00,2025-07-23 02:00:00,2025-08-22 04:00:00,2025-08-26 06:00:00,17,Pharmaceuticals,2342.59,DELAYED
SHP-04758,CUST-1055,EGPSD,INMUN,VSL-0024,2025-04-22 14:00:00,2025-04-30 14:00:00,2025-05-03 05:00:00,2025-06-01 14:00:00,2025-06-07 16:00:00,13,Food & Beverage,750.23,DELAYED
SHP-01877,CUST-1099,USLGB,HKHKG,VSL-0039,2024-07-28 07:00:00,2024-08-11 07:00:00,2024-08-11 12:00:00,2024-08-31 07:00:00,2024-08-30 23:00:00,6,Apparel,1807.26,DELIVERED
SHP-02387,CUST-1056,MYPKG,USLGB,VSL-0054,2024-08-31 23:00:00,2024-09-05 23:00:00,2024-09-07 05:00:00,2024-09-27 23:00:00,2024-10-02 06:00:00,6,Pharmaceuticals,1503.63,DELAYED
SHP-00666,CUST-1027,KRPUS,PKKAR,VSL-0071,2025-08-12 19:00:00,2025-08-19 19:00:00,2025-08-19 19:00:00,2025-08-29 19:00:00,2025-08-29 15:00:00,9,Pharmaceuticals,1171.24,DELIVERED
SHP-02388,CUST-1241,USSAV,BEANR,VSL-0002,2024-08-28 18:00:00,2024-08-31 18:00:00,2024-09-02 06:00:00,2024-09-25 18:00:00,2024-09-28 08:00:00,37,Electronics,1432.3,DELAYED
SHP-04588,CUST-1244,USSAV,INMUN,VSL-0075,2024-07-01 16:00:00,2024-07-05 16:00:00,,2024-08-01 16:00:00,,25,Apparel,544.41,delivered
SHP-01619,CUST-1091,GBFXT,AEDXB,VSL-0020,2024-09-19 06:00:00,2024-10-01 06:00:00,2024-10-01 10:00:00,2024-11-03 06:00:00,2024-11-03 00:00:00,14,Furniture,2726.64,DELIVERED
SHP-01236,CUST-1109,HKHKG,THBKK,VSL-0044,2024-11-04 09:00:00,2024-11-12 09:00:00,2024-11-12 08:00:00,2024-11-15 09:00:00,2024-11-15 04:00:00,15,Furniture,807.97,DELIVERED
SHP-01018,CUST-1210,BEANR,BRSSZ,VSL-0002,2024-06-06 23:00:00,2024-06-17 23:00:00,2024-06-18 02:00:00,2024-07-10 23:00:00,2024-07-11 01:00:00,9,Food & Beverage,2528.46,DELIVERED
SHP-03435,CUST-1188,EGPSD,SGSIN,VSL-0033,2025-10-04 09:00:00,2025-10-10 09:00:00,2025-10-10 22:00:00,2025-10-30 09:00:00,2025-11-01 20:00:00,3,,2659.3,DELAYED
SHP-02106,CUST-1116,BEANR,MYPKG,VSL-0052,2024-12-12 09:00:00,2024-12-15 09:00:00,2024-12-15 18:00:00,2025-01-18 09:00:00,2025-01-19 04:00:00,2,Consumer Goods,1844.48,DELIVERED
SHP-03254,CUST-1246,DEHAM,ZADUR,VSL-0015,2025-03-10 13:00:00,2025-03-16 13:00:00,2025-03-18 18:00:00,2025-04-02 13:00:00,2025-04-05 05:00:00,22,Chemicals,151.43,DELAYED
SHP-03268,CUST-1221,GBFXT,JPYOK,VSL-0069,2025-09-10 19:00:00,2025-09-24 19:00:00,2025-09-24 16:00:00,2025-10-17 19:00:00,2025-10-17 22:00:00,26,Consumer Goods,489.26,DELIVERED
SHP-03324,CUST-1138,BEANR,USLGB,VSL-0010,2025-05-10 07:00:00,2025-05-15 07:00:00,2025-05-15 04:00:00,2025-06-12 07:00:00,2025-06-12 10:00:00,25,Machinery,838.24,DELIVERED
SHP-00835,CUST-1114,USLAX,ZADUR,VSL-0002,2024-06-07 13:00:00,2024-06-10 13:00:00,2024-06-10 15:00:00,2024-07-05 13:00:00,2024-07-06 01:00:00,27,Pharmaceuticals,717.08,DELIVERED
SHP-03516,CUST-1163,MYPKG,THBKK,VSL-0037,2024-08-13 00:00:00,2024-08-21 00:00:00,2024-08-24 00:00:00,2024-08-26 00:00:00,2024-08-29 01:00:00,18,Furniture,503.67,DELAYED
SHP-03764,CUST-1102,JPYOK,AEDXB,VSL-0005,2024-06-27 12:00:00,2024-07-01 12:00:00,2024-07-01 10:00:00,2024-07-22 12:00:00,2024-07-22 09:00:00,35,Automotive Parts,2192.47,DELIVERED
SHP-00213,CUST-1130,USLAX,PKKAR,VSL-0076,2025-02-09 23:00:00,2025-02-23 23:00:00,2025-02-24 05:00:00,2025-03-18 23:00:00,2025-03-18 22:00:00,7,Machinery,2533.0,DELIVERED
SHP-01580,CUST-1030,BRSSZ,INMUN,VSL-0058,2025-02-22 18:00:00,2025-02-27 18:00:00,2025-02-27 22:00:00,2025-03-18 18:00:00,2025-03-19 23:00:00,10,Furniture,,DELAYED
SHP-03557,CUST-1048,ZADUR,CNNGB,VSL-0077,2024-07-21 03:00:00,2024-07-31 03:00:00,2024-07-31 19:00:00,2024-08-20 03:00:00,2024-08-22 06:00:00,39,Apparel,1887.47,DELAYED
SHP-03815,CUST-1218,HKHKG,PKKAR,VSL-0039,2025-07-30 15:00:00,2025-08-05 15:00:00,2025-08-06 05:00:00,2025-08-10 15:00:00,2025-08-13 05:00:00,35,Raw Materials,1556.6,DELAYED
SHP-04158,CUST-1098,THBKK,PKKAR,VSL-0076,2025-09-07 18:00:00,2025-09-17 18:00:00,2025-09-17 23:00:00,2025-09-21 18:00:00,2025-09-21 23:00:00,19,Food & Beverage,755.37,DELIVERED
SHP-00544,CUST-1014,USLAX,INNSA,VSL-0024,2025-10-02 23:00:00,2025-10-12 23:00:00,2025-10-12 19:00:00,2025-11-16 23:00:00,2025-11-17 02:00:00,25,Furniture,392.68,DELIVERED
SHP-03007,CUST-1120,EGPSD,AEDXB,VSL-0032,2025-02-17 05:00:00,2025-03-03 05:00:00,2025-03-03 05:00:00,2025-03-13 05:00:00,2025-03-13 05:00:00,1,Apparel,646.33,DELIVERED
SHP-02947,CUST-1158,NLRTM,USNYC,VSL-0078,2024-09-20 19:00:00,2024-10-04 19:00:00,2024-10-06 08:00:00,2024-10-18 19:00:00,2024-10-20 07:00:00,2,Raw Materials,1346.5,DELAYED
SHP-00146,CUST-1049,USLAX,EGPSD,VSL-0010,2024-07-12 06:00:00,2024-07-16 06:00:00,,2024-08-10 06:00:00,,7,Food & Beverage,570.51,CANCELLED
SHP-03863,CUST-1160,CNNGB,INMUN,VSL-0006,2025-03-24 08:00:00,2025-04-01 08:00:00,2025-04-01 14:00:00,2025-04-06 08:00:00,2025-04-06 17:00:00,40,Apparel,1597.53,DELIVERED
SHP-03319,CUST-1061,INMUN,BEANR,VSL-0035,2025-10-09 04:00:00,2025-10-16 04:00:00,,2025-11-13 04:00:00,,4,Chemicals,1808.1,CANCELLED
SHP-00479,CUST-1088,MYPKG,THBKK,VSL-0014,2024-08-07 01:00:00,2024-08-15 01:00:00,2024-08-14 23:00:00,2024-08-21 01:00:00,2024-08-20 20:00:00,4,Food & Beverage,863.67,DELIVERED
SHP-02092,CUST-1224,MYPKG,USSAV,VSL-0064,2025-05-16 11:00:00,2025-05-26 11:00:00,2025-05-27 15:00:00,2025-06-13 11:00:00,2025-06-17 22:00:00,6,Apparel,2390.62,DELAYED
SHP-00772,CUST-1063,USLGB,KRPUS,VSL-0066,2024-06-20 15:00:00,2024-06-23 15:00:00,2024-06-23 20:00:00,2024-07-14 15:00:00,2024-07-18 04:00:00,35,Consumer Goods,1986.42,DELAYED
SHP-01699,CUST-1212,USLGB,KRPUS,VSL-0030,2024-07-21 22:00:00,2024-08-02 22:00:00,2024-08-02 21:00:00,2024-09-03 22:00:00,2024-09-03 21:00:00,4,Automotive Parts,1119.13,DELIVERED
SHP-00521,CUST-1123,NLRTM,SGSIN,VSL-0075,2024-08-11 23:00:00,2024-08-16 23:00:00,2024-08-16 19:00:00,2024-09-16 23:00:00,2024-09-17 11:00:00,38,Automotive Parts,2223.25,DELIVERED
SHP-02867,CUST-1231,HKHKG,ESVLC,VSL-0062,2025-07-25 03:00:00,2025-08-05 03:00:00,2025-08-05 06:00:00,2025-08-20 03:00:00,2025-08-20 08:00:00,25,Electronics,2498.67,DELIVERED
SHP-01143,CUST-1114,NLRTM,XXTST,VSL-0002,2025-05-06 00:00:00,2025-05-15 00:00:00,2025-05-14 21:00:00,2025-06-19 00:00:00,2025-06-19 04:00:00,32,Apparel,1533.75,DELIVERED
SHP-04000,CUST-1199,HKHKG,AEDXB,VSL-0048,2025-08-03 06:00:00,2025-08-11 06:00:00,,2025-09-11 06:00:00,,27,Electronics,445.32,COMPLETED
SHP-00432,CUST-1235,JPYOK,BEANR,VSL-0015,2025-05-07 23:00:00,2025-05-20 23:00:00,2025-05-21 05:00:00,2025-06-23 23:00:00,2025-06-24 06:00:00,5,Furniture,1466.08,DELIVERED
SHP-03122,CUST-1129,BRSSZ,JPYOK,VSL-0007,2025-04-25 13:00:00,2025-05-09 13:00:00,2025-05-11 11:00:00,2025-05-29 13:00:00,2025-06-02 06:00:00,36,Electronics,163.08,DELAYED
SHP-01450,CUST-1087,CNNGB,UNKNW,VSL-0053,2025-04-15 04:00:00,2025-04-27 04:00:00,2025-04-27 00:00:00,2025-05-04 04:00:00,2025-05-04 16:00:00,21,Pharmaceuticals,2112.61,DELIVERED
SHP-04530,CUST-1176,USNYC,KRPUS,VSL-0063,2025-05-11 19:00:00,2025-05-24 19:00:00,2025-05-26 00:00:00,2025-06-23 19:00:00,2025-06-25 17:00:00,7,Electronics,95.77,DELAYED
SHP-02209,CUST-1236,ESVLC,USNYC,VSL-0052,2025-02-11 00:00:00,2025-02-23 00:00:00,2025-02-23 02:00:00,2025-03-16 00:00:00,2025-03-16 07:00:00,3,Food & Beverage,788.75,DELIVERED
SHP-02648,CUST-1044,BRSSZ,ESVLC,VSL-0050,2024-06-07 17:00:00,2024-06-13 17:00:00,,2024-06-30 17:00:00,,1,Consumer Goods,1416.59,CANCELLED
SHP-00018,CUST-1169,MYPKG,INMUN,VSL-0007,2024-08-25 20:00:00,2024-09-05 20:00:00,2024-09-05 22:00:00,2024-09-09 20:00:00,2024-09-10 00:00:00,3,Pharmaceuticals,1413.16,DELIVERED
SHP-01330,CUST-1187,EGPSD,USSAV,VSL-0009,2025-04-24 03:00:00,2025-04-27 03:00:00,2025-04-27 08:00:00,2025-05-12 03:00:00,2025-05-12 07:00:00,2,Chemicals,483.03,DELIVERED
SHP-04820,CUST-1043,MYPKG,USLAX,VSL-0047,2025-03-13 05:00:00,2025-03-20 05:00:00,2025-03-20 09:00:00,2025-04-22 05:00:00,2025-04-22 10:00:00,1,Apparel,388.25,DELIVERED
SHP-02137,CUST-1199,CNNGB,BEANR,VSL-0012,2024-07-22 08:00:00,2024-07-29 08:00:00,2024-07-29 13:00:00,2024-08-22 08:00:00,2024-08-22 00:00:00,7,Raw Materials,1869.4,DELIVERED
SHP-00819,CUST-1020,MYPKG,KRPUS,VSL-0028,2025-05-04 19:00:00,2025-05-17 19:00:00,2025-05-17 21:00:00,2025-05-27 19:00:00,2025-05-28 04:00:00,38,Machinery,141.67,DELIVERED
SHP-02738,CUST-1137,THBKK,JPYOK,VSL-0080,2024-11-20 04:00:00,2024-12-01 04:00:00,2024-12-01 06:00:00,2024-12-06 04:00:00,2024-12-06 06:00:00,12,Apparel,1355.34,DELIVERED
SHP-01145,CUST-1218,AEDXB,DEHAM,VSL-0014,2024-07-19 11:00:00,2024-07-27 11:00:00,2024-07-29 09:00:00,2024-08-21 11:00:00,2024-08-24 16:00:00,26,Electronics,619.94,DELAYED
SHP-03684,CUST-1128,THBKK,GBFXT,VSL-0067,2025-08-27 19:00:00,2025-09-08 19:00:00,2025-09-08 21:00:00,2025-10-13 19:00:00,2025-10-13 12:00:00,10,Apparel,2274.67,DELIVERED
SHP-01024,CUST-1228,GBFXT,MYPKG,VSL-0078,2025-05-11 12:00:00,2025-05-16 12:00:00,2025-05-16 11:00:00,2025-06-06 12:00:00,2025-06-06 14:00:00,18,Automotive Parts,763.18,DELIVERED
SHP-04676,CUST-1015,CNSZX,ESVLC,VSL-0044,2024-11-09 11:00:00,2024-11-12 11:00:00,2024-11-14 21:00:00,2024-12-08 11:00:00,2024-12-13 18:00:00,40,Chemicals,595.64,DELAYED
SHP-00099,CUST-1237,CNSHA,CNSZX,VSL-0043,2024-06-27 17:00:00,2024-07-04 17:00:00,2024-07-04 23:00:00,2024-07-13 17:00:00,2024-07-14 03:00:00,27,Chemicals,1954.41,DELIVERED
SHP-04662,CUST-1128,DEHAM,THBKK,VSL-0027,2025-08-07 16:00:00,2025-08-18 16:00:00,2025-08-19 12:00:00,2025-09-14 16:00:00,2025-09-15 06:00:00,29,Electronics,2146.41,DELIVERED
SHP-02244,CUST-1167,THBKK,MYPKG,VSL-0053,2024-10-27 16:00:00,2024-10-30 16:00:00,2024-10-30 13:00:00,2024-11-02 16:00:00,2024-11-02 11:00:00,7,Food & Beverage,342.38,DELIVERED
SHP-01053,CUST-1072,ESVLC,BRSSZ,VSL-0006,2025-02-13 20:00:00,2025-02-23 20:00:00,2025-02-26 10:00:00,2025-03-28 20:00:00,2025-04-02 12:00:00,39,Pharmaceuticals,2658.08,DELAYED
SHP-04252,CUST-1157,MYPKG,EGPSD,VSL-0043,2025-10-06 14:00:00,2025-10-09 14:00:00,2025-10-11 04:00:00,2025-10-25 14:00:00,2025-10-29 07:00:00,20,Machinery,2194.02,DELAYED
SHP-00246,CUST-1234,KRPUS,BEANR,VSL-0053,2024-10-29 19:00:00,2024-11-12 19:00:00,2024-11-13 04:00:00,2024-11-27 19:00:00,2024-12-01 23:00:00,30,Furniture,159.91,DELAYED
SHP-04207,CUST-1017,DEHAM,CNSZX,VSL-0066,2025-01-17 16:00:00,2025-01-27 16:00:00,2025-01-27 21:00:00,2025-03-03 16:00:00,2025-03-04 02:00:00,28,Electronics,867.29,DELIVERED
SHP-01007,CUST-1217,AEDXB,INNSA,VSL-0033,2025-05-19 15:00:00,2025-05-31 15:00:00,2025-05-31 22:00:00,2025-06-15 15:00:00,2025-06-17 00:00:00,15, Chemicals,1899.08,DELAYED
SHP-03335,CUST-1188,NLRTM,INMUN,VSL-0046,2024-10-11 14:00:00,2024-10-24 14:00:00,2024-10-25 08:00:00,2024-11-21 14:00:00,2024-11-24 23:00:00,21,Machinery,1991.18,DELAYED
SHP-02157,CUST-1193,BEANR,USNYC,VSL-0026,2025-04-01 00:00:00,2025-04-15 00:00:00,2025-04-15 04:00:00,2025-05-20 00:00:00,2025-05-19 23:00:00,35,Electronics,,DELIVERED
SHP-04608,CUST-1091,ESVLC,NLRTM,VSL-0075,2025-08-01 14:00:00,2025-08-09 14:00:00,2025-08-09 11:00:00,2025-08-14 14:00:00,2025-08-14 13:00:00,18,Automotive Parts,1798.56,DELIVERED
SHP-01643,CUST-1106,HKHKG,ZADUR,VSL-0062,2025-02-26 23:00:00,2025-03-06 23:00:00,2025-03-08 02:00:00,2025-04-10 23:00:00,2025-04-12 02:00:00,19,Electronics,1166.88,DELAYED
SHP-01272,CUST-1063,AEDXB,MYPKG,VSL-0038,2024-06-03 11:00:00,2024-06-08 11:00:00,2024-06-08 11:00:00,2024-06-26 11:00:00,2024-06-26 10:00:00,31,Pharmaceuticals,589.6,DELIVERED
SHP-01407,CUST-1064,PKKAR,BEANR,VSL-0042,2024-10-21 21:00:00,2024-10-24 21:00:00,2024-10-24 20:00:00,2024-11-08 21:00:00,2024-11-08 22:00:00,28,Food & Beverage,2271.34,DELIVERED
SHP-00260,CUST-1219,PKKAR,SGSIN,VSL-0034,2024-07-05 18:00:00,2024-07-11 18:00:00,2024-07-11 19:00:00,2024-07-17 18:00:00,2024-07-17 22:00:00,37,Machinery,447.24,DELIVERED
SHP-02771,CUST-1138,USLAX,CNSZX,VSL-0007,2025-01-25 15:00:00,2025-02-05 15:00:00,2025-02-05 15:00:00,2025-02-23 15:00:00,2025-02-24 01:00:00,9,machinery ,965.81,DELIVERED
SHP-03536,CUST-1154,EGPSD,DEHAM,VSL-0065,2024-10-28 05:00:00,2024-11-07 05:00:00,2024-11-07 10:00:00,2024-11-23 05:00:00,2024-11-23 12:00:00,2,Machinery,1394.28,DELIVERED
SHP-04179,CUST-1011,KRPUS,NLRTM,VSL-0010,2024-11-21 04:00:00,2024-12-03 04:00:00,2024-12-03 09:00:00,2024-12-24 04:00:00,2024-12-24 09:00:00,38,Machinery,1459.52,DELIVERED
SHP-02852,CUST-1241,USLGB,CNNGB,VSL-0073,2025-02-25 10:00:00,2025-03-06 10:00:00,2025-03-06 10:00:00,2025-03-22 10:00:00,2025-03-22 16:00:00,8,Consumer Goods,82.06,DELIVERED
SHP-03484,CUST-1014,USLAX,CNNGB,VSL-0058,2024-09-19 22:00:00,2024-10-02 22:00:00,,2024-10-16 22:00:00,,16,Electronics,257.0,CANCELLED
SHP-00837,CUST-1189,CNNGB,GBFXT,VSL-0049,2025-09-16 09:00:00,2025-09-27 09:00:00,2025-09-29 05:00:00,2025-10-19 09:00:00,2025-10-24 23:00:00,23,Chemicals,580.32,DELAYED
SHP-04982,CUST-1237,INMUN,CNNGB,VSL-0039,2024-12-18 15:00:00,2024-12-22 15:00:00,2024-12-23 19:00:00,2024-12-31 15:00:00,2025-01-03 00:00:00,16,APPAREL,1165.42,DELAYED
SHP-00660,CUST-1230,MYPKG,DEHAM,VSL-0025,2025-03-02 16:00:00,2025-03-12 16:00:00,2025-03-12 19:00:00,2025-04-12 16:00:00,2025-04-12 08:00:00,11,Chemicals,1085.57,DELIVERED
SHP-02857,CUST-1166,JPYOK,HKHKG,VSL-0042,2024-10-24 01:00:00,2024-10-29 01:00:00,2024-10-30 01:00:00,2024-11-05 01:00:00,2024-11-08 18:00:00,22,Food & Beverage,2407.94,DELAYED
SHP-00254,CUST-1107,USLGB,USNYC,VSL-0053,2025-07-08 11:00:00,2025-07-21 11:00:00,2025-07-21 16:00:00,2025-07-31 11:00:00,2025-07-31 03:00:00,16,Apparel,1376.32,DELIVERED
SHP-03788,CUST-1228,CNNGB,AEDXB,VSL-0035,2024-11-30 17:00:00,2024-12-05 17:00:00,2024-12-05 14:00:00,2025-01-05 17:00:00,2025-01-05 15:00:00,1,Automotive Parts,831.52,DELIVERED
SHP-03023,CUST-1219,ZADUR,USLGB,VSL-0010,2024-08-22 16:00:00,2024-09-01 16:00:00,2024-09-03 03:00:00,2024-09-26 16:00:00,2024-10-01 06:00:00,32,Pharmaceuticals,1164.82,DELAYED
SHP-04026,CUST-1098,MYPKG,AEDXB,VSL-0021,2024-12-16 21:00:00,2024-12-29 21:00:00,2024-12-31 14:00:00,2025-01-14 21:00:00,2025-01-19 01:00:00,32,Chemicals,231.4,DELAYED
SHP-03829,CUST-1235,CNNGB,THBKK,VSL-0010,2025-04-10 12:00:00,2025-04-24 12:00:00,2025-04-24 10:00:00,2025-05-04 12:00:00,2025-05-04 17:00:00,8,Chemicals,1796.49,DELIVERED
SHP-03610,CUST-1014,ZADUR,CNNGB,VSL-0080,2024-10-12 07:00:00,2024-10-22 07:00:00,2024-10-22 11:00:00,2024-11-25 07:00:00,2024-11-25 08:00:00,18,Automotive Parts,2226.44,DELIVERED
SHP-04939,CUST-1068,ZADUR,KRPUS,VSL-0060,2024-11-07 01:00:00,2024-11-19 01:00:00,2024-11-19 01:00:00,2024-12-09 01:00:00,2024-12-08 22:00:00,18,Pharmaceuticals,621.09,DELIVERED
SHP-03658,CUST-1045,USSAV,BEANR,VSL-0019,2025-08-28 00:00:00,2025-09-03 00:00:00,2025-09-03 00:00:00,2025-09-30 00:00:00,2025-09-29 22:00:00,15,Raw Materials,712.04,DELIVERED
SHP-02403,CUST-1046,INMUN,BRSSZ,VSL-0001,2025-07-23 15:00:00,2025-07-29 15:00:00,2025-07-29 17:00:00,2025-08-12 15:00:00,2025-08-13 03:00:00,37,Apparel,172.67,DELIVERED
SHP-03224,CUST-1175,BRSSZ,XXTST,VSL-0065,2024-11-28 17:00:00,2024-12-04 17:00:00,2024-12-04 19:00:00,2025-01-07 17:00:00,2025-01-07 17:00:00,33,Raw Materials,2736.27,DELIVERED
SHP-02145,CUST-1011,CNNGB,PKKAR,VSL-0020,2024-11-15 06:00:00,2024-11-21 06:00:00,2024-11-21 04:00:00,2024-11-25 06:00:00,2024-11-25 05:00:00,37,Electronics,434.75,DELIVERED
SHP-02981,CUST-1144,USNYC,USLAX,VSL-0057,2024-12-31 16:00:00,2025-01-12 16:00:00,2025-01-12 15:00:00,2025-01-15 16:00:00,2025-01-16 03:00:00,35,Machinery,173.5,DELIVERED
SHP-00004,CUST-1204,JPYOK,USLAX,VSL-0064,2024-10-10 17:00:00,2024-10-19 17:00:00,2024-10-19 15:00:00,2024-11-06 17:00:00,2024-11-07 04:00:00,14,Furniture,863.93,DELIVERED
SHP-01577,CUST-1221,USLAX,CNSZX,VSL-0053,2025-05-25 03:00:00,2025-06-06 03:00:00,2025-06-06 06:00:00,2025-07-04 03:00:00,2025-07-04 06:00:00,20,Food & Beverage,1064.01,DELIVERED
SHP-04367,CUST-1089,INMUN,USLAX,VSL-0077,2025-03-05 10:00:00,2025-03-17 10:00:00,2025-03-19 22:00:00,2025-04-18 10:00:00,2025-04-24 00:00:00,39,Apparel,1562.75,DELAYED
SHP-02876,CUST-1038,USLAX,DEHAM,VSL-0002,2024-06-12 13:00:00,2024-06-24 13:00:00,2024-06-26 13:00:00,2024-07-28 13:00:00,2024-08-01 16:00:00,22,Electronics,1866.35,DELAYED
SHP-04241,CUST-1060,KRPUS,USSAV,VSL-0030,2024-10-12 18:00:00,2024-10-18 18:00:00,2024-10-20 01:00:00,2024-11-14 18:00:00,2024-11-17 02:00:00,21,Raw Materials,693.38,DELAYED
SHP-00989,CUST-1060,THBKK,CNNGB,VSL-0079,2024-12-20 02:00:00,2025-01-02 02:00:00,2025-01-03 17:00:00,2025-01-09 02:00:00,2025-01-12 05:00:00,20,Electronics,1429.47,DELAYED
SHP-02179,CUST-1172,BEANR,KRPUS,VSL-0080,2025-05-03 09:00:00,2025-05-15 09:00:00,2025-05-15 10:00:00,2025-06-13 09:00:00,2025-06-16 18:00:00,23,Furniture,1991.33,DELAYED
SHP-02364,CUST-1164,ESVLC,JPYOK,VSL-0046,2025-05-01 23:00:00,2025-05-13 23:00:00,2025-05-13 19:00:00,2025-06-17 23:00:00,2025-06-18 10:00:00,17,Electronics,901.87,DELIVERED
SHP-04307,CUST-1235,ZADUR,CNNGB,VSL-0080,2024-07-28 01:00:00,2024-08-08 01:00:00,2024-08-08 07:00:00,2024-08-27 01:00:00,2024-08-27 03:00:00,22,Consumer Goods,2455.4,DELIVERED
SHP-01494,CUST-1072,ZADUR,KRPUS,VSL-0010,2025-04-04 01:00:00,2025-04-12 01:00:00,2025-04-13 23:00:00,2025-05-16 01:00:00,2025-05-21 10:00:00,39,Chemicals,2138.17,DELAYED
SHP-01794,CUST-1141,CNSHA,CNNGB,VSL-0004,2024-12-19 16:00:00,2024-12-24 16:00:00,,2024-12-28 16:00:00,,14,Machinery,2243.26,COMPLETED
SHP-00248,CUST-1032,MYPKG,DEHAM,VSL-0047,2025-09-14 08:00:00,2025-09-27 08:00:00,2025-09-29 09:00:00,2025-10-13 08:00:00,2025-10-17 22:00:00,4,Pharmaceuticals,1677.82,DELAYED
SHP-00405,CUST-1234,HKHKG,USSAV,VSL-0029,2025-01-16 14:00:00,2025-01-26 14:00:00,2025-01-26 13:00:00,2025-02-27 14:00:00,2025-02-27 15:00:00,30,Electronics,1283.34,DELIVERED
SHP-04456,CUST-1141,BEANR,JPYOK,VSL-0052,2025-02-07 21:00:00,2025-02-14 21:00:00,2025-02-15 00:00:00,2025-03-13 21:00:00,2025-03-14 03:00:00,29,Automotive parts,439.89,DELIVERED
SHP-00584,CUST-1117,EGPSD,CNSZX,VSL-0015,2025-09-03 19:00:00,2025-09-10 19:00:00,2025-09-10 15:00:00,2025-10-10 19:00:00,2025-10-10 20:00:00,40,FURNITURE,2376.0,DELIVERED
SHP-03287,CUST-1230,USSAV,CNNGB,VSL-0037,2025-04-03 21:00:00,2025-04-08 21:00:00,2025-04-08 21:00:00,2025-05-11 21:00:00,2025-05-11 23:00:00,1,Pharmaceuticals,1827.13,DELIVERED
SHP-00816,CUST-1133,BRSSZ,MYPKG,VSL-0011,2025-05-08 22:00:00,2025-05-18 22:00:00,2025-05-21 17:00:00,2025-06-22 22:00:00,2025-06-25 22:00:00,31,Raw Materials,2358.54,DELAYED
SHP-00318,CUST-1244,AEDXB,ZADUR,VSL-0074,2025-04-14 05:00:00,2025-04-24 05:00:00,2025-04-26 16:00:00,2025-05-04 05:00:00,2025-05-07 08:00:00,17,Automotive Parts,1870.5,DELAYED
SHP-03123,CUST-1172,SGSIN,JPYOK,VSL-0052,2024-06-15 07:00:00,2024-06-20 07:00:00,2024-06-21 23:00:00,2024-06-24 07:00:00,2024-06-26 06:00:00,14,Chemicals,2684.69,DELAYED
SHP-04208,CUST-1111,EGPSD,USLAX,VSL-0011,2024-09-11 09:00:00,2024-09-20 09:00:00,2024-09-20 09:00:00,2024-10-16 09:00:00,2024-10-16 11:00:00,26,Furniture,1712.58,DELIVERED
SHP-03697,CUST-1197,INNSA,BEANR,VSL-0074,2024-11-15 12:00:00,2024-11-28 12:00:00,2024-11-28 11:00:00,2025-01-01 12:00:00,2025-01-01 20:00:00,1,Chemicals,196.29,DELIVERED
SHP-01955,CUST-1119,USSAV,USLAX,VSL-0047,2024-10-17 06:00:00,2024-10-25 06:00:00,2024-10-25 07:00:00,2024-11-04 06:00:00,2024-11-04 18:00:00,7,Consumer Goods,375.69,DELIVERED
SHP-02515,CUST-1076,EGPSD,HKHKG,VSL-0004,2025-07-10 13:00:00,2025-07-22 13:00:00,2025-07-23 12:00:00,2025-08-16 13:00:00,2025-08-17 16:00:00,21,Furniture,1832.62,DELAYED
SHP-03440,CUST-1195,USNYC,JPYOK,VSL-0008,2024-07-08 15:00:00,2024-07-17 15:00:00,,2024-08-01 15:00:00,,24,Raw Materials,1979.28,delivered
SHP-04049,CUST-1076,CNSZX,ESVLC,VSL-0054,2025-06-26 20:00:00,2025-07-01 20:00:00,2025-07-01 19:00:00,2025-07-29 20:00:00,2025-07-29 22:00:00,26,Consumer Goods,-112.63,DELIVERED
SHP-03953,CUST-1098,INMUN,MYPKG,VSL-0056,2025-08-17 00:00:00,2025-08-22 00:00:00,,2025-08-29 00:00:00,,10,Machinery,2122.44,CANCELLED
SHP-02468,CUST-1036,NLRTM,THBKK,VSL-0016,2024-11-24 01:00:00,2024-11-28 01:00:00,2024-11-29 08:00:00,2024-12-22 01:00:00,2024-12-23 20:00:00,37,Electronics,541.13,DELAYED
SHP-01344,CUST-1008,EGPSD,CNNGB,VSL-0046,2024-12-09 00:00:00,2024-12-21 00:00:00,2024-12-20 23:00:00,2025-01-08 00:00:00,2025-01-08 07:00:00,8,Chemicals,1525.27,DELIVERED
SHP-04670,CUST-1226,KRPUS,CNSHA,VSL-0016,2025-10-02 11:00:00,2025-10-10 11:00:00,2025-10-10 14:00:00,2025-10-19 11:00:00,2025-10-19 12:00:00,8,Machinery,1061.86,DELIVERED
SHP-04748,CUST-1066,USLGB,KRPUS,VSL-0048,2025-05-13 06:00:00,2025-05-18 06:00:00,2025-05-19 06:00:00,2025-06-10 06:00:00,2025-06-11 02:00:00,17,Food & Beverage,888.55,DELIVERED
SHP-04782,CUST-1198,USLAX,CNSZX,VSL-0076,2025-05-20 01:00:00,2025-05-28 01:00:00,2025-05-30 15:00:00,2025-06-28 01:00:00,2025-06-30 14:00:00,21,Automotive Parts,1854.1,DELAYED
SHP-03999,CUST-1239,CNNGB,USNYC,VSL-0063,2025-10-06 07:00:00,2025-10-11 07:00:00,2025-10-14 04:00:00,2025-10-25 07:00:00,2025-10-28 12:00:00,20,Food & Beverage,516.21,DELAYED
SHP-01565,CUST-1199,BRSSZ,USNYC,VSL-0016,2025-04-20 21:00:00,2025-04-29 21:00:00,2025-04-29 20:00:00,2025-05-02 21:00:00,2025-05-02 23:00:00,30,Electronics,2663.42,DELIVERED
SHP-03223,CUST-1214,HKHKG,ZADUR,VSL-0016,2024-07-26 09:00:00,2024-08-05 09:00:00,2024-08-05 13:00:00,2024-08-31 09:00:00,2024-08-31 03:00:00,13,Consumer Goods,212.72,DELIVERED
SHP-04043,CUST-1137,CNSZX,BRSSZ,VSL-0003,2025-10-03 23:00:00,2025-10-17 23:00:00,2025-10-19 13:00:00,2025-11-06 23:00:00,2025-11-11 16:00:00,19,Pharmaceuticals,2433.56,DELAYED
SHP-04249,CUST-1038,USNYC,GBFXT,VSL-0039,2025-08-26 14:00:00,2025-09-03 14:00:00,2025-09-03 20:00:00,2025-09-19 14:00:00,2025-09-19 10:00:00,6,Food & Beverage,888.87,DELIVERED
SHP-04418,CUST-1073,USLAX,CNNGB,VSL-0019,2024-08-08 18:00:00,2024-08-18 18:00:00,,2024-09-20 18:00:00,,9,Automotive Parts,1098.85,delivered
SHP-03026,CUST-1236,MYPKG,JPYOK,VSL-0016,2025-07-11 10:00:00,2025-07-21 10:00:00,2025-07-21 11:00:00,2025-07-26 10:00:00,2025-07-26 09:00:00,30,Electronics,1984.02,DELIVERED
SHP-02456,CUST-1117,ZADUR,BEANR,VSL-0072,2025-03-17 23:00:00,2025-03-21 23:00:00,2025-03-24 20:00:00,2025-04-04 23:00:00,2025-04-09 20:00:00,21,Chemicals,409.38,DELAYED
SHP-04266,CUST-1141,PKKAR,HKHKG,VSL-0020,2024-09-22 08:00:00,2024-09-30 08:00:00,2024-09-30 20:00:00,2024-10-03 08:00:00,2024-10-05 06:00:00,6,Electronics,659.99,DELAYED
SHP-04165,CUST-1019,HKHKG,PKKAR,VSL-0003,2025-09-09 05:00:00,2025-09-23 05:00:00,2025-09-23 02:00:00,2025-09-27 05:00:00,2025-09-27 10:00:00,6,Apparel,2431.5,DELIVERED
SHP-01956,CUST-1204,ESVLC,XXTST,VSL-0052,2025-05-25 11:00:00,2025-06-06 11:00:00,2025-06-09 07:00:00,2025-06-27 11:00:00,2025-07-02 14:00:00,28,Furniture,2063.04,DELAYED
SHP-04987,CUST-1091,CNNGB,HKHKG,VSL-0022,2024-10-09 02:00:00,2024-10-15 02:00:00,2024-10-14 22:00:00,2024-10-18 02:00:00,2024-10-18 03:00:00,24,Apparel,900.92,DELIVERED
SHP-04659,CUST-1026,HKHKG,USLAX,VSL-0065,2024-07-21 06:00:00,2024-07-28 06:00:00,2024-07-29 14:00:00,2024-08-25 06:00:00,2024-08-27 09:00:00,36,machinery ,1299.51,DELAYED
SHP-01388,CUST-1169,JPYOK,EGPSD,VSL-0009,2025-08-05 03:00:00,2025-08-08 03:00:00,2025-08-08 04:00:00,2025-08-25 03:00:00,2025-08-25 01:00:00,4,Electronics,412.86,DELIVERED
SHP-02231,CUST-1186,INNSA,USSAV,VSL-0052,2024-12-30 09:00:00,2025-01-12 09:00:00,2025-01-12 09:00:00,2025-02-13 09:00:00,2025-02-13 19:00:00,39,Electronics,1038.98,DELIVERED
SHP-04279,CUST-1079,XXTST,BEANR,VSL-0070,2025-02-08 19:00:00,2025-02-16 19:00:00,2025-02-17 12:00:00,2025-03-13 19:00:00,2025-03-18 01:00:00,39,Machinery,480.93,DELAYED
SHP-04058,CUST-1037,ESVLC,AEDXB,VSL-0005,2024-11-24 19:00:00,2024-12-03 19:00:00,2024-12-03 21:00:00,2024-12-28 19:00:00,2024-12-28 20:00:00,40,Apparel,2341.65,DELIVERED
SHP-04703,CUST-1001,CNNGB,JPYOK,VSL-0019,2024-06-12 23:00:00,2024-06-17 23:00:00,2024-06-18 19:00:00,2024-06-21 23:00:00,2024-06-24 12:00:00,7,Raw Materials,1157.18,DELAYED
SHP-01881,CUST-1240,ZADUR,JPYOK,VSL-0031,2024-07-21 20:00:00,2024-08-04 20:00:00,,2024-08-23 20:00:00,,26,Consumer Goods,1960.23,COMPLETED
SHP-02851,CUST-1148,BRSSZ,HKHKG,VSL-0006,2024-07-29 16:00:00,2024-08-06 16:00:00,2024-08-08 07:00:00,2024-08-21 16:00:00,2024-08-24 16:00:00,4,Raw Materials,2442.78,DELAYED
SHP-03436,CUST-1224,HKHKG,MYPKG,VSL-0002,2025-05-07 17:00:00,2025-05-10 17:00:00,2025-05-10 23:00:00,2025-05-18 17:00:00,2025-05-19 04:00:00,16,Apparel,924.23,DELIVERED
SHP-03195,CUST-1154,GBFXT,PKKAR,VSL-0050,2024-08-25 13:00:00,2024-09-01 13:00:00,2024-09-01 11:00:00,2024-09-15 13:00:00,2024-09-16 01:00:00,19,Chemicals,633.06,DELIVERED
SHP-04194,CUST-1166,ESVLC,DEHAM,VSL-0063,2024-11-29 10:00:00,2024-12-09 10:00:00,2024-12-12 10:00:00,2024-12-19 10:00:00,2024-12-24 13:00:00,37,Electronics,1526.85,DELAYED
SHP-01302,CUST-1237,USNYC,CNSZX,VSL-0078,2025-08-31 08:00:00,2025-09-13 08:00:00,2025-09-13 08:00:00,2025-09-29 08:00:00,2025-09-29 04:00:00,9,Automotive Parts,1693.32,DELIVERED
SHP-04322,CUST-1233,USLAX,ZADUR,VSL-0015,2025-03-04 03:00:00,2025-03-17 03:00:00,2025-03-17 08:00:00,2025-04-09 03:00:00,2025-04-09 02:00:00,21,Raw Materials,332.87,DELIVERED
SHP-01425,CUST-1135,USLAX,MYPKG,VSL-0055,2024-06-29 09:00:00,2024-07-08 09:00:00,2024-07-09 06:00:00,2024-08-09 09:00:00,2024-08-14 00:00:00,20,Pharmaceuticals,2420.01,DELAYED
SHP-00162,CUST-1110,DEHAM,USSAV,VSL-0070,2024-09-24 09:00:00,2024-09-27 09:00:00,2024-09-29 04:00:00,2024-10-16 09:00:00,2024-10-18 23:00:00,13,Pharmaceuticals,1052.91,DELAYED
SHP-03771,CUST-1101,NLRTM,INMUN,VSL-0080,2024-07-26 20:00:00,2024-08-03 20:00:00,2024-08-04 12:00:00,2024-09-04 20:00:00,2024-09-08 05:00:00,32,Raw Materials,1931.42,DELAYED
SHP-03114,CUST-1233,INMUN,CNNGB,VSL-0028,2025-06-15 19:00:00,2025-06-28 19:00:00,2025-06-29 00:00:00,2025-07-06 19:00:00,2025-07-07 01:00:00,19,Consumer Goods,2498.79,DELIVERED
SHP-01805,CUST-1013,AEDXB,PKKAR,VSL-0013,2025-08-11 06:00:00,2025-08-18 06:00:00,2025-08-18 02:00:00,2025-09-18 06:00:00,2025-09-18 10:00:00,9,Pharmaceuticals,1294.95,DELIVERED
SHP-00580,CUST-1212,INNSA,CNSZX,VSL-0002,2025-09-07 08:00:00,2025-09-21 08:00:00,2025-09-21 05:00:00,2025-09-27 08:00:00,2025-09-27 02:00:00,22,Chemicals,2252.29,DELIVERED
SHP-03403,CUST-1058,JPYOK,KRPUS,VSL-0049,2025-02-17 23:00:00,2025-03-03 23:00:00,2025-03-03 21:00:00,2025-03-13 23:00:00,2025-03-14 10:00:00,34,Electronics,2335.52,DELIVERED
SHP-03346,CUST-1146,JPYOK,CNNGB,VSL-0033,2025-01-09 14:00:00,2025-01-12 14:00:00,2025-01-13 12:00:00,2025-01-17 14:00:00,2025-01-21 02:00:00,20,Chemicals,2307.82,DELAYED
SHP-01883,CUST-1090,MYPKG,USNYC,VSL-0079,2025-10-10 15:00:00,2025-10-19 15:00:00,2025-10-19 22:00:00,2025-11-21 15:00:00,2025-11-24 10:00:00,17,Furniture,2049.19,DELAYED
SHP-02064,CUST-1022,USLGB,USSAV,VSL-0039,2025-05-28 06:00:00,2025-06-08 06:00:00,2025-06-08 07:00:00,2025-06-14 06:00:00,2025-06-14 08:00:00,15,Food & Beverage,1380.87,DELIVERED
SHP-03800,CUST-1125,USLAX,ESVLC,VSL-0047,2025-07-10 18:00:00,2025-07-19 18:00:00,2025-07-19 16:00:00,2025-08-05 18:00:00,2025-08-05 10:00:00,27,Pharmaceuticals,471.16,DELIVERED
SHP-04240,CUST-1042,ZADUR,USLAX,VSL-0066,2024-07-25 06:00:00,2024-08-02 06:00:00,2024-08-02 06:00:00,2024-09-02 06:00:00,2024-09-02 02:00:00,31,Electronics,2376.52,DELIVERED
SHP-00007,CUST-1190,AEDXB,ESVLC,VSL-0054,2025-10-09 21:00:00,2025-10-21 21:00:00,2025-10-22 02:00:00,2025-11-09 21:00:00,2025-11-10 03:00:00,11,Chemicals,1959.43,DELIVERED
SHP-03309,CUST-1161,DEHAM,INNSA,VSL-0016,2025-09-12 09:00:00,2025-09-18 09:00:00,2025-09-18 13:00:00,2025-10-08 09:00:00,2025-10-08 07:00:00,38,Consumer Goods,396.79,DELIVERED
SHP-03426,CUST-1141,INNSA,USLAX,VSL-0055,2024-11-17 22:00:00,2024-11-27 22:00:00,,2024-12-17 22:00:00,,10,Chemicals,654.24,N/A
SHP-01098,CUST-1210,MYPKG,ESVLC,VSL-0030,2025-10-03 22:00:00,2025-10-10 22:00:00,2025-10-10 18:00:00,2025-10-27 22:00:00,2025-10-27 23:00:00,22,Raw Materials,2558.57,DELIVERED
SHP-03339,CUST-1223,CNSHA,USLAX,VSL-0068,2025-04-04 23:00:00,2025-04-15 23:00:00,2025-04-16 02:00:00,2025-05-05 23:00:00,2025-05-05 15:00:00,16,Apparel,1455.61,DELIVERED
SHP-01993,CUST-1036,USLAX,SGSIN,VSL-0051,2025-07-17 18:00:00,2025-07-23 18:00:00,2025-07-23 21:00:00,2025-08-10 18:00:00,2025-08-10 13:00:00,38,Electronics,1230.13,DELIVERED
SHP-03089,CUST-1211,ZADUR,CNNGB,VSL-0023,2025-04-08 07:00:00,2025-04-14 07:00:00,2025-04-14 03:00:00,2025-05-13 07:00:00,2025-05-13 02:00:00,22, Chemicals,1920.7,DELIVERED
SHP-00200,CUST-1119,JPYOK,SGSIN,VSL-0069,2025-02-04 13:00:00,2025-02-11 13:00:00,2025-02-11 12:00:00,2025-02-15 13:00:00,2025-02-15 12:00:00,24,Apparel,456.48,DELIVERED
SHP-00160,CUST-1046,CNSZX,INNSA,VSL-0046,2024-09-09 12:00:00,2024-09-17 12:00:00,2024-09-19 20:00:00,2024-09-20 12:00:00,2024-09-25 04:00:00,29,Raw Materials,1411.52,DELAYED
SHP-04875,CUST-1209,AEDXB,CNNGB,VSL-0067,2025-03-09 20:00:00,2025-03-17 20:00:00,2025-03-17 18:00:00,2025-04-10 20:00:00,2025-04-11 00:00:00,24,Machinery,2263.37,DELIVERED
SHP-04599,CUST-1047,KRPUS,INNSA,VSL-0073,2024-12-04 15:00:00,2024-12-12 15:00:00,,2024-12-19 15:00:00,,33,Food & Beverage,1021.26,CANCELLED
SHP-00300,CUST-1186,EGPSD,USLAX,VSL-0029,2024-10-03 05:00:00,2024-10-09 05:00:00,2024-10-09 10:00:00,2024-10-31 05:00:00,2024-10-31 11:00:00,32,Furniture,786.65,DELIVERED
SHP-02168,CUST-1060,HKHKG,KRPUS,VSL-0040,2025-01-05 16:00:00,2025-01-08 16:00:00,2025-01-09 22:00:00,2025-01-17 16:00:00,2025-01-20 06:00:00,23,Electronics,2199.16,DELAYED
SHP-03671,CUST-1096,NLRTM,JPYOK,VSL-0012,2024-07-29 14:00:00,2024-08-04 14:00:00,2024-08-04 16:00:00,2024-08-25 14:00:00,2024-08-26 01:00:00,12,Automotive Parts,1420.75,DELIVERED
SHP-00758,CUST-1198,KRPUS,JPYOK,VSL-0075,2024-11-08 21:00:00,2024-11-13 21:00:00,2024-11-16 06:00:00,2024-11-16 21:00:00,2024-11-23 06:00:00,27,Apparel,826.09,DELAYED
SHP-04750,CUST-1186,BRSSZ,ZADUR,VSL-0044,2024-09-02 01:00:00,2024-09-06 01:00:00,2024-09-07 16:00:00,2024-10-03 01:00:00,2024-10-05 09:00:00,26,Pharmaceuticals,2731.85,DELAYED
SHP-03302,CUST-1095,INNSA,DEHAM,VSL-0014,2024-07-21 13:00:00,2024-08-03 13:00:00,2024-08-04 03:00:00,2024-08-24 13:00:00,2024-08-24 22:00:00,38,Apparel,1227.33,DELIVERED
SHP-04900,CUST-1023,GBFXT,EGPSD,VSL-0041,2024-07-02 21:00:00,2024-07-07 21:00:00,2024-07-07 17:00:00,2024-08-07 21:00:00,2024-08-07 22:00:00,1,Apparel,241.11,DELIVERED
SHP-04762,CUST-1015,USLAX,THBKK,VSL-0053,2024-08-22 13:00:00,2024-08-29 13:00:00,2024-08-31 00:00:00,2024-09-16 13:00:00,2024-09-18 10:00:00,26,Machinery,1848.34,DELAYED
SHP-00922,CUST-1128,INNSA,BEANR,VSL-0006,2024-09-24 15:00:00,2024-10-04 15:00:00,2024-10-05 23:00:00,2024-10-28 15:00:00,2024-11-02 16:00:00,37,Machinery,1882.8,DELAYED
SHP-04534,CUST-1047,ZADUR,SGSIN,VSL-0017,2024-07-06 05:00:00,2024-07-15 05:00:00,2024-07-15 12:00:00,2024-08-06 05:00:00,2024-08-07 17:00:00,35,Raw Materials,657.53,DELAYED
SHP-03767,CUST-1011,INNSA,MYPKG,VSL-0060,2024-11-28 16:00:00,2024-12-04 16:00:00,2024-12-04 16:00:00,2024-12-07 16:00:00,2024-12-07 22:00:00,18,Automotive Parts,347.98,DELIVERED
SHP-03798,CUST-1229,THBKK,BRSSZ,VSL-0038,2025-06-13 13:00:00,2025-06-22 13:00:00,2025-06-25 08:00:00,2025-07-10 13:00:00,2025-07-14 21:00:00,16,Automotive Parts,1646.75,DELAYED
SHP-04178,CUST-1033,MYPKG,CNSHA,VSL-0004,2025-03-15 22:00:00,2025-03-27 22:00:00,2025-03-29 15:00:00,2025-04-01 22:00:00,2025-04-04 16:00:00,18,Furniture,1750.29,DELAYED
SHP-02705,CUST-1166,ESVLC,CNSHA,VSL-0049,2025-09-26 09:00:00,2025-10-10 09:00:00,2025-10-10 10:00:00,2025-11-08 09:00:00,2025-11-08 10:00:00,10,Raw Materials,1773.94,DELIVERED
SHP-01025,CUST-1130,AEDXB,USLAX,VSL-0045,2024-08-29 10:00:00,2024-09-06 10:00:00,2024-09-07 08:00:00,2024-10-11 10:00:00,2024-10-12 12:00:00,31,Machinery,1611.19,DELAYED
SHP-02607,CUST-1192,CNNGB,SGSIN,VSL-0006,2025-07-16 09:00:00,2025-07-30 09:00:00,2025-07-30 10:00:00,2025-08-04 09:00:00,2025-08-04 03:00:00,38,Chemicals,1488.28,DELIVERED
SHP-01836,CUST-1161,INMUN,USLAX,VSL-0009,2024-12-13 05:00:00,2024-12-22 05:00:00,2024-12-22 13:00:00,2025-01-07 05:00:00,2025-01-07 10:00:00,11,FURNITURE,1170.91,DELIVERED
SHP-01140,CUST-1077,USNYC,CNSZX,VSL-0037,2024-09-08 04:00:00,2024-09-15 04:00:00,2024-09-16 02:00:00,2024-10-11 04:00:00,2024-10-12 02:00:00,32,Furniture,1935.72,DELIVERED
SHP-00193,CUST-1106,MYPKG,INMUN,VSL-0076,2024-08-28 17:00:00,2024-09-10 17:00:00,2024-09-11 18:00:00,2024-09-18 17:00:00,2024-09-22 00:00:00,2,Pharmaceuticals,1087.71,DELAYED
SHP-01400,CUST-1168,EGPSD,PKKAR,VSL-0066,2024-06-29 16:00:00,2024-07-09 16:00:00,2024-07-09 12:00:00,2024-08-07 16:00:00,2024-08-08 00:00:00,5,Chemicals,2624.68,DELIVERED
SHP-01781,CUST-1063,CNSHA,NLRTM,VSL-0046,2025-07-20 21:00:00,2025-07-29 21:00:00,2025-07-30 01:00:00,2025-08-26 21:00:00,2025-08-27 03:00:00,3,Machinery,229.42,DELIVERED
SHP-02442,CUST-1182,NLRTM,ESVLC,VSL-0036,2024-12-25 06:00:00,2025-01-04 06:00:00,2025-01-07 01:00:00,2025-01-11 06:00:00,2025-01-13 19:00:00,10,Furniture,1596.42,DELAYED
SHP-04855,CUST-1201,CNNGB,BEANR,VSL-0047,2025-09-04 06:00:00,2025-09-12 06:00:00,2025-09-12 17:00:00,2025-09-29 06:00:00,2025-09-30 20:00:00,13,Furniture,2445.88,DELAYED
SHP-02564,CUST-1232,INNSA,PKKAR,VSL-0074,2024-07-13 04:00:00,2024-07-27 04:00:00,2024-07-27 01:00:00,2024-08-03 04:00:00,2024-08-03 05:00:00,3,Electronics,2123.66,DELIVERED
SHP-03424,CUST-1009,KRPUS,USLAX,VSL-0001,2025-05-18 16:00:00,2025-05-24 16:00:00,2025-05-27 14:00:00,2025-06-19 16:00:00,2025-06-24 09:00:00,22,Electronics,1000.61,DELAYED
SHP-02856,CUST-1014,THBKK,ESVLC,VSL-0025,2024-07-15 07:00:00,2024-07-20 07:00:00,2024-07-21 04:00:00,2024-08-10 07:00:00,2024-08-14 18:00:00,9,Apparel,1202.66,DELAYED
SHP-01287,CUST-1215,USLGB,CNSHA,VSL-0024,2024-10-03 17:00:00,2024-10-14 17:00:00,2024-10-16 06:00:00,2024-11-05 17:00:00,2024-11-07 19:00:00,4,Furniture,1832.38,DELAYED
SHP-02047,CUST-1069,USLGB,ESVLC,VSL-0058,2025-07-26 09:00:00,2025-08-04 09:00:00,2025-08-04 08:00:00,2025-09-05 09:00:00,2025-09-05 17:00:00,1,Pharmaceuticals,1265.45,DELIVERED
SHP-02405,CUST-1121,NLRTM,THBKK,VSL-0039,2025-04-30 23:00:00,2025-05-09 23:00:00,2025-05-12 02:00:00,2025-05-27 23:00:00,2025-06-02 13:00:00,23,Pharmaceuticals,959.09,DELAYED
SHP-01653,CUST-1250,INMUN,USLAX,VSL-0023,2024-11-10 10:00:00,2024-11-20 10:00:00,2024-11-22 12:00:00,2024-12-04 10:00:00,2024-12-10 07:00:00,38,Automotive parts,2034.24,DELAYED
SHP-00294,CUST-1049,GBFXT,CNSZX,VSL-0059,2024-08-31 21:00:00,2024-09-06 21:00:00,2024-09-09 10:00:00,2024-09-23 21:00:00,2024-09-28 23:00:00,30,Electronics,559.46,DELAYED
SHP-02617,CUST-1186,NLRTM,JPYOK,VSL-0036,2024-09-20 19:00:00,2024-09-25 19:00:00,2024-09-25 20:00:00,2024-10-30 19:00:00,2024-10-31 00:00:00,16,electronics,1794.84,DELIVERED
SHP-02347,CUST-1186,AEDXB,THBKK,VSL-0003,2025-07-26 01:00:00,2025-08-07 01:00:00,2025-08-07 15:00:00,2025-09-01 01:00:00,2025-09-05 04:00:00,8,Raw Materials,372.75,DELAYED
SHP-02452,CUST-1093,SGSIN,DEHAM,VSL-0042,2025-04-05 08:00:00,2025-04-10 08:00:00,2025-04-12 21:00:00,2025-05-09 08:00:00,2025-05-14 06:00:00,5,Chemicals,2149.08,DELAYED
SHP-01817,CUST-1011,USLGB,NLRTM,VSL-0066,2024-06-10 17:00:00,2024-06-22 17:00:00,2024-06-22 14:00:00,2024-07-21 17:00:00,2024-07-21 20:00:00,26,Pharmaceuticals,1589.26,DELIVERED
SHP-00634,CUST-1153,INNSA,HKHKG,VSL-0016,2025-08-24 00:00:00,2025-08-29 00:00:00,2025-08-30 07:00:00,2025-09-02 00:00:00,2025-09-04 07:00:00,29,Food & Beverage,2437.46,DELAYED
SHP-04831,CUST-1029,JPYOK,CNSHA,VSL-0050,2025-04-09 21:00:00,2025-04-17 21:00:00,,2025-04-26 21:00:00,,28,Pharmaceuticals,2582.71,CANCELLED
SHP-01901,CUST-1213,ESVLC,THBKK,VSL-0054,2024-12-24 09:00:00,2025-01-06 09:00:00,2025-01-06 07:00:00,2025-01-23 09:00:00,2025-01-23 14:00:00,36,Machinery,397.91,DELIVERED
SHP-00252,CUST-1047,NLRTM,BRSSZ,VSL-0038,2024-11-17 16:00:00,2024-11-28 16:00:00,2024-12-01 14:00:00,2024-12-18 16:00:00,2024-12-23 11:00:00,18,Electronics,2086.71,DELAYED
SHP-02134,CUST-1213,JPYOK,ZADUR,VSL-0022,2025-09-18 18:00:00,2025-10-02 18:00:00,2025-10-04 20:00:00,2025-10-21 18:00:00,2025-10-27 07:00:00,37,Machinery,654.05,DELAYED
SHP-02821,CUST-1011,USLGB,CNSZX,VSL-0071,2024-08-30 23:00:00,2024-09-13 23:00:00,2024-09-14 14:00:00,2024-10-17 23:00:00,2024-10-19 01:00:00,36,Chemicals,2063.28,DELAYED
SHP-01049,CUST-1129,BEANR,JPYOK,VSL-0078,2024-07-02 13:00:00,2024-07-12 13:00:00,2024-07-12 20:00:00,2024-08-06 13:00:00,2024-08-08 04:00:00,17,Consumer Goods,-30.15,DELAYED
SHP-01951,CUST-1117,USLGB,DEHAM,VSL-0050,2025-07-06 16:00:00,2025-07-20 16:00:00,2025-07-22 02:00:00,2025-08-17 16:00:00,2025-08-19 11:00:00,3,Chemicals,2017.23,DELAYED
SHP-04902,CUST-1169,USNYC,USLAX,VSL-0028,2024-12-19 01:00:00,2025-01-02 01:00:00,2025-01-01 21:00:00,2025-01-08 01:00:00,2025-01-07 21:00:00,38,Furniture,1348.17,DELIVERED
SHP-03851,CUST-1068,ZADUR,PKKAR,VSL-0036,2025-10-13 17:00:00,2025-10-25 17:00:00,2025-10-25 21:00:00,2025-11-22 17:00:00,2025-11-22 11:00:00,27,Machinery,190.34,DELIVERED
SHP-03062,CUST-1248,GBFXT,USSAV,VSL-0035,2024-12-09 10:00:00,2024-12-18 10:00:00,2024-12-19 18:00:00,2025-01-02 10:00:00,2025-01-06 04:00:00,13,Pharmaceuticals,1224.03,DELAYED
SHP-01289,CUST-1180,AEDXB,GBFXT,VSL-0025,2025-04-15 19:00:00,2025-04-27 19:00:00,2025-04-27 15:00:00,2025-05-19 19:00:00,2025-05-20 00:00:00,5,Furniture,1730.49,DELIVERED
SHP-04476,CUST-1228,KRPUS,AEDXB,VSL-0029,2025-02-13 02:00:00,2025-02-20 02:00:00,2025-02-20 08:00:00,2025-03-23 02:00:00,2025-03-23 09:00:00,28,Automotive Parts,1061.62,DELIVERED
SHP-02068,CUST-1108,CNNGB,KRPUS,VSL-0002,2025-04-21 05:00:00,2025-04-29 05:00:00,2025-04-29 05:00:00,2025-05-02 05:00:00,2025-05-02 07:00:00,1,Electronics,1801.47,DELIVERED
SHP-01023,CUST-1038,USSAV,BRSSZ,VSL-0038,2025-10-04 23:00:00,2025-10-14 23:00:00,2025-10-15 19:00:00,2025-10-19 23:00:00,2025-10-22 12:00:00,10,Automotive Parts,2131.5,DELAYED
SHP-04745,CUST-1249,USNYC,GBFXT,VSL-0063,2024-09-27 06:00:00,2024-10-04 06:00:00,2024-10-07 02:00:00,2024-10-27 06:00:00,2024-10-31 09:00:00,28,Raw Materials,2331.41,DELAYED
SHP-01538,CUST-1213,EGPSD,CNSHA,VSL-0017,2025-03-15 20:00:00,2025-03-27 20:00:00,2025-03-27 18:00:00,2025-04-26 20:00:00,2025-04-27 04:00:00,31,Food & Beverage,2269.03,DELIVERED
SHP-02548,CUST-1188,JPYOK,INNSA,VSL-0063,2025-02-24 00:00:00,2025-03-04 00:00:00,2025-03-04 02:00:00,2025-03-14 00:00:00,2025-03-14 04:00:00,28,FURNITURE,,DELIVERED
SHP-03473,CUST-1006,USLAX,BEANR,VSL-0038,2025-04-16 16:00:00,2025-04-21 16:00:00,2025-04-21 12:00:00,2025-05-11 16:00:00,2025-05-11 16:00:00,34,food & beverage,2109.46,DELIVERED
SHP-03290,CUST-1201,ZADUR,USLGB,VSL-0011,2025-01-01 13:00:00,2025-01-06 13:00:00,,2025-02-01 13:00:00,,38,Chemicals,1361.45,delivered
SHP-00550,CUST-1034,INMUN,INNSA,VSL-0008,2025-07-07 18:00:00,2025-07-13 18:00:00,2025-07-15 20:00:00,2025-07-16 18:00:00,2025-07-20 17:00:00,3,Food & Beverage,2308.29,DELAYED
SHP-03446,CUST-1010,BEANR,CNSHA,VSL-0057,2025-08-19 04:00:00,2025-09-01 04:00:00,2025-09-01 14:00:00,2025-09-24 04:00:00,2025-09-26 07:00:00,3,Automotive Parts,356.02,DELAYED
SHP-04013,CUST-1110,MYPKG,USNYC,VSL-0070,2024-06-09 09:00:00,2024-06-22 09:00:00,2024-06-23 22:00:00,2024-07-20 09:00:00,2024-07-23 17:00:00,30,Machinery,2011.12,DELAYED
SHP-01260,CUST-1244,USSAV,CNSHA,VSL-0042,2025-03-07 01:00:00,2025-03-21 01:00:00,2025-03-21 06:00:00,2025-04-16 01:00:00,2025-04-16 01:00:00,26,Automotive Parts,2415.93,DELIVERED
SHP-03118,CUST-1008,MYPKG,CNNGB,VSL-0065,2024-10-19 18:00:00,2024-10-25 18:00:00,2024-10-27 02:00:00,2024-10-30 18:00:00,2024-11-04 04:00:00,27, Chemicals,1008.5,DELAYED
SHP-04167,CUST-1123,INMUN,USNYC,VSL-0011,2024-11-08 04:00:00,2024-11-13 04:00:00,2024-11-13 12:00:00,2024-12-13 04:00:00,2024-12-14 02:00:00,21,Automotive Parts,2488.06,DELIVERED
SHP-03615,CUST-1115,GBFXT,BRSSZ,VSL-0012,2024-08-01 00:00:00,2024-08-12 00:00:00,,2024-09-10 00:00:00,,11,Electronics,1026.92,N/A
SHP-04092,CUST-1075,CNSHA,BRSSZ,VSL-0050,2025-03-17 02:00:00,2025-03-24 02:00:00,2025-03-27 00:00:00,2025-04-07 02:00:00,2025-04-11 15:00:00,38,Consumer Goods,318.58,DELAYED
SHP-04912,CUST-1097,USLGB,XXTST,VSL-0019,2024-08-05 21:00:00,2024-08-18 21:00:00,2024-08-18 22:00:00,2024-09-14 21:00:00,2024-09-15 01:00:00,39,Chemicals,2080.76,DELIVERED
SHP-03945,CUST-1097,SGSIN,CNSHA,VSL-0065,2024-07-16 21:00:00,2024-07-28 21:00:00,2024-07-28 17:00:00,2024-07-31 21:00:00,2024-07-31 20:00:00,16,Electronics,1526.24,DELIVERED
SHP-00171,CUST-1207,AEDXB,THBKK,VSL-0069,2024-11-07 03:00:00,2024-11-17 03:00:00,2024-11-17 04:00:00,2024-12-15 03:00:00,2024-12-15 14:00:00,6,Electronics,1329.86,DELIVERED
SHP-03097,CUST-1138,USLAX,ZADUR,VSL-0045,2025-08-13 03:00:00,2025-08-17 03:00:00,2025-08-16 23:00:00,2025-09-21 03:00:00,2025-09-21 07:00:00,35,Pharmaceuticals,319.76,DELIVERED
SHP-00588,CUST-1079,EGPSD,GBFXT,VSL-0047,2025-06-20 11:00:00,2025-06-27 11:00:00,2025-06-27 09:00:00,2025-07-12 11:00:00,2025-07-12 18:00:00,16,Consumer Goods,496.23,DELIVERED
SHP-00295,CUST-1135,USNYC,INMUN,VSL-0045,2024-12-03 21:00:00,2024-12-08 21:00:00,2024-12-08 20:00:00,2024-12-25 21:00:00,2024-12-25 18:00:00,30,Consumer Goods,2375.35,DELIVERED
SHP-02599,CUST-1147,AEDXB,CNSZX,VSL-0059,2025-09-29 22:00:00,2025-10-04 22:00:00,2025-10-05 16:00:00,2025-10-20 22:00:00,2025-10-23 20:00:00,24,Apparel,190.05,DELAYED
SHP-03088,CUST-1191,CNSHA,EGPSD,VSL-0032,2024-09-09 19:00:00,2024-09-12 19:00:00,2024-09-12 18:00:00,2024-09-30 19:00:00,2024-09-30 15:00:00,19,Electronics,1278.12,DELIVERED
SHP-02330,CUST-1240,DEHAM,CNSHA,VSL-0030,2024-07-06 02:00:00,2024-07-11 02:00:00,2024-07-10 23:00:00,2024-08-04 02:00:00,2024-08-04 14:00:00,2,Consumer Goods,673.88,DELIVERED
SHP-04233,CUST-1183,ESVLC,USNYC,VSL-0058,2024-10-09 12:00:00,2024-10-12 12:00:00,2024-10-12 15:00:00,2024-11-13 12:00:00,2024-11-13 13:00:00,31,Electronics,1532.09,DELIVERED
SHP-02091,CUST-1167,USSAV,AEDXB,VSL-0034,2024-12-26 13:00:00,2025-01-09 13:00:00,2025-01-12 07:00:00,2025-01-24 13:00:00,2025-01-29 23:00:00,37,Apparel,1745.33,DELAYED
SHP-04032,CUST-1064,BEANR,ZADUR,VSL-0005,2024-09-18 06:00:00,2024-09-30 06:00:00,2024-10-02 15:00:00,2024-10-20 06:00:00,2024-10-25 02:00:00,37,Apparel,786.07,DELAYED
SHP-01622,CUST-1135,USLGB,CNNGB,VSL-0006,2025-02-06 16:00:00,2025-02-19 16:00:00,2025-02-22 13:00:00,2025-03-24 16:00:00,2025-03-30 08:00:00,1,Chemicals,728.22,DELAYED
SHP-02472,CUST-1031,INMUN,MYPKG,VSL-0027,2025-01-09 02:00:00,2025-01-16 02:00:00,2025-01-15 22:00:00,2025-01-21 02:00:00,2025-01-21 09:00:00,32,Consumer Goods,2721.95,DELIVERED
SHP-04663,CUST-1067,INMUN,USLAX,VSL-0079,2025-03-18 20:00:00,2025-03-21 20:00:00,2025-03-22 06:00:00,2025-04-22 20:00:00,2025-04-25 05:00:00,40,Chemicals,1191.23,DELAYED
SHP-03709,CUST-1002,PKKAR,USNYC,VSL-0008,2025-04-22 22:00:00,2025-04-28 22:00:00,2025-04-29 02:00:00,2025-05-22 22:00:00,2025-05-23 01:00:00,30,Machinery,1882.68,DELIVERED
SHP-02165,CUST-1230,DEHAM,CNSZX,VSL-0054,2025-08-26 17:00:00,2025-09-03 17:00:00,2025-09-05 02:00:00,2025-09-19 17:00:00,2025-09-20 21:00:00,36,food & beverage,1091.4,DELAYED
SHP-01202,CUST-1163,EGPSD,SGSIN,VSL-0017,2025-07-05 00:00:00,2025-07-11 00:00:00,2025-07-11 21:00:00,2025-08-09 00:00:00,2025-08-11 16:00:00,37,Consumer Goods,,DELAYED
SHP-00484,CUST-1180,CNNGB,USNYC,VSL-0019,2025-06-23 16:00:00,2025-07-04 16:00:00,2025-07-06 19:00:00,2025-07-18 16:00:00,2025-07-23 06:00:00,27,Automotive Parts,1760.13,DELAYED
SHP-00172,CUST-1211,MYPKG,GBFXT,VSL-0048,2025-10-08 04:00:00,2025-10-13 04:00:00,2025-10-13 04:00:00,2025-10-29 04:00:00,2025-10-29 15:00:00,29,Machinery,503.61,DELIVERED
SHP-02769,CUST-1221,AEDXB,USLAX,VSL-0045,2025-07-05 07:00:00,2025-07-08 07:00:00,2025-07-08 10:00:00,2025-08-08 07:00:00,2025-08-08 06:00:00,21,Furniture,950.38,DELIVERED
SHP-02628,CUST-1170,ESVLC,CNNGB,VSL-0038,2025-07-29 12:00:00,2025-08-04 12:00:00,2025-08-04 08:00:00,2025-08-29 12:00:00,2025-08-29 19:00:00,20,Electronics,862.12,DELIVERED
SHP-01812,CUST-1154,ZADUR,USLGB,VSL-0063,2025-05-24 17:00:00,2025-06-05 17:00:00,2025-06-07 15:00:00,2025-07-10 17:00:00,2025-07-14 06:00:00,30,Consumer Goods,975.74,DELAYED
SHP-03106,CUST-1186,USSAV,JPYOK,VSL-0079,2024-11-15 18:00:00,2024-11-21 18:00:00,2024-11-21 22:00:00,2024-12-18 18:00:00,2024-12-19 05:00:00,20,Machinery,767.14,DELIVERED
SHP-02313,CUST-1158,BRSSZ,XXTST,VSL-0004,2024-09-05 09:00:00,2024-09-19 09:00:00,2024-09-19 09:00:00,2024-10-16 09:00:00,2024-10-16 21:00:00,5,Pharmaceuticals,721.49,DELIVERED
SHP-04573,CUST-1078,DEHAM,CNNGB,VSL-0064,2025-05-28 07:00:00,2025-06-03 07:00:00,2025-06-03 07:00:00,2025-07-06 07:00:00,2025-07-06 11:00:00,24,Machinery,457.71,DELIVERED
SHP-03917,CUST-1247,MYPKG,PKKAR,VSL-0022,2025-08-28 22:00:00,2025-09-07 22:00:00,2025-09-08 02:00:00,2025-09-13 22:00:00,2025-09-14 04:00:00,23,Furniture,114.87,DELIVERED
SHP-02043,CUST-1130,ZADUR,CNSZX,VSL-0049,2024-11-16 09:00:00,2024-11-27 09:00:00,2024-11-27 13:00:00,2024-12-27 09:00:00,2024-12-27 14:00:00,1,Chemicals,72.03,DELIVERED
SHP-02000,CUST-1133,CNSZX,USLAX,VSL-0080,2024-09-08 22:00:00,2024-09-20 22:00:00,2024-09-23 03:00:00,2024-10-07 22:00:00,2024-10-13 19:00:00,16,Furniture,-21.18,DELAYED
SHP-03315,CUST-1103,USSAV,ZADUR,VSL-0010,2025-03-04 12:00:00,2025-03-17 12:00:00,2025-03-19 15:00:00,2025-04-05 12:00:00,2025-04-11 02:00:00,11,Automotive Parts,2710.6,DELAYED
SHP-00808,CUST-1054,THBKK,CNSZX,VSL-0070,2024-07-02 05:00:00,2024-07-14 05:00:00,2024-07-14 22:00:00,2024-07-23 05:00:00,2024-07-24 01:00:00,26,Furniture,1059.15,DELIVERED
SHP-02221,CUST-1202,USLAX,KRPUS,VSL-0002,2025-05-27 17:00:00,2025-06-02 17:00:00,2025-06-05 13:00:00,2025-06-28 17:00:00,2025-07-05 12:00:00,22,Consumer Goods,2484.3,DELAYED
SHP-00877,CUST-1171,NLRTM,AEDXB,VSL-0011,2025-02-08 02:00:00,2025-02-14 02:00:00,2025-02-15 10:00:00,2025-03-16 02:00:00,2025-03-21 09:00:00,2,Chemicals,1534.13,DELAYED
SHP-04959,CUST-1246,CNSHA,DEHAM,VSL-0059,2025-06-05 18:00:00,2025-06-08 18:00:00,2025-06-08 19:00:00,2025-06-27 18:00:00,2025-06-27 17:00:00,23,Automotive Parts,1555.68,DELIVERED
SHP-02988,CUST-1065,INNSA,PKKAR,VSL-0007,2025-01-25 20:00:00,2025-01-30 20:00:00,2025-01-30 19:00:00,2025-02-05 20:00:00,2025-02-06 05:00:00,19,food & beverage,1337.1,DELIVERED
SHP-01758,CUST-1073,HKHKG,KRPUS,VSL-0062,2025-03-11 13:00:00,2025-03-20 13:00:00,2025-03-20 12:00:00,2025-03-26 13:00:00,2025-03-26 17:00:00,9,Furniture,132.76,DELIVERED
SHP-00601,CUST-1175,MYPKG,INNSA,VSL-0078,2025-03-31 18:00:00,2025-04-12 18:00:00,2025-04-12 18:00:00,2025-04-18 18:00:00,2025-04-19 02:00:00,2,Chemicals,1145.91,DELIVERED
SHP-03550,CUST-1166,EGPSD,KRPUS,VSL-0045,2024-10-29 11:00:00,2024-11-05 11:00:00,2024-11-07 12:00:00,2024-11-19 11:00:00,2024-11-24 14:00:00,29,Apparel,2035.4,DELAYED
SHP-02450,CUST-1036,ZADUR,JPYOK,VSL-0038,2024-10-11 11:00:00,2024-10-15 11:00:00,2024-10-15 15:00:00,2024-11-05 11:00:00,2024-11-05 10:00:00,21,Furniture,2467.88,DELIVERED
SHP-02066,CUST-1185,BEANR,HKHKG,VSL-0010,2025-05-03 16:00:00,2025-05-14 16:00:00,2025-05-15 06:00:00,2025-06-13 16:00:00,2025-06-17 04:00:00,9,Apparel,2769.44,DELAYED
SHP-04244,CUST-1118,BEANR,DEHAM,VSL-0028,2025-03-23 15:00:00,2025-04-03 15:00:00,,2025-04-11 15:00:00,,8,Pharmaceuticals,-174.68,delivered
SHP-04461,CUST-1140,NLRTM,JPYOK,VSL-0020,2025-07-06 04:00:00,2025-07-14 04:00:00,2025-07-14 04:00:00,2025-08-10 04:00:00,2025-08-10 08:00:00,4,Raw Materials,206.34,DELIVERED
SHP-03789,CUST-1020,USLAX,INMUN,VSL-0042,2025-05-12 08:00:00,2025-05-23 08:00:00,2025-05-23 06:00:00,2025-06-18 08:00:00,2025-06-18 20:00:00,22,Consumer Goods,2686.81,DELIVERED
SHP-00215,CUST-1104,PKKAR,USLAX,VSL-0032,2024-12-27 11:00:00,2025-01-04 11:00:00,,2025-02-07 11:00:00,,13,Automotive Parts,2451.49,CANCELLED
SHP-02355,CUST-1053,INNSA,USLGB,VSL-0038,2025-10-03 14:00:00,2025-10-14 14:00:00,2025-10-14 16:00:00,2025-11-07 14:00:00,2025-11-07 18:00:00,17,Automotive Parts,162.36,DELIVERED
SHP-02849,CUST-1005,USNYC,ESVLC,VSL-0055,2025-04-11 21:00:00,2025-04-19 21:00:00,2025-04-19 23:00:00,2025-05-06 21:00:00,2025-05-07 00:00:00,29,Electronics,904.8,DELIVERED
SHP-03911,CUST-1165,EGPSD,ZADUR,VSL-0063,2025-01-22 16:00:00,2025-02-04 16:00:00,2025-02-04 23:00:00,2025-02-14 16:00:00,2025-02-16 00:00:00,9,Machinery,2511.6,DELAYED
SHP-03472,CUST-1150,CNSZX,USNYC,VSL-0072,2025-09-28 12:00:00,2025-10-05 12:00:00,2025-10-05 11:00:00,2025-11-04 12:00:00,2025-11-04 08:00:00,23,Furniture,2591.29,DELIVERED
SHP-02884,CUST-1135,JPYOK,ESVLC,VSL-0044,2025-07-03 19:00:00,2025-07-06 19:00:00,2025-07-07 00:00:00,2025-07-25 19:00:00,2025-07-26 05:00:00,5,Furniture,960.3,DELIVERED
SHP-01931,CUST-1199,INNSA,ZZZZZ,VSL-0019,2025-02-09 08:00:00,2025-02-15 08:00:00,2025-02-17 02:00:00,2025-03-08 08:00:00,2025-03-10 18:00:00,16,Electronics,2241.77,DELAYED
SHP-04719,CUST-1222,THBKK,USLGB,VSL-0077,2025-01-15 23:00:00,2025-01-28 23:00:00,2025-01-31 02:00:00,2025-02-28 23:00:00,2025-03-04 22:00:00,35,Apparel,440.11,DELAYED
SHP-04550,CUST-1104,USNYC,HKHKG,VSL-0072,2025-02-01 13:00:00,2025-02-15 13:00:00,2025-02-15 10:00:00,2025-03-22 13:00:00,2025-03-22 08:00:00,16,Pharmaceuticals,1062.22,DELIVERED
SHP-04890,CUST-1226,PKKAR,USLGB,VSL-0039,2025-06-18 00:00:00,2025-06-28 00:00:00,2025-06-27 21:00:00,2025-07-21 00:00:00,2025-07-21 00:00:00,27,Electronics,570.1,DELIVERED
SHP-03367,CUST-1125,ESVLC,CNSHA,VSL-0077,2024-07-28 08:00:00,2024-07-31 08:00:00,2024-08-02 20:00:00,2024-08-15 08:00:00,2024-08-20 03:00:00,14,Electronics,324.39,DELAYED
SHP-01904,CUST-1103,BEANR,EGPSD,VSL-0040,2024-06-27 18:00:00,2024-07-09 18:00:00,2024-07-09 15:00:00,2024-07-29 18:00:00,2024-07-29 15:00:00,14,Machinery,2231.3,DELIVERED
SHP-02940,CUST-1084,INNSA,USLAX,VSL-0014,2025-04-28 01:00:00,2025-05-06 01:00:00,2025-05-07 23:00:00,2025-06-04 01:00:00,2025-06-06 04:00:00,30,Automotive Parts,2599.1,DELAYED
SHP-03756,CUST-1147,GBFXT,USLGB,VSL-0061,2025-06-25 20:00:00,2025-07-06 20:00:00,2025-07-08 20:00:00,2025-08-10 20:00:00,2025-08-16 05:00:00,20,Pharmaceuticals,1808.0,DELAYED
SHP-01550,CUST-1041,JPYOK,AEDXB,VSL-0029,2025-06-16 23:00:00,2025-06-24 23:00:00,2025-06-25 03:00:00,2025-07-25 23:00:00,2025-07-26 02:00:00,20,Machinery,1423.15,DELIVERED
SHP-02290,CUST-1237,PKKAR,USLAX,VSL-0012,2025-01-08 21:00:00,2025-01-15 21:00:00,2025-01-18 06:00:00,2025-02-09 21:00:00,2025-02-13 19:00:00,1,Furniture,1882.35,DELAYED
SHP-04433,CUST-1029,DEHAM,XXTST,VSL-0025,2025-10-01 04:00:00,2025-10-11 04:00:00,2025-10-11 09:00:00,2025-11-09 04:00:00,2025-11-09 04:00:00,4,Machinery,1230.34,DELIVERED
SHP-02895,CUST-1141,KRPUS,USSAV,VSL-0015,2025-01-24 03:00:00,2025-02-02 03:00:00,2025-02-02 02:00:00,2025-02-23 03:00:00,2025-02-22 20:00:00,6,Chemicals,136.18,DELIVERED
SHP-04568,CUST-1031,USLGB,CNSZX,VSL-0061,2025-10-12 05:00:00,2025-10-17 05:00:00,2025-10-17 19:00:00,2025-11-12 05:00:00,2025-11-15 16:00:00,10,Consumer Goods,884.52,DELAYED
SHP-04419,CUST-1159,DEHAM,BRSSZ,VSL-0037,2024-11-19 23:00:00,2024-11-24 23:00:00,2024-11-25 08:00:00,2024-12-22 23:00:00,2024-12-24 08:00:00,7,Food & Beverage,490.16,DELAYED
SHP-04903,CUST-1058,NLRTM,CNNGB,VSL-0074,2025-04-01 04:00:00,2025-04-08 04:00:00,2025-04-08 02:00:00,2025-05-11 04:00:00,2025-05-11 00:00:00,22,Furniture,1219.71,DELIVERED
SHP-02526,CUST-1004,JPYOK,MYPKG,VSL-0066,2025-08-25 22:00:00,2025-09-02 22:00:00,2025-09-02 22:00:00,2025-09-08 22:00:00,2025-09-08 20:00:00,6,Consumer Goods,1445.47,DELIVERED
SHP-03061,CUST-1232,JPYOK,ESVLC,VSL-0038,2025-06-18 20:00:00,2025-06-30 20:00:00,2025-06-30 17:00:00,2025-07-21 20:00:00,2025-07-21 12:00:00,32,Electronics,1125.3,DELIVERED
SHP-02268,CUST-1135,CNSZX,JPYOK,VSL-0016,2024-06-30 12:00:00,2024-07-13 12:00:00,2024-07-13 14:00:00,2024-07-18 12:00:00,2024-07-18 04:00:00,30,Automotive Parts,2634.11,DELIVERED
SHP-04898,CUST-1083,JPYOK,GBFXT,VSL-0040,2025-02-05 11:00:00,2025-02-08 11:00:00,2025-02-08 22:00:00,2025-03-15 11:00:00,2025-03-18 06:00:00,7,Automotive parts,1075.67,DELAYED
SHP-01032,CUST-1009,DEHAM,INNSA,VSL-0034,2024-09-02 19:00:00,2024-09-07 19:00:00,2024-09-10 05:00:00,2024-10-03 19:00:00,2024-10-08 21:00:00,24,Automotive Parts,2787.61,DELAYED
SHP-01773,CUST-1142,NLRTM,USLAX,VSL-0066,2024-07-24 05:00:00,2024-07-31 05:00:00,2024-07-31 05:00:00,2024-09-02 05:00:00,2024-09-02 16:00:00,1,electronics,1320.14,DELIVERED
SHP-01403,CUST-1195,AEDXB,EGPSD,VSL-0053,2024-08-26 12:00:00,2024-09-01 12:00:00,2024-09-01 18:00:00,2024-09-11 12:00:00,2024-09-11 13:00:00,12,Consumer Goods,1321.7,DELIVERED
SHP-02067,CUST-1048,GBFXT,NLRTM,VSL-0024,2025-05-19 06:00:00,2025-05-29 06:00:00,2025-05-29 10:00:00,2025-06-05 06:00:00,2025-06-05 12:00:00,21,Consumer Goods,,DELIVERED
SHP-01771,CUST-1247,USLGB,KRPUS,VSL-0018,2025-05-23 17:00:00,2025-05-30 17:00:00,2025-06-01 15:00:00,2025-07-04 17:00:00,2025-07-06 09:00:00,5,Automotive Parts,2755.94,DELAYED
SHP-02813,CUST-1119,NLRTM,USSAV,VSL-0014,2024-10-13 22:00:00,2024-10-20 22:00:00,2024-10-20 19:00:00,2024-11-21 22:00:00,2024-11-21 16:00:00,39,Food & Beverage,2735.41,DELIVERED
SHP-02353,CUST-1065,JPYOK,AEDXB,VSL-0036,2024-07-07 13:00:00,2024-07-11 13:00:00,2024-07-11 15:00:00,2024-07-25 13:00:00,2024-07-25 18:00:00,12,Electronics,1765.2,DELIVERED
SHP-01898,CUST-1145,GBFXT,SGSIN,VSL-0003,2024-06-04 14:00:00,2024-06-17 14:00:00,2024-06-19 07:00:00,2024-07-10 14:00:00,2024-07-14 10:00:00,2,Machinery,553.77,DELAYED
SHP-00865,CUST-1117,HKHKG,USLGB,VSL-0034,2024-10-19 01:00:00,2024-10-28 01:00:00,2024-10-28 15:00:00,2024-11-16 01:00:00,2024-11-19 17:00:00,5,Pharmaceuticals,146.09,DELAYED
SHP-01871,CUST-1160,DEHAM,NLRTM,VSL-0006,2025-01-21 22:00:00,2025-02-01 22:00:00,2025-02-01 20:00:00,2025-02-10 22:00:00,2025-02-11 07:00:00,34,Furniture,2551.51,DELIVERED
SHP-00831,CUST-1228,DEHAM,USNYC,VSL-0038,2024-09-21 13:00:00,2024-10-01 13:00:00,2024-10-01 10:00:00,2024-10-28 13:00:00,2024-10-28 17:00:00,24,Electronics,1484.98,DELIVERED
SHP-04212,CUST-1082,CNNGB,ESVLC,VSL-0061,2024-06-09 22:00:00,2024-06-16 22:00:00,2024-06-17 02:00:00,2024-07-21 22:00:00,2024-07-22 09:00:00,23,Furniture,822.39,DELIVERED
SHP-03343,CUST-1174,CNSZX,SGSIN,VSL-0072,2024-10-08 13:00:00,2024-10-21 13:00:00,2024-10-23 05:00:00,2024-10-28 13:00:00,2024-11-02 20:00:00,7,Automotive Parts,1067.45,DELAYED
SHP-04931,CUST-1123,INMUN,CNSHA,VSL-0033,2025-03-06 00:00:00,2025-03-15 00:00:00,2025-03-14 22:00:00,2025-03-18 00:00:00,2025-03-17 17:00:00,9,Raw Materials,2137.99,DELIVERED
SHP-01162,CUST-1071,USLGB,USSAV,VSL-0033,2025-06-28 17:00:00,2025-07-12 17:00:00,2025-07-12 21:00:00,2025-07-18 17:00:00,2025-07-18 22:00:00,31,Furniture,855.38,DELIVERED
SHP-02272,CUST-1236,PKKAR,INNSA,VSL-0044,2025-04-23 20:00:00,2025-05-02 20:00:00,2025-05-05 10:00:00,2025-05-10 20:00:00,2025-05-15 21:00:00,5,Automotive Parts,1427.18,DELAYED
SHP-01948,CUST-1032,PKKAR,GBFXT,VSL-0040,2024-07-24 15:00:00,2024-07-31 15:00:00,2024-08-02 04:00:00,2024-08-14 15:00:00,2024-08-20 04:00:00,10,Consumer Goods,1101.4,DELAYED
SHP-03562,CUST-1207,HKHKG,DEHAM,VSL-0029,2025-06-05 09:00:00,2025-06-08 09:00:00,2025-06-09 06:00:00,2025-06-26 09:00:00,2025-06-27 09:00:00,13,Furniture,588.12,DELIVERED
SHP-00414,CUST-1218,USSAV,CNSHA,VSL-0033,2025-06-10 15:00:00,2025-06-22 15:00:00,2025-06-24 08:00:00,2025-07-14 15:00:00,2025-07-17 11:00:00,12,Chemicals,1670.6,DELAYED
SHP-01780,CUST-1146,MYPKG,THBKK,VSL-0050,2024-07-23 22:00:00,2024-08-04 22:00:00,,2024-08-11 22:00:00,,15,Pharmaceuticals,2720.17,CANCELLED
SHP-04143,CUST-1166,EGPSD,DEHAM,VSL-0074,2025-04-06 17:00:00,2025-04-20 17:00:00,2025-04-21 15:00:00,2025-05-21 17:00:00,2025-05-25 02:00:00,37,Consumer Goods,1102.89,DELAYED
SHP-03006,CUST-1024,EGPSD,ESVLC,VSL-0016,2024-06-23 23:00:00,2024-06-26 23:00:00,2024-06-28 16:00:00,2024-07-31 23:00:00,2024-08-05 22:00:00,35,Food & Beverage,759.98,DELAYED
SHP-04154,CUST-1194,BEANR,AEDXB,VSL-0056,2025-03-03 05:00:00,2025-03-17 05:00:00,2025-03-17 10:00:00,2025-04-04 05:00:00,2025-04-04 05:00:00,29,Pharmaceuticals,2023.73,DELIVERED
SHP-01043,CUST-1075,THBKK,CNNGB,VSL-0077,2024-11-26 07:00:00,2024-12-09 07:00:00,2024-12-10 14:00:00,2024-12-13 07:00:00,2024-12-15 02:00:00,7,Food & Beverage,1417.38,DELAYED
SHP-01027,CUST-1074,EGPSD,USSAV,VSL-0004,2024-07-20 10:00:00,2024-08-03 10:00:00,2024-08-03 10:00:00,2024-08-25 10:00:00,2024-08-25 10:00:00,38,food & beverage,753.78,DELIVERED
SHP-02891,CUST-1103,BRSSZ,BEANR,VSL-0015,2024-09-26 06:00:00,2024-10-07 06:00:00,2024-10-07 02:00:00,2024-11-10 06:00:00,2024-11-10 00:00:00,32,Food & Beverage,2647.85,DELIVERED
SHP-02466,CUST-1194,NLRTM,USLGB,VSL-0012,2025-04-19 03:00:00,2025-04-25 03:00:00,2025-04-25 12:00:00,2025-05-28 03:00:00,2025-05-29 03:00:00,34,Furniture,2256.92,DELIVERED
SHP-04121,CUST-1146,USSAV,HKHKG,VSL-0045,2024-08-24 09:00:00,2024-08-31 09:00:00,2024-08-31 05:00:00,2024-09-21 09:00:00,2024-09-21 13:00:00,35,Food & Beverage,2460.56,DELIVERED
SHP-04056,CUST-1047,THBKK,INMUN,VSL-0001,2024-08-09 05:00:00,2024-08-14 05:00:00,2024-08-16 03:00:00,2024-08-18 05:00:00,2024-08-23 09:00:00,28,Machinery,2678.21,DELAYED
SHP-00197,CUST-1093,THBKK,INMUN,VSL-0078,2025-07-10 09:00:00,2025-07-19 09:00:00,2025-07-19 13:00:00,2025-07-22 09:00:00,2025-07-22 02:00:00,5,Automotive Parts,1683.37,DELIVERED
SHP-03477,CUST-1167,GBFXT,JPYOK,VSL-0045,2025-03-13 00:00:00,2025-03-21 00:00:00,2025-03-21 06:00:00,2025-04-16 00:00:00,2025-04-15 23:00:00,36,Machinery,1647.01,DELIVERED
SHP-03884,CUST-1020,ESVLC,AEDXB,VSL-0021,2025-03-30 17:00:00,2025-04-05 17:00:00,2025-04-06 21:00:00,2025-05-09 17:00:00,2025-05-11 01:00:00,1,Pharmaceuticals,2691.06,DELAYED
SHP-00381,CUST-1099,SGSIN,EGPSD,VSL-0065,2025-01-13 07:00:00,2025-01-20 07:00:00,2025-01-20 10:00:00,2025-02-09 07:00:00,2025-02-09 06:00:00,33,Electronics,1574.57,DELIVERED
SHP-04740,CUST-1126,EGPSD,ESVLC,VSL-0063,2024-09-09 03:00:00,2024-09-17 03:00:00,2024-09-18 14:00:00,2024-10-20 03:00:00,2024-10-23 15:00:00,31,Food & Beverage,704.04,DELAYED
SHP-00226,CUST-1022,ESVLC,CNNGB,VSL-0058,2024-11-10 06:00:00,2024-11-13 06:00:00,2024-11-13 05:00:00,2024-12-18 06:00:00,2024-12-18 17:00:00,13,Chemicals,1348.55,DELIVERED
SHP-03666,CUST-1160,CNSHA,JPYOK,VSL-0004,2024-06-20 14:00:00,2024-07-04 14:00:00,2024-07-05 18:00:00,2024-07-08 14:00:00,2024-07-13 04:00:00,30,Food & Beverage,2372.41,DELAYED
SHP-01405,CUST-1146,USNYC,INMUN,VSL-0036,2024-08-15 05:00:00,2024-08-21 05:00:00,2024-08-13 10:00:00,2024-09-14 05:00:00,2024-09-14 05:00:00,12,Automotive Parts,2758.19,DELIVERED
SHP-02010,CUST-1150,USLAX,THBKK,VSL-0025,2025-08-24 22:00:00,2025-09-06 22:00:00,2025-09-06 23:00:00,2025-09-22 22:00:00,2025-09-23 02:00:00,17,Automotive Parts,882.6,DELIVERED
SHP-03640,CUST-1117,CNSZX,INNSA,VSL-0023,2025-03-05 09:00:00,2025-03-14 09:00:00,2025-03-14 13:00:00,2025-03-21 09:00:00,2025-03-21 08:00:00,11,Chemicals,913.41,DELIVERED
SHP-04637,CUST-1050,INMUN,JPYOK,VSL-0080,2024-10-15 20:00:00,2024-10-24 20:00:00,2024-10-24 23:00:00,2024-11-02 20:00:00,2024-11-02 20:00:00,15,Automotive Parts,2092.79,DELIVERED
SHP-04780,CUST-1173,ESVLC,CNSZX,VSL-0067,2025-10-03 08:00:00,2025-10-10 08:00:00,2025-10-10 04:00:00,2025-11-04 08:00:00,2025-11-04 01:00:00,24,Raw Materials,1969.57,DELIVERED
SHP-00326,CUST-1006,CNSHA,INNSA,VSL-0051,2024-06-10 05:00:00,2024-06-24 05:00:00,2024-06-24 10:00:00,2024-07-04 05:00:00,2024-07-04 14:00:00,34,Furniture,64.48,DELIVERED
SHP-02335,CUST-1082,USNYC,KRPUS,VSL-0054,2025-03-10 11:00:00,2025-03-14 11:00:00,2025-03-16 18:00:00,2025-04-10 11:00:00,2025-04-13 04:00:00,34,Raw Materials,2654.19,DELAYED
SHP-02030,CUST-1160,PKKAR,AEDXB,VSL-0046,2025-06-08 19:00:00,2025-06-17 19:00:00,2025-06-17 23:00:00,2025-07-06 19:00:00,2025-07-07 04:00:00,2,Raw Materials,1134.79,DELIVERED
SHP-02937,CUST-1043,BRSSZ,ZADUR,VSL-0079,2025-02-07 19:00:00,2025-02-17 19:00:00,,2025-03-11 19:00:00,,18,Machinery,2617.67,CANCELLED
SHP-01772,CUST-1175,CNNGB,USLGB,VSL-0052,2025-01-12 03:00:00,2025-01-20 03:00:00,2025-01-19 23:00:00,2025-02-23 03:00:00,2025-02-23 09:00:00,30,Apparel,2505.82,DELIVERED
SHP-01858,CUST-1022,USSAV,CNSZX,VSL-0021,2025-06-30 15:00:00,2025-07-10 15:00:00,2025-07-12 22:00:00,2025-08-06 15:00:00,2025-08-10 14:00:00,35,Apparel,344.28,DELAYED
SHP-04197,CUST-1177,USNYC,SGSIN,VSL-0075,2025-08-24 12:00:00,2025-09-04 12:00:00,2025-09-04 12:00:00,2025-09-23 12:00:00,2025-09-23 06:00:00,14,Chemicals,1863.28,DELIVERED
SHP-03797,CUST-1118,JPYOK,ZZZZZ,VSL-0075,2025-08-02 00:00:00,2025-08-15 00:00:00,2025-08-15 00:00:00,2025-08-20 00:00:00,2025-08-20 10:00:00,28,Apparel,566.05,DELIVERED
SHP-02015,CUST-1102,BEANR,USLGB,VSL-0053,2025-05-19 07:00:00,2025-05-25 07:00:00,2025-05-25 11:00:00,2025-06-25 07:00:00,2025-06-25 00:00:00,30,Automotive Parts,797.77,DELIVERED
SHP-00480,CUST-1197,BRSSZ,BEANR,VSL-0037,2024-07-15 17:00:00,2024-07-23 17:00:00,2024-07-25 06:00:00,2024-08-13 17:00:00,2024-08-17 03:00:00,28,Furniture,1129.14,DELAYED
SHP-02420,CUST-1147,CNSZX,CNSHA,VSL-0020,2025-05-02 11:00:00,2025-05-15 11:00:00,2025-05-15 19:00:00,2025-05-23 11:00:00,2025-05-27 13:00:00,1,Apparel,2367.38,DELAYED
SHP-01916,CUST-1216,CNSZX,THBKK,VSL-0046,2024-08-04 11:00:00,2024-08-12 11:00:00,,2024-08-20 11:00:00,,16,food & beverage,764.23,N/A
SHP-00196,CUST-1213,SGSIN,GBFXT,VSL-0005,2025-04-20 15:00:00,2025-04-25 15:00:00,2025-04-25 13:00:00,2025-05-22 15:00:00,2025-05-22 17:00:00,3,Consumer Goods,674.3,DELIVERED
SHP-03049,CUST-1116,USNYC,JPYOK,VSL-0049,2025-01-01 20:00:00,2025-01-13 20:00:00,2025-01-15 05:00:00,2025-01-30 20:00:00,2025-02-03 09:00:00,26,Food & Beverage,315.96,DELAYED
SHP-01031,CUST-1187,KRPUS,JPYOK,VSL-0051,2025-03-04 02:00:00,2025-03-13 02:00:00,2025-03-16 00:00:00,2025-03-16 02:00:00,2025-03-19 21:00:00,31,Pharmaceuticals,2686.98,DELAYED
SHP-02478,CUST-1075,CNSHA,INNSA,VSL-0018,2025-08-23 05:00:00,2025-08-26 05:00:00,2025-08-26 04:00:00,2025-09-03 05:00:00,2025-09-03 07:00:00,33,Apparel,1820.55,DELIVERED
SHP-02289,CUST-1077,DEHAM,EGPSD,VSL-0009,2024-11-18 11:00:00,2024-11-25 11:00:00,2024-11-25 08:00:00,2024-12-10 11:00:00,2024-12-10 04:00:00,10,Electronics,1198.33,DELIVERED
SHP-00176,CUST-1070,ZZZZZ,EGPSD,VSL-0015,2025-04-09 02:00:00,2025-04-14 02:00:00,2025-04-14 05:00:00,2025-05-07 02:00:00,2025-05-07 11:00:00,22,Automotive parts,136.46,DELIVERED
SHP-02901,CUST-1248,JPYOK,PKKAR,VSL-0051,2024-07-29 10:00:00,2024-08-11 10:00:00,2024-08-14 01:00:00,2024-08-15 10:00:00,2024-08-21 20:00:00,5,APPAREL,686.31,DELAYED
SHP-02053,CUST-1210,HKHKG,USSAV,VSL-0043,2025-07-01 16:00:00,2025-07-08 16:00:00,2025-07-08 20:00:00,2025-07-31 16:00:00,2025-07-31 18:00:00,35,Pharmaceuticals,1674.84,DELIVERED
SHP-04073,CUST-1250,PKKAR,BEANR,VSL-0010,2025-03-27 22:00:00,2025-04-10 22:00:00,2025-04-10 21:00:00,2025-05-11 22:00:00,2025-05-11 23:00:00,9,Pharmaceuticals,2180.29,DELIVERED
SHP-04558,CUST-1219,AEDXB,CNNGB,VSL-0063,2025-07-23 10:00:00,2025-08-05 10:00:00,2025-08-05 10:00:00,2025-09-01 10:00:00,2025-09-01 18:00:00,33,Furniture,1751.0,DELIVERED
SHP-02928,CUST-1168,HKHKG,BEANR,VSL-0033,2025-05-14 00:00:00,2025-05-20 00:00:00,2025-05-21 05:00:00,2025-06-16 00:00:00,2025-06-21 04:00:00,31,Consumer Goods,2117.99,DELAYED
SHP-02089,CUST-1236,EGPSD,USLGB,VSL-0065,2024-06-29 14:00:00,2024-07-06 14:00:00,2024-07-07 00:00:00,2024-08-06 14:00:00,2024-08-10 14:00:00,31,Furniture,2043.08,DELAYED
SHP-04465,CUST-1002,BRSSZ,INMUN,VSL-0021,2025-08-06 11:00:00,2025-08-12 11:00:00,2025-08-14 01:00:00,2025-09-08 11:00:00,2025-09-12 20:00:00,29,Raw Materials,2187.36,DELAYED
SHP-04331,CUST-1099,MYPKG,USSAV,VSL-0071,2025-04-30 21:00:00,2025-05-09 21:00:00,2025-05-11 03:00:00,2025-06-03 21:00:00,2025-06-05 15:00:00,6,Chemicals,1149.9,DELAYED
SHP-04869,CUST-1056,CNSHA,NLRTM,VSL-0010,2025-05-01 18:00:00,2025-05-14 18:00:00,2025-05-14 14:00:00,2025-06-09 18:00:00,2025-06-10 00:00:00,32,Apparel,1150.63,DELIVERED
SHP-03932,CUST-1147,ZADUR,BEANR,VSL-0051,2025-05-17 10:00:00,2025-05-25 10:00:00,2025-05-27 07:00:00,2025-06-28 10:00:00,2025-06-30 13:00:00,36,Automotive Parts,2047.85,DELAYED
SHP-02049,CUST-1129,USSAV,DEHAM,VSL-0041,2024-06-07 17:00:00,2024-06-15 17:00:00,2024-06-17 06:00:00,2024-06-29 17:00:00,2024-07-02 03:00:00,37,Automotive Parts,2442.36,DELAYED
SHP-01630,CUST-1142,USSAV,USLGB,VSL-0059,2024-11-27 17:00:00,2024-12-11 17:00:00,2024-12-11 19:00:00,2024-12-16 17:00:00,2024-12-16 16:00:00,22,Automotive Parts,1780.87,DELIVERED
SHP-01571,CUST-1007,EGPSD,USSAV,VSL-0031,2024-06-22 01:00:00,2024-06-30 01:00:00,2024-06-30 08:00:00,2024-07-25 01:00:00,2024-07-26 15:00:00,19,Automotive Parts,129.04,DELAYED
SHP-01329,CUST-1077,ESVLC,GBFXT,VSL-0073,2025-07-01 21:00:00,2025-07-11 21:00:00,2025-07-12 18:00:00,2025-07-20 21:00:00,2025-07-21 16:00:00,17,Food & Beverage,798.27,DELIVERED
SHP-00541,CUST-1017,BEANR,AEDXB,VSL-0074,2024-10-17 02:00:00,2024-10-22 02:00:00,2024-10-22 00:00:00,2024-11-17 02:00:00,2024-11-17 05:00:00,31,Machinery,515.84,DELIVERED
SHP-02130,CUST-1153,CNSHA,CNNGB,VSL-0018,2025-04-11 17:00:00,2025-04-20 17:00:00,2025-04-20 19:00:00,2025-04-29 17:00:00,2025-04-29 18:00:00,14,Electronics,1418.21,DELIVERED
SHP-01096,CUST-1239,NLRTM,USLGB,VSL-0036,2024-06-04 17:00:00,2024-06-11 17:00:00,2024-06-11 16:00:00,2024-06-25 17:00:00,2024-06-26 02:00:00,20,Furniture,2582.11,DELIVERED
SHP-03249,CUST-1022,ZADUR,KRPUS,VSL-0027,2024-07-05 20:00:00,2024-07-12 20:00:00,2024-07-13 00:00:00,2024-08-07 20:00:00,2024-08-08 00:00:00,1,Pharmaceuticals,2289.17,DELIVERED
SHP-03707,CUST-1223,MYPKG,ZADUR,VSL-0075,2024-08-04 18:00:00,2024-08-17 18:00:00,2024-08-17 23:00:00,2024-09-05 18:00:00,2024-09-05 13:00:00,3,Food & Beverage,1104.08,DELIVERED
SHP-02369,CUST-1099,SGSIN,UNKNW,VSL-0059,2025-08-23 04:00:00,2025-09-06 04:00:00,2025-09-06 01:00:00,2025-09-09 04:00:00,2025-09-09 11:00:00,31,APPAREL,1222.1,DELIVERED
SHP-04777,CUST-1110,GBFXT,USLGB,VSL-0064,2025-09-22 00:00:00,2025-09-27 00:00:00,2025-09-27 03:00:00,2025-10-14 00:00:00,2025-10-13 22:00:00,23,Raw Materials,2141.81,DELIVERED
SHP-04507,CUST-1180,CNSZX,AEDXB,VSL-0033,2025-04-16 06:00:00,2025-04-27 06:00:00,,2025-06-01 06:00:00,,3,Pharmaceuticals,885.3,CANCELLED
SHP-03161,CUST-1180,ZADUR,BRSSZ,VSL-0008,2025-04-17 18:00:00,2025-04-25 18:00:00,2025-04-27 00:00:00,2025-05-19 18:00:00,2025-05-22 11:00:00,35,Consumer Goods,1920.88,DELAYED
SHP-01132,CUST-1201,GBFXT,THBKK,VSL-0078,2025-08-09 11:00:00,2025-08-23 11:00:00,2025-08-24 02:00:00,2025-09-15 11:00:00,2025-09-17 02:00:00,35,Electronics,1794.09,DELAYED
SHP-01492,CUST-1037,NLRTM,HKHKG,VSL-0026,2024-06-24 14:00:00,2024-07-05 14:00:00,2024-06-23 01:00:00,2024-07-23 14:00:00,2024-07-27 01:00:00,7,Electronics,1102.75,DELAYED
SHP-00863,CUST-1150,INMUN,ZADUR,VSL-0017,2025-10-11 14:00:00,2025-10-16 14:00:00,2025-10-16 13:00:00,2025-11-20 14:00:00,2025-11-20 08:00:00,36,Apparel,768.98,DELIVERED
SHP-01757,CUST-1085,KRPUS,NLRTM,VSL-0005,2025-02-05 07:00:00,2025-02-17 07:00:00,2025-02-17 04:00:00,2025-03-19 07:00:00,2025-03-19 03:00:00,33,electronics,1606.19,DELIVERED
SHP-00852,CUST-1237,EGPSD,CNSZX,VSL-0025,2024-07-07 18:00:00,2024-07-12 18:00:00,2024-07-15 16:00:00,2024-07-29 18:00:00,2024-08-04 23:00:00,18,Automotive Parts,761.54,DELAYED
SHP-04813,CUST-1088,BRSSZ,HKHKG,VSL-0017,2025-08-25 01:00:00,2025-08-30 01:00:00,2025-08-30 21:00:00,2025-09-13 01:00:00,2025-09-15 07:00:00,38,Furniture,1209.33,DELAYED
SHP-02269,CUST-1120,ZADUR,ZZZZZ,VSL-0028,2025-05-19 23:00:00,2025-05-23 23:00:00,2025-05-25 05:00:00,2025-06-09 23:00:00,2025-06-14 16:00:00,38,Food & Beverage,2056.23,DELAYED
SHP-03578,CUST-1226,CNSZX,JPYOK,VSL-0023,2025-03-24 22:00:00,2025-03-28 22:00:00,2025-03-29 20:00:00,2025-04-06 22:00:00,2025-04-10 04:00:00,33,Pharmaceuticals,1409.6,DELAYED
SHP-04192,CUST-1072,MYPKG,PKKAR,VSL-0050,2025-03-11 17:00:00,2025-03-18 17:00:00,2025-03-18 20:00:00,2025-03-27 17:00:00,2025-03-29 06:00:00,39,Machinery,210.9,DELAYED
SHP-03285,CUST-1046,BEANR,CNSZX,VSL-0004,2024-07-20 02:00:00,2024-07-30 02:00:00,2024-08-01 07:00:00,2024-08-16 02:00:00,2024-08-18 06:00:00,7,Electronics,1208.22,DELAYED
SHP-01656,CUST-1031,HKHKG,AEDXB,VSL-0028,2025-09-09 18:00:00,2025-09-21 18:00:00,2025-09-22 00:00:00,2025-10-06 18:00:00,2025-10-06 18:00:00,4,Apparel,1002.21,DELIVERED
SHP-02931,CUST-1231,CNSHA,BRSSZ,VSL-0055,2025-02-20 12:00:00,2025-02-25 12:00:00,2025-02-27 09:00:00,2025-03-13 12:00:00,2025-03-18 14:00:00,37,Pharmaceuticals,920.23,DELAYED
SHP-04014,CUST-1250,CNSHA,MYPKG,VSL-0015,2024-10-16 22:00:00,2024-10-25 22:00:00,2024-10-25 18:00:00,2024-10-30 22:00:00,2024-10-31 03:00:00,16,Electronics,2473.17,DELIVERED
SHP-02718,CUST-1091,AEDXB,CNSHA,VSL-0043,2025-10-03 08:00:00,2025-10-07 08:00:00,2025-10-08 20:00:00,2025-11-07 08:00:00,2025-11-09 18:00:00,10,Food & Beverage,84.84,DELAYED
SHP-04638,CUST-1069,INNSA,ESVLC,VSL-0054,2025-02-10 03:00:00,2025-02-14 03:00:00,2025-02-15 06:00:00,2025-03-20 03:00:00,2025-03-22 18:00:00,38,FURNITURE,1951.95,DELAYED
SHP-03844,CUST-1073,ESVLC,MYPKG,VSL-0040,2025-06-07 17:00:00,2025-06-20 17:00:00,2025-06-22 19:00:00,2025-07-06 17:00:00,2025-07-09 04:00:00,28,Food & Beverage,2600.05,DELAYED
SHP-04288,CUST-1184,BRSSZ,MYPKG,VSL-0073,2025-08-24 17:00:00,2025-08-30 17:00:00,2025-08-30 17:00:00,2025-09-23 17:00:00,2025-09-24 01:00:00,1,Pharmaceuticals,2185.41,DELIVERED
SHP-04261,CUST-1010,DEHAM,GBFXT,VSL-0043,2025-08-03 07:00:00,2025-08-10 07:00:00,2025-08-10 12:00:00,2025-08-19 07:00:00,2025-08-23 05:00:00,35,Automotive Parts,1700.66,DELAYED
SHP-03004,CUST-1202,NLRTM,CNSHA,VSL-0068,2025-07-31 08:00:00,2025-08-10 08:00:00,2025-08-10 05:00:00,2025-08-27 08:00:00,2025-08-27 13:00:00,27,Furniture,1389.24,DELIVERED
SHP-00253,CUST-1080,CNSZX,BEANR,VSL-0017,2025-01-21 11:00:00,2025-01-28 11:00:00,2025-01-30 11:00:00,2025-02-21 11:00:00,2025-02-26 18:00:00,15,Apparel,1887.18,DELAYED
SHP-04477,CUST-1198,CNNGB,CNSHA,VSL-0004,2024-11-22 13:00:00,2024-11-27 13:00:00,2024-11-27 19:00:00,2024-12-05 13:00:00,2024-12-05 09:00:00,20,Automotive Parts,197.25,DELIVERED
SHP-03318,CUST-1008,ESVLC,INNSA,VSL-0074,2024-10-18 14:00:00,2024-10-22 14:00:00,2024-10-25 05:00:00,2024-11-06 14:00:00,2024-11-12 22:00:00,22,Consumer Goods,284.38,DELAYED
SHP-03103,CUST-1160,KRPUS,PKKAR,VSL-0039,2025-04-06 09:00:00,2025-04-11 09:00:00,2025-04-11 15:00:00,2025-04-18 09:00:00,2025-04-18 14:00:00,19,Automotive Parts,861.21,DELIVERED
SHP-04421,CUST-1083,THBKK,USLAX,VSL-0070,2025-01-22 00:00:00,2025-01-29 00:00:00,2025-01-29 02:00:00,2025-02-19 00:00:00,2025-02-18 16:00:00,38,Pharmaceuticals,952.99,DELIVERED
SHP-03313,CUST-1115,USSAV,USLAX,VSL-0042,2025-05-03 22:00:00,2025-05-16 22:00:00,2025-05-19 21:00:00,2025-05-24 22:00:00,2025-05-28 00:00:00,39,Pharmaceuticals,2045.08,DELAYED
SHP-00715,CUST-1209,JPYOK,GBFXT,VSL-0055,2025-09-06 08:00:00,2025-09-18 08:00:00,2025-09-21 00:00:00,2025-10-19 08:00:00,2025-10-22 03:00:00,28,Food & Beverage,1605.43,DELAYED
SHP-00527,CUST-1020,HKHKG,BEANR,VSL-0030,2024-07-24 02:00:00,2024-07-28 02:00:00,2024-07-28 04:00:00,2024-08-14 02:00:00,2024-08-13 21:00:00,40,Apparel,1034.14,DELIVERED
SHP-02698,CUST-1239,ESVLC,GBFXT,VSL-0016,2025-04-04 12:00:00,2025-04-12 12:00:00,2025-04-15 09:00:00,2025-04-17 12:00:00,2025-04-22 18:00:00,4,Machinery,2419.67,DELAYED
SHP-02655,CUST-1226,BRSSZ,USNYC,VSL-0079,2025-04-18 13:00:00,2025-04-26 13:00:00,2025-04-28 11:00:00,2025-05-03 13:00:00,2025-05-08 06:00:00,25,Electronics,1371.23,DELAYED
SHP-00795,CUST-1146,CNSHA,CNSZX,VSL-0016,2025-06-27 01:00:00,2025-07-10 01:00:00,2025-07-09 22:00:00,2025-07-16 01:00:00,2025-07-16 07:00:00,6,Automotive Parts,2633.45,DELIVERED
SHP-04199,CUST-1005,JPYOK,CNSZX,VSL-0048,2025-01-10 02:00:00,2025-01-15 02:00:00,2025-01-15 03:00:00,2025-01-19 02:00:00,2025-01-19 12:00:00,16,FURNITURE,455.3,DELIVERED
SHP-02248,CUST-1213,USLGB,AEDXB,VSL-0042,2025-03-13 20:00:00,2025-03-23 20:00:00,2025-03-23 22:00:00,2025-04-21 20:00:00,2025-04-23 19:00:00,24,Pharmaceuticals,700.15,DELAYED
SHP-00589,CUST-1233,CNSZX,BEANR,VSL-0078,2025-10-09 15:00:00,2025-10-20 15:00:00,2025-10-22 13:00:00,2025-11-16 15:00:00,2025-11-20 23:00:00,27,Automotive Parts,1866.22,DELAYED
SHP-01456,CUST-1002,CNSHA,BRSSZ,VSL-0030,2024-10-16 09:00:00,2024-10-20 09:00:00,2024-10-20 14:00:00,2024-11-11 09:00:00,2024-11-11 17:00:00,3,Food & Beverage,1420.78,DELIVERED
SHP-04799,CUST-1069,INNSA,CNSHA,VSL-0052,2025-10-14 07:00:00,2025-10-19 07:00:00,2025-10-20 04:00:00,2025-10-23 07:00:00,2025-10-26 12:00:00,11,Electronics,1580.23,DELAYED
SHP-03320,CUST-1200,KRPUS,USSAV,VSL-0012,2025-04-21 19:00:00,2025-05-02 19:00:00,2025-05-05 07:00:00,2025-05-29 19:00:00,2025-06-02 11:00:00,18,Automotive Parts,1604.79,DELAYED
SHP-04547,CUST-1066,JPYOK,CNSZX,VSL-0027,2025-05-16 23:00:00,2025-05-20 23:00:00,2025-05-22 14:00:00,2025-05-26 23:00:00,2025-05-30 03:00:00,25,Consumer Goods,761.24,DELAYED
SHP-03135,CUST-1108,INMUN,AEDXB,VSL-0075,2025-03-21 00:00:00,2025-03-31 00:00:00,2025-03-31 00:00:00,2025-05-02 00:00:00,2025-05-01 18:00:00,24,Pharmaceuticals,275.85,DELIVERED
SHP-02497,CUST-1172,USNYC,BRSSZ,VSL-0048,2025-06-01 12:00:00,2025-06-08 12:00:00,,2025-06-11 12:00:00,,36,Automotive Parts,2708.17,CANCELLED
SHP-00736,CUST-1165,MYPKG,AEDXB,VSL-0047,2025-03-24 06:00:00,2025-04-03 06:00:00,2025-04-03 12:00:00,2025-04-18 06:00:00,2025-04-18 02:00:00,33,Chemicals,2748.64,DELIVERED
SHP-03368,CUST-1120,HKHKG,EGPSD,VSL-0076,2024-12-01 17:00:00,2024-12-05 17:00:00,2024-12-05 23:00:00,2024-12-24 17:00:00,2024-12-25 03:00:00,22,Furniture,269.2,DELIVERED
SHP-04012,CUST-1054,BRSSZ,MYPKG,VSL-0009,2024-12-20 00:00:00,2024-12-27 00:00:00,2024-12-19 17:00:00,2025-01-30 00:00:00,2025-02-04 11:00:00,35,Raw Materials,2014.9,DELAYED
SHP-02197,CUST-1196,PKKAR,USLAX,VSL-0077,2024-07-23 01:00:00,2024-07-28 01:00:00,2024-07-28 05:00:00,2024-08-13 01:00:00,2024-08-12 18:00:00,20,Food & Beverage,878.32,DELIVERED
SHP-00582,CUST-1221,ESVLC,BEANR,VSL-0047,2025-04-10 08:00:00,2025-04-14 08:00:00,2025-04-15 20:00:00,2025-04-24 08:00:00,2025-04-28 11:00:00,21,Food & Beverage,1707.5,DELAYED
SHP-01262,CUST-1073,PKKAR,INNSA,VSL-0019,2024-06-25 03:00:00,2024-07-09 03:00:00,2024-07-11 15:00:00,2024-07-14 03:00:00,2024-07-16 17:00:00,34,Raw Materials,1394.15,DELAYED
SHP-01447,CUST-1221,KRPUS,MYPKG,VSL-0026,2025-06-06 18:00:00,2025-06-10 18:00:00,2025-06-12 06:00:00,2025-06-17 18:00:00,2025-06-22 16:00:00,15,Electronics,2142.27,DELAYED
SHP-04303,CUST-1119,BRSSZ,JPYOK,VSL-0016,2024-11-08 20:00:00,2024-11-16 20:00:00,2024-11-16 18:00:00,2024-12-16 20:00:00,2024-12-16 19:00:00,28, Chemicals,1442.12,DELIVERED
SHP-00110,CUST-1185,PKKAR,SGSIN,VSL-0070,2024-11-24 20:00:00,2024-12-05 20:00:00,2024-12-05 20:00:00,2024-12-15 20:00:00,2024-12-15 21:00:00,24,Pharmaceuticals,2067.16,DELIVERED
SHP-03232,CUST-1224,HKHKG,CNSZX,VSL-0039,2025-09-30 10:00:00,2025-10-04 10:00:00,2025-10-06 00:00:00,2025-10-10 10:00:00,2025-10-15 04:00:00,11,Apparel,433.72,DELAYED
SHP-01838,CUST-1238,USSAV,DEHAM,VSL-0064,2024-12-18 14:00:00,2024-12-28 14:00:00,2024-12-30 03:00:00,2025-01-18 14:00:00,2025-01-19 22:00:00,35,Automotive Parts,2019.54,DELAYED
SHP-02305,CUST-1138,USNYC,BEANR,VSL-0061,2025-05-23 05:00:00,2025-05-28 05:00:00,2025-05-28 06:00:00,2025-07-02 05:00:00,2025-07-02 15:00:00,18,Machinery,371.54,DELIVERED
SHP-04518,CUST-1122,NLRTM,JPYOK,VSL-0038,2024-07-10 20:00:00,2024-07-14 20:00:00,2024-07-17 01:00:00,2024-08-08 20:00:00,2024-08-11 01:00:00,9,Consumer Goods,1540.42,DELAYED
SHP-03194,CUST-1215,DEHAM,MYPKG,VSL-0021,2024-12-11 21:00:00,2024-12-22 21:00:00,2024-12-23 13:00:00,2025-01-23 21:00:00,2025-01-27 16:00:00,6,Pharmaceuticals,2716.78,DELAYED
SHP-00117,CUST-1182,THBKK,PKKAR,VSL-0014,2025-01-11 13:00:00,2025-01-17 13:00:00,2025-01-17 17:00:00,2025-01-23 13:00:00,2025-01-23 07:00:00,18, Chemicals,478.93,DELIVERED
SHP-00069,CUST-1049,BEANR,CNNGB,VSL-0009,2024-07-20 03:00:00,2024-07-30 03:00:00,2024-07-30 04:00:00,2024-08-18 03:00:00,2024-08-18 16:00:00,2,Pharmaceuticals,463.01,DELIVERED
SHP-03291,CUST-1164,CNSHA,ESVLC,VSL-0015,2025-09-21 19:00:00,2025-09-30 19:00:00,2025-09-30 17:00:00,2025-10-19 19:00:00,2025-10-20 05:00:00,24,Chemicals,363.76,DELIVERED
SHP-02793,CUST-1056,CNSZX,SGSIN,VSL-0002,2024-12-16 02:00:00,2024-12-22 02:00:00,2024-12-22 08:00:00,2024-12-29 02:00:00,2024-12-29 05:00:00,15,Raw Materials,,DELIVERED
SHP-02956,CUST-1128,INNSA,ESVLC,VSL-0009,2025-01-20 09:00:00,2025-01-31 09:00:00,2025-02-01 06:00:00,2025-02-17 09:00:00,2025-02-21 06:00:00,9,Automotive parts,1147.6,DELAYED
SHP-00077,CUST-1064,SGSIN,HKHKG,VSL-0027,2024-10-27 07:00:00,2024-11-10 07:00:00,2024-11-10 11:00:00,2024-11-16 07:00:00,2024-11-16 12:00:00,1,Food & Beverage,363.73,DELIVERED
SHP-02961,CUST-1168,NLRTM,INNSA,VSL-0018,2024-10-05 19:00:00,2024-10-10 19:00:00,2024-10-10 19:00:00,2024-10-24 19:00:00,2024-10-25 06:00:00,22,Machinery,1553.01,DELIVERED
SHP-03654,CUST-1180,USLAX,THBKK,VSL-0019,2025-10-14 10:00:00,2025-10-25 10:00:00,2025-10-25 23:00:00,2025-11-09 10:00:00,2025-11-13 22:00:00,33,Machinery,1320.6,DELAYED
SHP-01618,CUST-1192,CNSZX,INNSA,VSL-0005,2025-04-30 07:00:00,2025-05-09 07:00:00,2025-05-11 23:00:00,2025-05-14 07:00:00,2025-05-19 08:00:00,9,Food & Beverage,2215.53,DELAYED
SHP-04811,CUST-1157,USLGB,THBKK,VSL-0076,2024-12-26 02:00:00,2025-01-07 02:00:00,2025-01-07 00:00:00,2025-01-30 02:00:00,2025-01-30 07:00:00,34,Furniture,2753.94,DELIVERED
SHP-04618,CUST-1115,HKHKG,INMUN,VSL-0023,2024-09-15 16:00:00,2024-09-29 16:00:00,2024-09-29 15:00:00,2024-10-06 16:00:00,2024-10-06 20:00:00,18,Furniture,2462.53,DELIVERED
SHP-04075,CUST-1040,XXTST,INMUN,VSL-0023,2025-10-06 03:00:00,2025-10-11 03:00:00,2025-10-11 06:00:00,2025-10-14 03:00:00,2025-10-14 07:00:00,10,Chemicals,2190.75,DELIVERED
SHP-01019,CUST-1249,CNNGB,MYPKG,VSL-0049,2024-10-13 19:00:00,2024-10-22 19:00:00,2024-10-22 22:00:00,2024-10-25 19:00:00,2024-10-25 19:00:00,31,Food & Beverage,2732.89,DELIVERED
SHP-00551,CUST-1157,SGSIN,ESVLC,VSL-0006,2024-09-04 04:00:00,2024-09-15 04:00:00,2024-09-15 00:00:00,2024-09-29 04:00:00,2024-09-29 10:00:00,34,Pharmaceuticals,1176.69,DELIVERED
SHP-00451,CUST-1043,HKHKG,BRSSZ,VSL-0004,2025-04-16 07:00:00,2025-04-27 07:00:00,2025-04-27 04:00:00,2025-05-17 07:00:00,2025-05-17 18:00:00,5,Chemicals,2455.2,DELIVERED
SHP-02386,CUST-1141,BEANR,CNSHA,VSL-0034,2025-08-15 08:00:00,2025-08-23 08:00:00,2025-08-23 08:00:00,2025-09-13 08:00:00,2025-09-13 02:00:00,28,Consumer Goods,1419.57,DELIVERED
SHP-00119,CUST-1060,USSAV,THBKK,VSL-0014,2025-07-13 00:00:00,2025-07-23 00:00:00,2025-07-23 06:00:00,2025-08-20 00:00:00,2025-08-22 00:00:00,14,Chemicals,1411.82,DELAYED
SHP-04531,CUST-1239,BEANR,USNYC,VSL-0016,2025-01-17 05:00:00,2025-01-29 05:00:00,2025-01-29 01:00:00,2025-03-02 05:00:00,2025-03-02 02:00:00,0,Chemicals,2282.16,DELIVERED
SHP-03717,CUST-1156,THBKK,AEDXB,VSL-0043,2024-09-30 02:00:00,2024-10-11 02:00:00,2024-10-13 15:00:00,2024-10-31 02:00:00,2024-11-03 05:00:00,4,Furniture,1745.19,DELAYED
SHP-03096,CUST-1189,SGSIN,MYPKG,VSL-0019,2024-08-19 21:00:00,2024-08-25 21:00:00,2024-08-28 16:00:00,2024-09-02 21:00:00,2024-09-06 12:00:00,23,Automotive Parts,485.99,DELAYED
SHP-03515,CUST-1153,NLRTM,CNNGB,VSL-0047,2025-06-11 12:00:00,2025-06-16 12:00:00,2025-06-16 08:00:00,2025-07-13 12:00:00,2025-07-13 13:00:00,12,Pharmaceuticals,227.22,DELIVERED
SHP-00642,CUST-1208,BEANR,CNSZX,VSL-0078,2025-07-21 15:00:00,2025-08-01 15:00:00,2025-08-01 11:00:00,2025-08-26 15:00:00,2025-08-26 14:00:00,36,Apparel,1754.46,DELIVERED
SHP-03850,CUST-1161,MYPKG,USNYC,VSL-0057,2024-08-30 21:00:00,2024-09-08 21:00:00,2024-09-08 21:00:00,2024-10-12 21:00:00,2024-10-13 06:00:00,18,Consumer Goods,1416.74,DELIVERED
SHP-03231,CUST-1045,DEHAM,ZADUR,VSL-0054,2024-06-18 09:00:00,2024-06-22 09:00:00,2024-06-23 18:00:00,2024-07-26 09:00:00,2024-07-27 21:00:00,16,Machinery,522.0,DELAYED
SHP-00343,CUST-1114,INMUN,CNSZX,VSL-0031,2024-07-09 11:00:00,2024-07-22 11:00:00,2024-07-22 07:00:00,2024-07-27 11:00:00,2024-07-27 09:00:00,40,Chemicals,1026.35,DELIVERED
SHP-00805,CUST-1072,USLAX,BRSSZ,VSL-0010,2025-10-08 00:00:00,2025-10-20 00:00:00,2025-10-20 06:00:00,2025-10-30 00:00:00,2025-10-29 16:00:00,39,Furniture,722.75,DELIVERED
SHP-00212,CUST-1012,INMUN,USNYC,VSL-0016,2024-10-25 11:00:00,2024-10-28 11:00:00,2024-10-28 10:00:00,2024-11-18 11:00:00,2024-11-18 05:00:00,23,Chemicals,1114.08,DELIVERED
SHP-00120,CUST-1240,SGSIN,DEHAM,VSL-0002,2025-04-06 12:00:00,2025-04-18 12:00:00,2025-04-21 06:00:00,2025-05-06 12:00:00,2025-05-09 17:00:00,7,Automotive Parts,837.2,DELAYED
SHP-03736,CUST-1108,JPYOK,CNSZX,VSL-0072,2025-02-15 18:00:00,2025-02-26 18:00:00,2025-02-26 17:00:00,2025-03-03 18:00:00,2025-03-04 01:00:00,33,Chemicals,2547.73,DELIVERED
SHP-02561,CUST-1079,USLGB,ZADUR,VSL-0011,2024-09-07 20:00:00,2024-09-15 20:00:00,2024-09-17 07:00:00,2024-10-06 20:00:00,2024-10-11 21:00:00,31,APPAREL,2728.5,DELAYED
SHP-01224,CUST-1016,CNNGB,MYPKG,VSL-0011,2025-10-13 01:00:00,2025-10-27 01:00:00,2025-10-27 06:00:00,2025-11-05 01:00:00,2025-11-05 06:00:00,25,,2768.68,DELIVERED
SHP-02523,CUST-1002,JPYOK,ZADUR,VSL-0080,2025-06-19 14:00:00,2025-07-02 14:00:00,2025-07-02 14:00:00,2025-07-25 14:00:00,2025-07-25 19:00:00,24,Machinery,1537.83,DELIVERED
SHP-01524,CUST-1186,HKHKG,USSAV,VSL-0017,2025-08-31 11:00:00,2025-09-07 11:00:00,,2025-09-24 11:00:00,,26,Electronics,1051.25,COMPLETED
SHP-01496,CUST-1198,EGPSD,GBFXT,VSL-0068,2025-08-21 23:00:00,2025-08-29 23:00:00,2025-08-30 02:00:00,2025-09-24 23:00:00,2025-09-24 20:00:00,19,Food & Beverage,181.85,DELIVERED
SHP-04626,CUST-1015,CNSZX,HKHKG,VSL-0031,2025-02-26 01:00:00,2025-03-06 01:00:00,2025-03-08 23:00:00,2025-03-15 01:00:00,2025-03-19 23:00:00,29,Consumer Goods,1188.01,DELAYED
SHP-00247,CUST-1079,BEANR,USLAX,VSL-0069,2024-07-23 19:00:00,2024-07-30 19:00:00,,2024-08-23 19:00:00,,7,Apparel,1829.51,
SHP-03261,CUST-1027,USLGB,GBFXT,VSL-0053,2025-08-14 14:00:00,2025-08-23 14:00:00,2025-08-24 22:00:00,2025-09-17 14:00:00,2025-09-20 06:00:00,40,Raw Materials,1027.38,DELAYED
SHP-00287,CUST-1196,ESVLC,EGPSD,VSL-0045,2024-08-10 20:00:00,2024-08-21 20:00:00,2024-08-21 18:00:00,2024-09-22 20:00:00,2024-09-22 22:00:00,19,Electronics,2466.12,DELIVERED
SHP-04658,CUST-1235,INMUN,BEANR,VSL-0075,2024-09-11 13:00:00,2024-09-19 13:00:00,,2024-10-23 13:00:00,,33,Consumer Goods,1671.25,COMPLETED
SHP-04708,CUST-1096,HKHKG,USLAX,VSL-0048,2025-02-18 01:00:00,2025-03-01 01:00:00,2025-03-01 01:00:00,2025-03-26 01:00:00,2025-03-26 09:00:00,7,Food & Beverage,,DELIVERED
SHP-02846,CUST-1071,JPYOK,PKKAR,VSL-0036,2025-07-22 05:00:00,2025-08-05 05:00:00,2025-08-05 06:00:00,2025-08-15 05:00:00,2025-08-15 05:00:00,9,Chemicals,1953.05,DELIVERED
SHP-00019,CUST-1004,AEDXB,KRPUS,VSL-0049,2024-10-16 21:00:00,2024-10-23 21:00:00,2024-10-23 18:00:00,2024-11-06 21:00:00,2024-11-06 18:00:00,10,Food & Beverage,203.33,DELIVERED
SHP-00165,CUST-1079,THBKK,GBFXT,VSL-0068,2025-10-13 01:00:00,2025-10-23 01:00:00,2025-10-24 11:00:00,2025-11-20 01:00:00,2025-11-23 15:00:00,0,Machinery,1635.51,DELAYED
SHP-03200,CUST-1142,CNSHA,EGPSD,VSL-0001,2024-09-02 01:00:00,2024-09-11 01:00:00,2024-09-10 22:00:00,2024-10-13 01:00:00,2024-10-13 04:00:00,30,Apparel,1806.53,DELIVERED
SHP-01469,CUST-1186,CNSHA,PKKAR,VSL-0078,2024-07-21 04:00:00,2024-08-03 04:00:00,2024-08-04 05:00:00,2024-08-06 04:00:00,2024-08-09 00:00:00,29,Chemicals,1179.72,DELAYED
SHP-00026,CUST-1044,INNSA,USSAV,VSL-0040,2025-01-09 04:00:00,2025-01-21 04:00:00,2025-01-21 15:00:00,2025-02-04 04:00:00,2025-02-04 10:00:00,8,Apparel,2616.35,DELIVERED
SHP-01925,CUST-1134,KRPUS,HKHKG,VSL-0023,2025-04-11 02:00:00,2025-04-22 02:00:00,2025-04-22 18:00:00,2025-05-02 02:00:00,2025-05-03 19:00:00,7,machinery ,2131.2,DELAYED
SHP-02151,CUST-1022,HKHKG,ESVLC,VSL-0071,2024-10-28 08:00:00,2024-11-03 08:00:00,2024-11-04 23:00:00,2024-11-26 08:00:00,2024-11-30 19:00:00,22,Machinery,1813.66,DELAYED
SHP-03825,CUST-1160,HKHKG,CNSHA,VSL-0037,2024-11-22 19:00:00,2024-12-02 19:00:00,,2024-12-07 19:00:00,,13,Food & Beverage,1931.98,CANCELLED
SHP-02096,CUST-1116,USNYC,GBFXT,VSL-0052,2024-07-31 11:00:00,2024-08-12 11:00:00,2024-08-12 11:00:00,2024-09-16 11:00:00,2024-09-16 15:00:00,27,Consumer Goods,2128.27,DELIVERED
SHP-04965,CUST-1164,INNSA,USLGB,VSL-0072,2025-08-29 06:00:00,2025-09-08 06:00:00,2025-09-09 09:00:00,2025-10-10 06:00:00,2025-10-13 23:00:00,28,Consumer Goods,979.81,DELAYED
SHP-04105,CUST-1089,INNSA,MYPKG,VSL-0015,2025-03-31 04:00:00,2025-04-06 04:00:00,2025-04-06 05:00:00,2025-04-10 04:00:00,2025-04-10 15:00:00,22,Raw Materials,2596.53,DELIVERED
SHP-00845,CUST-1106,USLAX,AEDXB,VSL-0020,2025-07-26 20:00:00,2025-07-31 20:00:00,2025-07-31 17:00:00,2025-09-01 20:00:00,2025-09-02 07:00:00,29,Food & Beverage,345.48,DELIVERED
SHP-04817,CUST-1204,BEANR,HKHKG,VSL-0054,2025-07-04 14:00:00,2025-07-16 14:00:00,2025-07-16 19:00:00,2025-08-10 14:00:00,2025-08-10 13:00:00,11,Pharmaceuticals,1635.87,DELIVERED
SHP-00036,CUST-1087,MYPKG,USSAV,VSL-0030,2024-08-18 14:00:00,2024-08-24 14:00:00,2024-08-24 16:00:00,2024-09-23 14:00:00,2024-09-23 23:00:00,16,Apparel,2136.89,DELIVERED
SHP-02427,CUST-1123,BEANR,CNNGB,VSL-0018,2024-10-21 17:00:00,2024-10-29 17:00:00,2024-10-29 20:00:00,2024-11-17 17:00:00,2024-11-17 17:00:00,21,Chemicals,391.2,DELIVERED
SHP-03531,CUST-1152,INMUN,GBFXT,VSL-0019,2024-09-15 03:00:00,2024-09-21 03:00:00,2024-09-21 05:00:00,2024-10-10 03:00:00,2024-10-10 15:00:00,24,Apparel,1440.97,DELIVERED
SHP-02890,CUST-1008,JPYOK,USLAX,VSL-0004,2025-09-17 13:00:00,2025-09-25 13:00:00,,2025-10-28 13:00:00,,31,Machinery,401.72,delivered
SHP-02516,CUST-1144,PKKAR,AEDXB,VSL-0002,2025-08-28 21:00:00,2025-09-11 21:00:00,2025-09-13 01:00:00,2025-09-30 21:00:00,2025-10-02 20:00:00,11,Electronics,988.86,DELAYED
SHP-03252,CUST-1205,NLRTM,THBKK,VSL-0026,2025-10-05 14:00:00,2025-10-11 14:00:00,,2025-11-08 14:00:00,,33,Food & Beverage,132.37,CANCELLED
SHP-03905,CUST-1056,GBFXT,DEHAM,VSL-0045,2024-10-02 15:00:00,2024-10-05 15:00:00,,2024-10-15 15:00:00,,40,Consumer Goods,2010.66,Complete
SHP-00918,CUST-1107,ESVLC,BEANR,VSL-0063,2025-04-12 10:00:00,2025-04-17 10:00:00,2025-04-17 11:00:00,2025-04-20 10:00:00,2025-04-20 02:00:00,37,Machinery,960.46,DELIVERED
SHP-01252,CUST-1098,GBFXT,EGPSD,VSL-0047,2024-08-14 23:00:00,2024-08-26 23:00:00,2024-08-28 12:00:00,2024-09-21 23:00:00,2024-09-26 04:00:00,33,Consumer Goods,1175.39,DELAYED
SHP-00189,CUST-1079,DEHAM,INMUN,VSL-0027,2024-08-10 21:00:00,2024-08-24 21:00:00,2024-08-25 01:00:00,2024-09-12 21:00:00,2024-09-13 03:00:00,19,Apparel,2558.63,DELIVERED
SHP-03954,CUST-1070,BEANR,DEHAM,VSL-0013,2025-04-01 22:00:00,2025-04-07 22:00:00,2025-04-08 02:00:00,2025-04-15 22:00:00,2025-04-16 01:00:00,29,Chemicals,743.9,DELIVERED
SHP-04112,CUST-1205,INNSA,MYPKG,VSL-0004,2025-03-27 20:00:00,2025-04-04 20:00:00,2025-04-05 21:00:00,2025-04-11 20:00:00,2025-04-15 18:00:00,9,Pharmaceuticals,2498.94,DELAYED
SHP-02156,CUST-1023,USSAV,AEDXB,VSL-0015,2025-08-01 10:00:00,2025-08-09 10:00:00,2025-08-10 09:00:00,2025-09-08 10:00:00,2025-09-11 20:00:00,23,Food & Beverage,2297.75,DELAYED
SHP-03553,CUST-1043,GBFXT,SGSIN,VSL-0051,2025-05-15 19:00:00,2025-05-22 19:00:00,2025-05-25 04:00:00,2025-06-25 19:00:00,2025-06-28 08:00:00,24,electronics,1478.36,DELAYED
SHP-01113,CUST-1240,HKHKG,CNSHA,VSL-0017,2025-05-11 15:00:00,2025-05-22 15:00:00,2025-05-22 18:00:00,2025-05-27 15:00:00,2025-05-27 16:00:00,11,Chemicals,1713.25,DELIVERED
SHP-02031,CUST-1197,SGSIN,USSAV,VSL-0064,2025-10-07 22:00:00,2025-10-11 22:00:00,2025-10-12 03:00:00,2025-11-07 22:00:00,2025-11-07 18:00:00,35,Machinery,266.72,DELIVERED
SHP-03345,CUST-1160,MYPKG,DEHAM,VSL-0072,2025-07-11 05:00:00,2025-07-20 05:00:00,2025-07-20 01:00:00,2025-08-08 05:00:00,2025-08-08 06:00:00,28,Electronics,2477.4,DELIVERED
SHP-03804,CUST-1227,USSAV,INMUN,VSL-0037,2025-05-16 12:00:00,2025-05-25 12:00:00,2025-05-28 00:00:00,2025-06-16 12:00:00,2025-06-20 16:00:00,30,Pharmaceuticals,2363.83,DELAYED
SHP-04309,CUST-1136,SGSIN,DEHAM,VSL-0028,2025-02-09 22:00:00,2025-02-13 22:00:00,2025-02-14 02:00:00,2025-03-08 22:00:00,2025-03-08 23:00:00,30,Chemicals,2392.2,DELIVERED
SHP-02162,CUST-1099,THBKK,PKKAR,VSL-0065,2025-03-03 17:00:00,2025-03-16 17:00:00,2025-03-16 15:00:00,2025-03-25 17:00:00,2025-03-25 23:00:00,18,Consumer Goods,2361.31,DELIVERED
SHP-01940,CUST-1107,INNSA,MYPKG,VSL-0059,2025-06-24 14:00:00,2025-07-03 14:00:00,2025-07-03 20:00:00,2025-07-12 14:00:00,2025-07-13 02:00:00,32,Food & Beverage,904.42,DELIVERED
SHP-00261,CUST-1150,CNNGB,BRSSZ,VSL-0012,2025-01-06 04:00:00,2025-01-09 04:00:00,2025-01-09 03:00:00,2025-01-24 04:00:00,2025-01-24 07:00:00,7,Raw Materials,1422.95,DELIVERED
SHP-03712,CUST-1045,USLGB,ZADUR,VSL-0071,2025-09-02 15:00:00,2025-09-07 15:00:00,2025-09-09 19:00:00,2025-10-09 15:00:00,2025-10-14 20:00:00,19,Machinery,1206.55,DELAYED
SHP-04417,CUST-1032,INMUN,NLRTM,VSL-0060,2025-02-25 19:00:00,2025-03-06 19:00:00,2025-03-06 19:00:00,2025-03-24 19:00:00,2025-03-24 13:00:00,26,Consumer Goods,123.9,DELIVERED
SHP-02712,CUST-1001,BEANR,HKHKG,VSL-0046,2025-07-29 02:00:00,2025-08-02 02:00:00,2025-08-02 03:00:00,2025-09-06 02:00:00,2025-09-06 04:00:00,28,Raw Materials,669.42,DELIVERED
SHP-01345,CUST-1147,ZADUR,MYPKG,VSL-0024,2025-07-26 04:00:00,2025-08-02 04:00:00,2025-08-03 04:00:00,2025-08-17 04:00:00,2025-08-18 20:00:00,30,Automotive Parts,2704.6,DELAYED
SHP-01616,CUST-1022,CNSHA,USSAV,VSL-0058,2025-03-02 22:00:00,2025-03-06 22:00:00,2025-03-07 17:00:00,2025-03-27 22:00:00,2025-04-01 01:00:00,26,Pharmaceuticals,1126.3,DELAYED
SHP-02085,CUST-1216,SGSIN,DEHAM,VSL-0053,2024-06-14 20:00:00,2024-06-26 20:00:00,,2024-07-24 20:00:00,,5,Pharmaceuticals,1111.9,Complete
SHP-01089,CUST-1087,USLAX,CNNGB,VSL-0074,2025-06-19 09:00:00,2025-07-02 09:00:00,2025-07-03 07:00:00,2025-08-04 09:00:00,2025-08-05 19:00:00,22,Food & Beverage,299.59,DELAYED
SHP-04607,CUST-1191,EGPSD,ESVLC,VSL-0030,2024-06-16 01:00:00,2024-06-25 01:00:00,2024-06-24 22:00:00,2024-07-17 01:00:00,2024-07-17 03:00:00,510,Pharmaceuticals,1289.8,DELIVERED
SHP-02791,CUST-1153,GBFXT,INNSA,VSL-0032,2025-06-30 02:00:00,2025-07-05 02:00:00,2025-07-05 07:00:00,2025-07-26 02:00:00,2025-07-26 01:00:00,7,Pharmaceuticals,1567.0,DELIVERED
SHP-00274,CUST-1129,PKKAR,NLRTM,VSL-0019,2024-07-15 02:00:00,2024-07-21 02:00:00,,2024-08-09 02:00:00,,29,Electronics,2398.52,
SHP-03782,CUST-1055,USLAX,AEDXB,VSL-0076,2025-03-14 07:00:00,2025-03-27 07:00:00,2025-03-27 05:00:00,2025-04-28 07:00:00,2025-04-28 04:00:00,37,Apparel,1340.19,DELIVERED
SHP-04697,CUST-1061,USNYC,PKKAR,VSL-0022,2025-08-05 06:00:00,2025-08-12 06:00:00,2025-08-12 04:00:00,2025-09-12 06:00:00,2025-09-11 23:00:00,36,Furniture,1056.03,DELIVERED
SHP-01717,CUST-1033,NLRTM,CNSZX,VSL-0054,2024-06-28 06:00:00,2024-07-10 06:00:00,2024-07-11 08:00:00,2024-08-03 06:00:00,2024-08-07 00:00:00,38,Chemicals,1621.52,DELAYED
SHP-00946,CUST-1075,ZADUR,GBFXT,VSL-0063,2024-10-24 14:00:00,2024-11-02 14:00:00,2024-11-02 19:00:00,2024-12-03 14:00:00,2024-12-03 11:00:00,40,Consumer Goods,1159.49,DELIVERED
SHP-00641,CUST-1114,MYPKG,GBFXT,VSL-0048,2024-11-29 14:00:00,2024-12-09 14:00:00,2024-12-09 18:00:00,2025-01-07 14:00:00,2025-01-07 15:00:00,40,Pharmaceuticals,2056.35,DELIVERED
SHP-02750,CUST-1108,DEHAM,MYPKG,VSL-0025,2024-12-16 09:00:00,2024-12-27 09:00:00,2024-12-27 23:00:00,2025-01-24 09:00:00,2025-01-26 10:00:00,24,Electronics,2742.25,DELAYED
SHP-01319,CUST-1230,MYPKG,KRPUS,VSL-0077,2024-07-12 06:00:00,2024-07-19 06:00:00,2024-07-20 22:00:00,2024-07-29 06:00:00,2024-08-01 01:00:00,24,Consumer Goods,1696.94,DELAYED
SHP-03331,CUST-1204,THBKK,CNNGB,VSL-0045,2024-07-29 00:00:00,2024-08-01 00:00:00,2024-08-02 06:00:00,2024-08-09 00:00:00,2024-08-14 01:00:00,9,Chemicals,2498.47,DELAYED
SHP-03019,CUST-1087,ZADUR,GBFXT,VSL-0069,2024-08-21 02:00:00,2024-08-27 02:00:00,2024-08-26 22:00:00,2024-09-11 02:00:00,2024-09-11 04:00:00,25,Machinery,1495.71,DELIVERED
SHP-00143,CUST-1220,PKKAR,HKHKG,VSL-0069,2025-03-08 10:00:00,2025-03-22 10:00:00,2025-03-22 15:00:00,2025-03-31 10:00:00,2025-03-31 21:00:00,12,Machinery,1380.76,DELIVERED
SHP-02167,CUST-1214,INNSA,CNSZX,VSL-0037,2024-07-15 12:00:00,2024-07-28 12:00:00,2024-07-31 03:00:00,2024-08-04 12:00:00,2024-08-07 19:00:00,17,Consumer Goods,2536.63,DELAYED
SHP-02723,CUST-1235,KRPUS,THBKK,VSL-0061,2025-02-25 12:00:00,2025-03-05 12:00:00,2025-03-05 11:00:00,2025-03-12 12:00:00,2025-03-12 05:00:00,26,Apparel,2677.74,DELIVERED
SHP-02023,CUST-1246,HKHKG,BRSSZ,VSL-0040,2024-10-21 14:00:00,2024-11-02 14:00:00,2024-11-02 12:00:00,2024-11-28 14:00:00,2024-11-28 19:00:00,13,Pharmaceuticals,1514.14,DELIVERED
SHP-00754,CUST-1193,CNSZX,USNYC,VSL-0050,2025-09-05 19:00:00,2025-09-14 19:00:00,2025-09-14 22:00:00,2025-10-11 19:00:00,2025-10-12 05:00:00,9,Food & Beverage,2506.74,DELIVERED
SHP-00331,CUST-1156,SGSIN,GBFXT,VSL-0069,2025-05-03 13:00:00,2025-05-15 13:00:00,2025-05-15 22:00:00,2025-06-12 13:00:00,2025-06-16 10:00:00,13,Furniture,732.77,DELAYED
SHP-00060,CUST-1184,UNKNW,BRSSZ,VSL-0049,2025-08-15 09:00:00,2025-08-19 09:00:00,2025-08-19 05:00:00,2025-09-18 09:00:00,2025-09-18 12:00:00,33,Automotive Parts,,DELIVERED
SHP-03037,CUST-1226,SGSIN,USLAX,VSL-0016,2025-06-26 12:00:00,2025-07-06 12:00:00,2025-07-06 11:00:00,2025-08-07 12:00:00,2025-08-07 16:00:00,3,food & beverage,355.12,DELIVERED
SHP-03280,CUST-1067,AEDXB,USLAX,VSL-0012,2025-07-27 04:00:00,2025-08-03 04:00:00,2025-08-06 01:00:00,2025-08-27 04:00:00,2025-08-29 23:00:00,14,Raw Materials,1731.14,DELAYED
SHP-01830,CUST-1154,NLRTM,MYPKG,VSL-0039,2024-06-28 05:00:00,2024-07-09 05:00:00,2024-07-11 13:00:00,2024-07-26 05:00:00,2024-07-30 04:00:00,13,Electronics,1126.97,DELAYED
SHP-01040,CUST-1175,CNNGB,USSAV,VSL-0038,2025-03-16 05:00:00,2025-03-21 05:00:00,2025-03-21 01:00:00,2025-04-22 05:00:00,2025-04-21 23:00:00,4,food & beverage,1837.37,DELIVERED
SHP-03846,CUST-1094,INMUN,USLAX,VSL-0037,2025-04-10 10:00:00,2025-04-13 10:00:00,2025-04-13 07:00:00,2025-04-30 10:00:00,2025-04-30 06:00:00,1,Chemicals,1503.64,DELIVERED
SHP-00842,CUST-1131,NLRTM,ZADUR,VSL-0003,2025-07-25 16:00:00,2025-08-01 16:00:00,2025-08-01 17:00:00,2025-09-03 16:00:00,2025-09-04 02:00:00,26,Pharmaceuticals,2766.34,DELIVERED
SHP-02175,CUST-1116,ESVLC,SGSIN,VSL-0041,2025-01-11 21:00:00,2025-01-19 21:00:00,2025-01-19 21:00:00,2025-02-02 21:00:00,2025-02-02 18:00:00,8,Apparel,1251.79,DELIVERED
SHP-01364,CUST-1097,BRSSZ,CNNGB,VSL-0012,2025-07-21 19:00:00,2025-07-24 19:00:00,2025-07-26 06:00:00,2025-08-22 19:00:00,2025-08-26 18:00:00,21,Furniture,2650.51,DELAYED
SHP-04084,CUST-1002,AEDXB,ESVLC,VSL-0079,2025-01-08 19:00:00,2025-01-17 19:00:00,2025-01-17 16:00:00,2025-02-01 19:00:00,2025-02-02 00:00:00,7,Electronics,1353.9,DELIVERED
SHP-00948,CUST-1155,DEHAM,GBFXT,VSL-0069,2025-05-30 21:00:00,2025-06-12 21:00:00,2025-06-13 04:00:00,2025-06-19 21:00:00,2025-06-23 13:00:00,2,Automotive Parts,,DELAYED
SHP-03902,CUST-1179,CNSZX,UNKNW,VSL-0076,2025-10-10 18:00:00,2025-10-17 18:00:00,2025-10-18 14:00:00,2025-11-09 18:00:00,2025-11-12 09:00:00,30,Consumer Goods,2121.32,DELAYED
SHP-03885,CUST-1043,NLRTM,INNSA,VSL-0054,2025-04-10 03:00:00,2025-04-15 03:00:00,2025-04-16 10:00:00,2025-05-07 03:00:00,2025-05-09 07:00:00,27,Consumer Goods,1526.77,DELAYED
SHP-00751,CUST-1018,INMUN,ESVLC,VSL-0031,2024-09-11 03:00:00,2024-09-19 03:00:00,2024-09-19 06:00:00,2024-10-09 03:00:00,2024-10-09 14:00:00,31,Apparel,634.93,DELIVERED
SHP-03036,CUST-1043,KRPUS,USNYC,VSL-0038,2025-05-31 16:00:00,2025-06-08 16:00:00,2025-06-08 19:00:00,2025-07-07 16:00:00,2025-07-07 13:00:00,31,Automotive Parts,894.34,DELIVERED
SHP-04553,CUST-1052,ESVLC,PKKAR,VSL-0061,2025-09-25 15:00:00,2025-10-09 15:00:00,2025-10-09 14:00:00,2025-11-09 15:00:00,2025-11-09 18:00:00,39,Food & Beverage,335.79,DELIVERED
SHP-02680,CUST-1227,GBFXT,JPYOK,VSL-0062,2025-01-09 08:00:00,2025-01-23 08:00:00,2025-01-23 08:00:00,2025-02-17 08:00:00,2025-02-17 07:00:00,7,Automotive Parts,547.45,DELIVERED
SHP-02792,CUST-1236,SGSIN,ZADUR,VSL-0031,2024-10-02 13:00:00,2024-10-11 13:00:00,2024-10-11 17:00:00,2024-11-02 13:00:00,2024-11-02 14:00:00,7,Raw Materials,915.53,DELIVERED
SHP-04946,CUST-1240,AEDXB,NLRTM,VSL-0075,2025-07-19 15:00:00,2025-07-29 15:00:00,2025-07-29 12:00:00,2025-08-30 15:00:00,2025-08-30 19:00:00,37,Food & Beverage,1598.87,DELIVERED
SHP-03692,CUST-1106,KRPUS,ZADUR,VSL-0078,2025-03-07 19:00:00,2025-03-17 19:00:00,2025-03-17 21:00:00,2025-04-21 19:00:00,2025-04-21 23:00:00,10,Automotive Parts,214.5,DELIVERED
SHP-04103,CUST-1172,ESVLC,HKHKG,VSL-0018,2025-05-30 22:00:00,2025-06-12 22:00:00,2025-06-12 20:00:00,2025-07-16 22:00:00,2025-07-17 07:00:00,20,Pharmaceuticals,909.2,DELIVERED
SHP-01073,CUST-1209,BRSSZ,THBKK,VSL-0075,2024-11-09 07:00:00,2024-11-21 07:00:00,2024-11-23 19:00:00,2024-12-05 07:00:00,2024-12-10 15:00:00,16,Pharmaceuticals,2645.66,DELAYED
SHP-01777,CUST-1048,ESVLC,DEHAM,VSL-0045,2024-07-13 00:00:00,2024-07-18 00:00:00,2024-07-18 01:00:00,2024-07-24 00:00:00,2024-07-24 10:00:00,26,Electronics,1292.66,DELIVERED
SHP-00206,CUST-1032,ESVLC,INNSA,VSL-0034,2025-01-01 04:00:00,2025-01-12 04:00:00,,2025-02-07 04:00:00,,17,Furniture,1263.0,CANCELLED
SHP-03870,CUST-1148,USSAV,BRSSZ,VSL-0023,2024-12-22 04:00:00,2024-12-29 04:00:00,2024-12-29 05:00:00,2025-01-01 04:00:00,2025-01-01 14:00:00,35,Furniture,2782.72,DELIVERED
SHP-04453,CUST-1221,USLAX,NLRTM,VSL-0059,2025-03-16 02:00:00,2025-03-26 02:00:00,2025-03-27 01:00:00,2025-04-20 02:00:00,2025-04-23 22:00:00,25,Food & Beverage,1871.83,DELAYED
SHP-00210,CUST-1170,USSAV,THBKK,VSL-0057,2024-06-12 05:00:00,2024-06-16 05:00:00,2024-06-17 23:00:00,2024-07-06 05:00:00,2024-07-07 22:00:00,32,Automotive parts,1069.73,DELAYED
SHP-00587,CUST-1196,NLRTM,GBFXT,VSL-0024,2024-08-08 01:00:00,2024-08-18 01:00:00,,2024-08-28 01:00:00,,20,Machinery,129.95,COMPLETED
SHP-04823,CUST-1063,SGSIN,INMUN,VSL-0020,2024-12-18 01:00:00,2024-12-27 01:00:00,2024-12-27 03:00:00,2025-01-03 01:00:00,2025-01-03 05:00:00,6,Chemicals,630.2,DELIVERED
SHP-01069,CUST-1147,DEHAM,BEANR,VSL-0041,2024-07-18 17:00:00,2024-07-25 17:00:00,2024-07-26 19:00:00,2024-07-30 17:00:00,2024-08-03 18:00:00,35,Raw Materials,1835.55,DELAYED
SHP-02569,CUST-1112,EGPSD,INNSA,VSL-0019,2024-06-05 14:00:00,2024-06-11 14:00:00,2024-06-11 17:00:00,2024-07-10 14:00:00,2024-07-10 12:00:00,24,Furniture,1226.73,DELIVERED
SHP-00411,CUST-1090,INMUN,DEHAM,VSL-0006,2025-03-02 03:00:00,2025-03-08 03:00:00,2025-03-08 03:00:00,2025-03-25 03:00:00,2025-03-25 00:00:00,1,Apparel,428.02,DELIVERED
SHP-00256,CUST-1232,USLAX,PKKAR,VSL-0033,2025-01-20 15:00:00,2025-01-24 15:00:00,2025-01-24 18:00:00,2025-02-14 15:00:00,2025-02-14 23:00:00,24,FURNITURE,2005.21,DELIVERED
SHP-01542,CUST-1099,ESVLC,ZADUR,VSL-0009,2025-09-17 10:00:00,2025-09-22 10:00:00,2025-09-22 14:00:00,2025-10-14 10:00:00,2025-10-18 06:00:00,30,Consumer Goods,450.21,DELAYED
SHP-04106,CUST-1064,KRPUS,USLGB,VSL-0078,2024-10-30 11:00:00,2024-11-10 11:00:00,2024-11-10 17:00:00,2024-11-24 11:00:00,2024-11-24 08:00:00,28,Raw Materials,2335.06,DELIVERED
SHP-02346,CUST-1153,USNYC,USLAX,VSL-0012,2025-06-11 19:00:00,2025-06-14 19:00:00,2025-06-14 17:00:00,2025-06-23 19:00:00,2025-06-23 13:00:00,31, Chemicals,860.52,DELIVERED
SHP-01255,CUST-1059,PKKAR,ZADUR,VSL-0020,2025-01-14 09:00:00,2025-01-25 09:00:00,2025-01-25 06:00:00,2025-02-28 09:00:00,2025-02-28 08:00:00,29,Electronics,1497.44,DELIVERED
SHP-01478,CUST-1137,USNYC,CNSHA,VSL-0057,2025-01-28 16:00:00,2025-02-05 16:00:00,2025-02-05 22:00:00,2025-03-08 16:00:00,2025-03-09 02:00:00,3,Apparel,2122.48,DELIVERED
SHP-00907,CUST-1131,CNSHA,NLRTM,VSL-0070,2025-07-02 09:00:00,2025-07-07 09:00:00,,2025-07-24 09:00:00,,20,Raw Materials,2204.99,CANCELLED
SHP-00684,CUST-1173,NLRTM,BRSSZ,VSL-0038,2024-09-02 04:00:00,2024-09-05 04:00:00,2024-09-07 23:00:00,2024-09-21 04:00:00,2024-09-27 04:00:00,12,Machinery,2474.43,DELAYED
SHP-01803,CUST-1044,KRPUS,USNYC,VSL-0028,2025-09-23 10:00:00,2025-10-05 10:00:00,2025-10-05 13:00:00,2025-10-30 10:00:00,2025-10-30 05:00:00,7, Chemicals,2040.63,DELIVERED
SHP-01285,CUST-1129,MYPKG,AEDXB,VSL-0044,2025-03-13 13:00:00,2025-03-26 13:00:00,2025-03-26 15:00:00,2025-04-14 13:00:00,2025-04-15 00:00:00,29,Food & Beverage,913.74,DELIVERED
SHP-04955,CUST-1037,INNSA,MYPKG,VSL-0041,2024-07-19 22:00:00,2024-07-30 22:00:00,2024-08-01 20:00:00,2024-08-09 22:00:00,2024-08-12 11:00:00,15,Electronics,100.13,DELAYED
SHP-02782,CUST-1006,PKKAR,JPYOK,VSL-0006,2025-01-18 08:00:00,2025-01-21 08:00:00,2025-01-21 11:00:00,2025-01-30 08:00:00,2025-01-30 01:00:00,16,Machinery,2689.37,DELIVERED
SHP-00728,CUST-1106,DEHAM,INMUN,VSL-0050,2025-09-20 00:00:00,2025-09-29 00:00:00,2025-09-29 16:00:00,2025-10-16 00:00:00,2025-10-16 10:00:00,23,Electronics,894.01,DELIVERED
SHP-03535,CUST-1195,USLAX,USLGB,VSL-0021,2024-11-19 09:00:00,2024-11-25 09:00:00,2024-11-25 15:00:00,2024-11-28 09:00:00,2024-11-28 10:00:00,32,Pharmaceuticals,518.36,DELIVERED
SHP-03342,CUST-1194,CNSHA,SGSIN,VSL-0063,2024-12-09 14:00:00,2024-12-16 14:00:00,2024-12-17 00:00:00,2024-12-24 14:00:00,2024-12-26 23:00:00,23,Consumer Goods,2659.17,DELAYED
SHP-03994,CUST-1076,USSAV,ZADUR,VSL-0078,2025-08-13 11:00:00,2025-08-26 11:00:00,2025-08-26 17:00:00,2025-09-25 11:00:00,2025-09-25 10:00:00,30,Raw Materials,455.11,DELIVERED
SHP-00297,CUST-1172,USNYC,GBFXT,VSL-0071,2025-03-04 16:00:00,2025-03-11 16:00:00,2025-03-14 08:00:00,2025-04-03 16:00:00,2025-04-08 14:00:00,3,Apparel,1736.36,DELAYED
SHP-03876,CUST-1045,CNSZX,USNYC,VSL-0065,2025-02-05 13:00:00,2025-02-11 13:00:00,2025-02-13 02:00:00,2025-03-16 13:00:00,2025-03-18 04:00:00,3,FURNITURE,2343.78,DELAYED
SHP-00056,CUST-1002,USSAV,MYPKG,VSL-0018,2024-12-28 15:00:00,2024-12-31 15:00:00,2024-12-31 13:00:00,2025-01-20 15:00:00,2025-01-20 11:00:00,27,Automotive Parts,1624.29,DELIVERED
SHP-01533,CUST-1201,THBKK,MYPKG,VSL-0078,2024-06-22 10:00:00,2024-07-04 10:00:00,2024-07-04 11:00:00,2024-07-12 10:00:00,2024-07-12 02:00:00,11,Automotive Parts,2210.14,DELIVERED
SHP-03831,CUST-1060,KRPUS,AEDXB,VSL-0029,2024-12-01 21:00:00,2024-12-05 21:00:00,,2024-12-30 21:00:00,,22,Chemicals,1450.2,CANCELLED
SHP-00892,CUST-1081,THBKK,ZADUR,VSL-0004,2025-07-05 15:00:00,2025-07-09 15:00:00,,2025-08-12 15:00:00,,26, Chemicals,877.63,
SHP-02382,CUST-1189,CNNGB,NLRTM,VSL-0062,2024-07-10 02:00:00,2024-07-20 02:00:00,2024-07-22 17:00:00,2024-08-07 02:00:00,2024-08-13 16:00:00,9,Pharmaceuticals,810.73,DELAYED
SHP-02081,CUST-1046,PKKAR,USSAV,VSL-0001,2024-11-15 07:00:00,2024-11-25 07:00:00,2024-11-25 03:00:00,2024-12-14 07:00:00,2024-12-14 13:00:00,16,Consumer Goods,2467.28,DELIVERED
SHP-02654,CUST-1159,AEDXB,USLAX,VSL-0067,2024-10-18 17:00:00,2024-10-24 17:00:00,2024-10-24 14:00:00,2024-11-23 17:00:00,2024-11-23 18:00:00,30,Electronics,2215.11,DELIVERED
SHP-00371,CUST-1187,USNYC,USLAX,VSL-0002,2024-06-03 21:00:00,2024-06-10 21:00:00,2024-06-11 01:00:00,2024-06-18 21:00:00,2024-06-18 13:00:00,7,Furniture,2245.05,DELIVERED
SHP-03897,CUST-1166,GBFXT,BRSSZ,VSL-0061,2025-04-25 22:00:00,2025-05-06 22:00:00,2025-05-06 18:00:00,2025-06-09 22:00:00,2025-06-10 03:00:00,21,Electronics,2050.44,DELIVERED
SHP-03192,CUST-1206,HKHKG,USLAX,VSL-0012,2024-08-12 00:00:00,2024-08-26 00:00:00,2024-08-25 21:00:00,2024-09-26 00:00:00,2024-09-26 02:00:00,24,Machinery,463.37,DELIVERED
SHP-03806,CUST-1113,CNSHA,JPYOK,VSL-0012,2025-09-05 19:00:00,2025-09-09 19:00:00,2025-09-09 17:00:00,2025-09-14 19:00:00,2025-09-15 01:00:00,6,Furniture,2607.36,DELIVERED
SHP-02076,CUST-1215,BEANR,INNSA,VSL-0024,2024-06-18 12:00:00,2024-06-28 12:00:00,2024-06-28 08:00:00,2024-07-15 12:00:00,2024-07-15 09:00:00,22,Machinery,2322.59,DELIVERED
SHP-01366,CUST-1073,BEANR,USLGB,VSL-0045,2024-06-29 10:00:00,2024-07-03 10:00:00,2024-07-03 16:00:00,2024-07-26 10:00:00,2024-07-26 18:00:00,31,Raw Materials,1073.29,DELIVERED
SHP-00121,CUST-1197,USLGB,THBKK,VSL-0005,2025-07-31 05:00:00,2025-08-10 05:00:00,,2025-09-02 05:00:00,,2,Apparel,452.28,delivered
SHP-04146,CUST-1167,USSAV,CNSHA,VSL-0047,2025-02-27 14:00:00,2025-03-06 14:00:00,,2025-03-28 14:00:00,,15,Food & Beverage,2295.7,
SHP-03860,CUST-1239,JPYOK,MYPKG,VSL-0079,2024-12-15 21:00:00,2024-12-28 21:00:00,2024-12-29 09:00:00,2025-01-03 21:00:00,2025-01-07 14:00:00,22,Food & Beverage,385.52,DELAYED
SHP-01779,CUST-1248,SGSIN,USLAX,VSL-0030,2024-10-02 05:00:00,2024-10-05 05:00:00,2024-10-05 04:00:00,2024-11-01 05:00:00,2024-11-01 02:00:00,1,Automotive Parts,953.96,DELIVERED
SHP-01915,CUST-1026,USLGB,USNYC,VSL-0051,2025-01-26 10:00:00,2025-02-06 10:00:00,2025-02-06 08:00:00,2025-02-16 10:00:00,2025-02-16 22:00:00,8,Consumer Goods,2189.07,DELIVERED
SHP-01985,CUST-1139,CNNGB,PKKAR,VSL-0038,2025-02-28 02:00:00,2025-03-05 02:00:00,2025-03-07 12:00:00,2025-03-11 02:00:00,2025-03-16 21:00:00,3,Apparel,1593.9,DELAYED
SHP-04374,CUST-1048,CNSHA,CNSZX,VSL-0018,2025-03-17 02:00:00,2025-03-20 02:00:00,2025-03-21 10:00:00,2025-03-23 02:00:00,2025-03-26 23:00:00,23,Food & Beverage,2680.41,DELAYED
SHP-04541,CUST-1004,ZADUR,BRSSZ,VSL-0039,2024-11-13 16:00:00,2024-11-16 16:00:00,,2024-12-01 16:00:00,,5,Electronics,2277.84,CANCELLED
SHP-01855,CUST-1089,USNYC,JPYOK,VSL-0003,2025-09-15 16:00:00,2025-09-27 16:00:00,2025-09-29 12:00:00,2025-10-24 16:00:00,2025-10-29 07:00:00,40,Chemicals,83.19,DELAYED
SHP-02417,CUST-1008,BRSSZ,USSAV,VSL-0030,2025-05-07 12:00:00,2025-05-10 12:00:00,2025-05-10 08:00:00,2025-05-17 12:00:00,2025-05-17 22:00:00,23,Consumer Goods,507.48,DELIVERED
SHP-04292,CUST-1154,MYPKG,SGSIN,VSL-0017,2024-12-02 11:00:00,2024-12-07 11:00:00,2024-12-01 10:00:00,2024-12-13 11:00:00,2024-12-13 14:00:00,18,Apparel,1338.85,DELIVERED
SHP-04395,CUST-1201,CNSHA,USLGB,VSL-0035,2025-02-01 03:00:00,2025-02-13 03:00:00,2025-02-15 07:00:00,2025-03-13 03:00:00,2025-03-18 01:00:00,28,Food & Beverage,2695.83,DELAYED
SHP-03086,CUST-1006,AEDXB,SGSIN,VSL-0077,2025-08-06 07:00:00,2025-08-19 07:00:00,2025-08-19 07:00:00,2025-09-23 07:00:00,2025-09-23 11:00:00,28,Apparel,883.68,DELIVERED
SHP-01979,CUST-1234,INMUN,AEDXB,VSL-0040,2025-02-15 12:00:00,2025-02-28 12:00:00,2025-03-01 01:00:00,2025-03-31 12:00:00,2025-04-03 08:00:00,2,Pharmaceuticals,1176.95,DELAYED
SHP-00325,CUST-1012,INMUN,CNSHA,VSL-0078,2024-08-24 02:00:00,2024-08-29 02:00:00,2024-08-29 02:00:00,2024-09-05 02:00:00,2024-09-05 05:00:00,4,Pharmaceuticals,2197.88,DELIVERED
SHP-02673,CUST-1122,PKKAR,EGPSD,VSL-0001,2025-01-24 06:00:00,2025-02-04 06:00:00,2025-02-06 02:00:00,2025-03-01 06:00:00,2025-03-05 14:00:00,7,Food & Beverage,656.33,DELAYED
SHP-00015,CUST-1044,USNYC,AEDXB,VSL-0030,2024-10-27 03:00:00,2024-11-06 03:00:00,2024-11-07 20:00:00,2024-12-03 03:00:00,2024-12-06 08:00:00,19,Electronics,673.25,DELAYED
SHP-02900,CUST-1113,JPYOK,BEANR,VSL-0031,2024-10-01 10:00:00,2024-10-05 10:00:00,2024-10-05 11:00:00,2024-10-30 10:00:00,2024-10-30 14:00:00,26,Chemicals,142.55,DELIVERED
SHP-03946,CUST-1065,ZZZZZ,INNSA,VSL-0001,2025-05-25 14:00:00,2025-05-29 14:00:00,2025-05-29 13:00:00,2025-07-03 14:00:00,2025-07-03 06:00:00,22,Chemicals,2075.94,DELIVERED
SHP-04948,CUST-1064,KRPUS,SGSIN,VSL-0062,2025-03-07 03:00:00,2025-03-20 03:00:00,2025-03-20 23:00:00,2025-03-26 03:00:00,2025-03-27 15:00:00,22,Automotive parts,576.07,DELAYED
SHP-00590,CUST-1160,CNNGB,USLAX,VSL-0060,2024-06-11 18:00:00,2024-06-25 18:00:00,,2024-07-17 18:00:00,,39,Furniture,1842.01,CANCELLED
SHP-00954,CUST-1098,MYPKG,NLRTM,VSL-0053,2024-07-19 22:00:00,2024-07-25 22:00:00,2024-07-26 02:00:00,2024-08-26 22:00:00,2024-08-26 14:00:00,37,Furniture,1667.85,DELIVERED
SHP-04844,CUST-1082,KRPUS,USLGB,VSL-0025,2025-02-19 18:00:00,2025-02-28 18:00:00,2025-02-28 23:00:00,2025-03-17 18:00:00,2025-03-17 14:00:00,32,Raw Materials,1173.27,DELIVERED
SHP-04556,CUST-1006,PKKAR,INNSA,VSL-0014,2025-01-29 17:00:00,2025-02-08 17:00:00,2025-02-08 18:00:00,2025-02-18 17:00:00,2025-02-18 10:00:00,23,Automotive Parts,,DELIVERED
SHP-00785,CUST-1194,THBKK,AEDXB,VSL-0063,2025-02-26 22:00:00,2025-03-04 22:00:00,2025-03-07 13:00:00,2025-03-19 22:00:00,2025-03-23 12:00:00,4,Apparel,1173.95,DELAYED
SHP-02281,CUST-1212,USLGB,INNSA,VSL-0031,2025-04-05 05:00:00,2025-04-11 05:00:00,2025-04-11 06:00:00,2025-05-02 05:00:00,2025-05-02 12:00:00,23,Pharmaceuticals,1566.25,DELIVERED
SHP-01214,CUST-1149,SGSIN,DEHAM,VSL-0079,2025-06-12 16:00:00,2025-06-16 16:00:00,2025-06-17 14:00:00,2025-07-05 16:00:00,2025-07-09 01:00:00,30,Furniture,2612.97,DELAYED
SHP-01539,CUST-1008,CNSHA,UNKNW,VSL-0069,2025-08-31 04:00:00,2025-09-14 04:00:00,2025-09-16 23:00:00,2025-09-23 04:00:00,2025-09-27 10:00:00,28,Machinery,1066.75,DELAYED
SHP-03617,CUST-1014,THBKK,NLRTM,VSL-0002,2025-08-10 16:00:00,2025-08-19 16:00:00,2025-08-22 03:00:00,2025-09-20 16:00:00,2025-09-24 00:00:00,32,Raw Materials,2386.76,DELAYED
SHP-01054,CUST-1061,DEHAM,KRPUS,VSL-0065,2025-01-31 22:00:00,2025-02-10 22:00:00,2025-02-11 00:00:00,2025-02-25 22:00:00,2025-02-26 01:00:00,3,Automotive Parts,1030.7,DELIVERED
SHP-04821,CUST-1224,USSAV,CNNGB,VSL-0009,2024-10-04 19:00:00,2024-10-11 19:00:00,2024-10-11 17:00:00,2024-10-31 19:00:00,2024-10-31 22:00:00,24,Consumer Goods,,DELIVERED
SHP-01884,CUST-1043,EGPSD,INMUN,VSL-0056,2025-04-23 02:00:00,2025-04-26 02:00:00,2025-04-25 22:00:00,2025-05-22 02:00:00,2025-05-22 08:00:00,31,Electronics,653.74,DELIVERED
SHP-02393,CUST-1207,ESVLC,BEANR,VSL-0003,2025-07-31 02:00:00,2025-08-14 02:00:00,2025-08-14 18:00:00,2025-08-23 02:00:00,2025-08-26 21:00:00,25,Machinery,2600.07,DELAYED
SHP-02378,CUST-1162,INMUN,CNNGB,VSL-0004,2024-11-14 13:00:00,2024-11-18 13:00:00,2024-11-18 09:00:00,2024-11-21 13:00:00,2024-11-21 08:00:00,2,Machinery,2186.75,DELIVERED
SHP-01752,CUST-1081,DEHAM,KRPUS,VSL-0065,2025-07-28 15:00:00,2025-08-02 15:00:00,2025-08-03 08:00:00,2025-08-30 15:00:00,2025-08-31 05:00:00,40,Electronics,484.64,DELIVERED
SHP-04787,CUST-1127,THBKK,CNSZX,VSL-0070,2025-04-09 20:00:00,2025-04-20 20:00:00,2025-04-21 02:00:00,2025-04-30 20:00:00,2025-04-30 16:00:00,30,Food & Beverage,1211.32,DELIVERED
SHP-04171,CUST-1174,NLRTM,USNYC,VSL-0039,2024-06-17 06:00:00,2024-06-25 06:00:00,2024-06-25 10:00:00,2024-07-21 06:00:00,2024-07-21 03:00:00,39,Food & Beverage,1604.88,DELIVERED
SHP-01701,CUST-1030,SGSIN,USSAV,VSL-0077,2024-06-26 09:00:00,2024-07-05 09:00:00,2024-07-05 12:00:00,2024-07-20 09:00:00,2024-07-20 21:00:00,12,Food & Beverage,1651.18,DELIVERED
SHP-04405,CUST-1174,USSAV,MYPKG,VSL-0012,2024-08-13 21:00:00,2024-08-18 21:00:00,2024-08-21 07:00:00,2024-09-13 21:00:00,2024-09-16 23:00:00,2,Furniture,1637.98,DELAYED
SHP-04810,CUST-1023,ESVLC,MYPKG,VSL-0014,2024-12-19 09:00:00,2024-12-27 09:00:00,2024-12-28 05:00:00,2025-01-21 09:00:00,2025-01-25 20:00:00,29,Raw Materials,994.34,DELAYED
SHP-03574,CUST-1092,BEANR,KRPUS,VSL-0036,2025-10-10 02:00:00,2025-10-16 02:00:00,2025-10-16 03:00:00,2025-11-03 02:00:00,2025-11-03 10:00:00,39,Chemicals,710.21,DELIVERED
SHP-02591,CUST-1071,USNYC,AEDXB,VSL-0030,2024-11-29 09:00:00,2024-12-06 09:00:00,2024-12-06 08:00:00,2024-12-24 09:00:00,2024-12-24 18:00:00,4,Raw Materials,2745.58,DELIVERED
SHP-01372,CUST-1235,BRSSZ,SGSIN,VSL-0047,2025-01-31 06:00:00,2025-02-05 06:00:00,2025-02-05 07:00:00,2025-03-03 06:00:00,2025-03-02 22:00:00,10, Chemicals,577.85,DELIVERED
SHP-04260,CUST-1078,INMUN,ZADUR,VSL-0030,2025-01-16 14:00:00,2025-01-28 14:00:00,2025-01-29 07:00:00,2025-02-15 14:00:00,2025-02-18 22:00:00,30,Electronics,2306.19,DELAYED
SHP-03593,CUST-1209,AEDXB,ZADUR,VSL-0009,2024-09-12 22:00:00,2024-09-16 22:00:00,2024-09-16 19:00:00,2024-09-23 22:00:00,2024-09-23 17:00:00,13,Consumer Goods,785.7,DELIVERED
SHP-01189,CUST-1148,EGPSD,CNSZX,VSL-0075,2025-04-06 00:00:00,2025-04-14 00:00:00,2025-04-14 00:00:00,2025-05-11 00:00:00,2025-05-11 00:00:00,31,Raw Materials,729.55,DELIVERED
SHP-00498,CUST-1186,ZADUR,KRPUS,VSL-0026,2025-06-21 18:00:00,2025-07-04 18:00:00,2025-07-05 00:00:00,2025-07-27 18:00:00,2025-07-31 18:00:00,39,Chemicals,368.4,DELAYED
SHP-00562,CUST-1228,PKKAR,INMUN,VSL-0078,2025-10-12 18:00:00,2025-10-21 18:00:00,2025-10-21 16:00:00,2025-10-27 18:00:00,2025-10-28 04:00:00,2,Pharmaceuticals,1372.92,DELIVERED
SHP-01429,CUST-1165,INNSA,JPYOK,VSL-0043,2025-09-03 03:00:00,2025-09-06 03:00:00,2025-09-06 00:00:00,2025-09-13 03:00:00,2025-09-12 20:00:00,13,Machinery,2740.8,DELIVERED
SHP-01933,CUST-1071,USLAX,AEDXB,VSL-0051,2025-07-11 22:00:00,2025-07-19 22:00:00,2025-07-19 22:00:00,2025-08-06 22:00:00,2025-08-06 14:00:00,27,Pharmaceuticals,1536.82,DELIVERED
SHP-04298,CUST-1067,NLRTM,GBFXT,VSL-0060,2025-07-24 21:00:00,2025-08-05 21:00:00,2025-08-08 16:00:00,2025-08-14 21:00:00,2025-08-19 11:00:00,14,Furniture,2028.36,DELAYED
SHP-04387,CUST-1045,ESVLC,SGSIN,VSL-0011,2025-08-31 05:00:00,2025-09-09 05:00:00,2025-09-09 09:00:00,2025-10-14 05:00:00,2025-10-14 11:00:00,33,Food & Beverage,2440.24,DELIVERED
SHP-00173,CUST-1064,BRSSZ,EGPSD,VSL-0025,2025-08-08 04:00:00,2025-08-13 04:00:00,2025-08-13 04:00:00,2025-09-14 04:00:00,2025-09-14 12:00:00,35,Apparel,-76.68,DELIVERED
SHP-01667,CUST-1216,ZADUR,GBFXT,VSL-0040,2025-01-25 18:00:00,2025-02-06 18:00:00,2025-02-08 07:00:00,2025-02-22 18:00:00,2025-02-25 13:00:00,34,Apparel,695.62,DELAYED
SHP-02218,CUST-1222,ZADUR,XXTST,VSL-0006,2025-07-14 10:00:00,2025-07-23 10:00:00,2025-07-23 07:00:00,2025-08-13 10:00:00,2025-08-13 09:00:00,38,Pharmaceuticals,627.8,DELIVERED
SHP-01426,CUST-1143,GBFXT,PKKAR,VSL-0013,2025-01-27 21:00:00,2025-02-03 21:00:00,2025-02-04 01:00:00,2025-03-04 21:00:00,2025-03-04 18:00:00,7,Pharmaceuticals,170.38,DELIVERED
SHP-02970,CUST-1195,MYPKG,NLRTM,VSL-0010,2025-01-21 01:00:00,2025-02-01 01:00:00,2025-01-31 21:00:00,2025-02-24 01:00:00,2025-02-23 17:00:00,9,Consumer Goods,1606.33,DELIVERED
SHP-03063,CUST-1190,INNSA,INMUN,VSL-0046,2025-03-29 04:00:00,2025-04-04 04:00:00,2025-04-04 18:00:00,2025-04-07 04:00:00,2025-04-09 10:00:00,33,Apparel,187.12,DELAYED
SHP-00678,CUST-1203,EGPSD,INNSA,VSL-0075,2024-06-27 07:00:00,2024-07-02 07:00:00,2024-07-02 22:00:00,2024-08-04 07:00:00,2024-08-05 04:00:00,10,Consumer Goods,1997.8,DELIVERED
SHP-03561,CUST-1116,BRSSZ,MYPKG,VSL-0042,2025-06-01 14:00:00,2025-06-15 14:00:00,2025-06-15 19:00:00,2025-07-02 14:00:00,2025-07-03 01:00:00,21,Chemicals,2729.57,DELIVERED
SHP-00919,CUST-1188,INNSA,JPYOK,VSL-0078,2025-05-08 15:00:00,2025-05-11 15:00:00,2025-05-11 12:00:00,2025-05-19 15:00:00,2025-05-19 20:00:00,38,Chemicals,376.99,DELIVERED
SHP-01461,CUST-1138,HKHKG,MYPKG,VSL-0024,2024-11-30 03:00:00,2024-12-08 03:00:00,2024-12-08 15:00:00,2024-12-17 03:00:00,2024-12-19 07:00:00,15,Automotive Parts,655.46,DELAYED
SHP-00166,CUST-1085,KRPUS,PKKAR,VSL-0045,2024-08-12 05:00:00,2024-08-16 05:00:00,2024-08-16 06:00:00,2024-08-22 05:00:00,2024-08-22 02:00:00,28,Apparel,538.17,DELIVERED
SHP-04737,CUST-1023,SGSIN,AEDXB,VSL-0053,2024-10-17 04:00:00,2024-10-24 04:00:00,,2024-11-26 04:00:00,,5,Chemicals,2216.78,CANCELLED
SHP-01231,CUST-1250,USLGB,INMUN,VSL-0080,2025-04-23 14:00:00,2025-04-29 14:00:00,2025-04-30 23:00:00,2025-05-20 14:00:00,2025-05-24 18:00:00,10,Furniture,599.82,DELAYED
SHP-01249,CUST-1129,JPYOK,INMUN,VSL-0073,2024-08-06 17:00:00,2024-08-09 17:00:00,2024-08-09 20:00:00,2024-08-17 17:00:00,2024-08-17 11:00:00,16,Pharmaceuticals,1099.88,DELIVERED
SHP-04963,CUST-1190,BEANR,USLAX,VSL-0017,2025-05-13 09:00:00,2025-05-27 09:00:00,2025-05-27 11:00:00,2025-06-29 09:00:00,2025-06-29 04:00:00,29,Machinery,2461.28,DELIVERED
SHP-03087,CUST-1129,EGPSD,USNYC,VSL-0001,2024-08-11 01:00:00,2024-08-22 01:00:00,2024-08-23 12:00:00,2024-09-26 01:00:00,2024-09-28 16:00:00,28,Apparel,1614.1,DELAYED
SHP-03431,CUST-1078,ESVLC,JPYOK,VSL-0048,2025-10-10 06:00:00,2025-10-17 06:00:00,,2025-11-04 06:00:00,,10,Chemicals,223.3,CANCELLED
SHP-00423,CUST-1001,HKHKG,AEDXB,VSL-0035,2025-08-28 10:00:00,2025-09-08 10:00:00,2025-09-11 09:00:00,2025-10-03 10:00:00,2025-10-06 18:00:00,18,Consumer Goods,2119.11,DELAYED
SHP-03572,CUST-1014,USNYC,INMUN,VSL-0066,2024-06-14 02:00:00,2024-06-19 02:00:00,2024-06-19 01:00:00,2024-07-22 02:00:00,2024-07-21 21:00:00,24,Furniture,2663.55,DELIVERED
SHP-03247,CUST-1215,INMUN,BRSSZ,VSL-0017,2024-08-11 13:00:00,2024-08-22 13:00:00,,2024-09-05 13:00:00,,15,Furniture,1756.74,N/A
SHP-02132,CUST-1004,JPYOK,BRSSZ,VSL-0054,2024-06-23 22:00:00,2024-06-30 22:00:00,2024-07-01 13:00:00,2024-07-19 22:00:00,2024-07-21 17:00:00,12,Furniture,1868.8,DELAYED
SHP-01107,CUST-1192,UNKNW,USSAV,VSL-0064,2025-05-16 23:00:00,2025-05-21 23:00:00,2025-05-22 05:00:00,2025-05-31 23:00:00,2025-05-31 16:00:00,36,Chemicals,2241.22,DELIVERED
SHP-04759,CUST-1190,NLRTM,CNNGB,VSL-0039,2025-04-28 11:00:00,2025-05-07 11:00:00,2025-05-07 12:00:00,2025-06-06 11:00:00,2025-06-06 13:00:00,21,FURNITURE,2743.11,DELIVERED
SHP-04429,CUST-1237,USLAX,BRSSZ,VSL-0071,2025-06-12 03:00:00,2025-06-19 03:00:00,2025-06-21 10:00:00,2025-06-29 03:00:00,2025-07-04 08:00:00,5,Chemicals,1686.74,DELAYED
SHP-02099,CUST-1223,ESVLC,GBFXT,VSL-0047,2025-03-15 17:00:00,2025-03-19 17:00:00,2025-03-19 19:00:00,2025-03-23 17:00:00,2025-03-24 04:00:00,10,Apparel,2684.1,DELIVERED
SHP-01929,CUST-1197,HKHKG,BEANR,VSL-0048,2025-08-10 20:00:00,2025-08-21 20:00:00,2025-08-24 10:00:00,2025-09-15 20:00:00,2025-09-19 03:00:00,19,Chemicals,2402.91,DELAYED
SHP-00135,CUST-1021,CNNGB,INNSA,VSL-0034,2024-07-20 05:00:00,2024-07-27 05:00:00,2024-07-27 04:00:00,2024-08-03 05:00:00,2024-08-03 05:00:00,28,Automotive Parts,1392.24,DELIVERED
SHP-03129,CUST-1019,AEDXB,ESVLC,VSL-0046,2025-04-06 01:00:00,2025-04-13 01:00:00,2025-04-14 07:00:00,2025-05-18 01:00:00,2025-05-21 05:00:00,18,Raw Materials,1323.75,DELAYED
SHP-00419,CUST-1236,JPYOK,CNSHA,VSL-0041,2025-07-26 21:00:00,2025-08-04 21:00:00,2025-08-04 19:00:00,2025-08-07 21:00:00,2025-08-07 22:00:00,34,Consumer Goods,2356.56,DELIVERED
SHP-00640,CUST-1075,NLRTM,MYPKG,VSL-0006,2025-03-30 00:00:00,2025-04-12 00:00:00,2025-04-12 06:00:00,2025-05-05 00:00:00,2025-05-05 08:00:00,15,Pharmaceuticals,568.04,DELIVERED
SHP-03332,CUST-1181,CNSHA,CNNGB,VSL-0004,2025-06-18 03:00:00,2025-06-26 03:00:00,2025-06-26 20:00:00,2025-07-03 03:00:00,2025-07-06 20:00:00,17,Raw Materials,1884.76,DELAYED
SHP-02550,CUST-1171,JPYOK,SGSIN,VSL-0061,2025-05-21 16:00:00,2025-06-01 16:00:00,2025-06-03 11:00:00,2025-06-07 16:00:00,2025-06-13 08:00:00,33,Furniture,1774.25,DELAYED
SHP-01124,CUST-1089,INMUN,USNYC,VSL-0042,2024-09-21 18:00:00,2024-09-27 18:00:00,2024-09-28 13:00:00,2024-10-25 18:00:00,2024-10-26 07:00:00,38,Food & Beverage,695.07,DELIVERED
SHP-03904,CUST-1053,SGSIN,CNSHA,VSL-0067,2025-01-21 20:00:00,2025-01-31 20:00:00,2025-01-31 19:00:00,2025-02-09 20:00:00,2025-02-10 04:00:00,12,Machinery,54.34,DELIVERED
SHP-04669,CUST-1220,CNNGB,USNYC,VSL-0025,2025-06-10 16:00:00,2025-06-14 16:00:00,2025-06-14 18:00:00,2025-07-15 16:00:00,2025-07-15 21:00:00,34,Food & Beverage,1384.75,DELIVERED
SHP-01892,CUST-1185,CNSHA,ESVLC,VSL-0064,2024-06-01 22:00:00,2024-06-10 22:00:00,2024-06-10 23:00:00,2024-06-29 22:00:00,2024-06-29 15:00:00,1,Furniture,468.35,DELIVERED
SHP-01243,CUST-1008,PKKAR,INNSA,VSL-0039,2025-10-12 20:00:00,2025-10-18 20:00:00,2025-10-19 14:00:00,2025-10-28 20:00:00,2025-11-02 07:00:00,21,Furniture,147.29,DELAYED
SHP-01360,CUST-1022,BRSSZ,USSAV,VSL-0030,2025-02-22 10:00:00,2025-03-07 10:00:00,2025-03-07 12:00:00,2025-03-11 10:00:00,2025-03-11 14:00:00,2,Electronics,228.16,DELIVERED
SHP-00881,CUST-1012,DEHAM,KRPUS,VSL-0019,2024-09-17 04:00:00,2024-09-28 04:00:00,2024-09-29 01:00:00,2024-11-02 04:00:00,2024-11-06 20:00:00,2,Electronics,2224.32,DELAYED
SHP-04464,CUST-1048,HKHKG,KRPUS,VSL-0048,2025-07-24 02:00:00,2025-07-31 02:00:00,2025-07-31 02:00:00,2025-08-09 02:00:00,2025-08-08 23:00:00,25,Raw Materials,801.43,DELIVERED
SHP-00149,CUST-1193,EGPSD,USNYC,VSL-0079,2024-06-05 17:00:00,2024-06-17 17:00:00,,2024-07-09 17:00:00,,6,Raw Materials,2437.94,CANCELLED
SHP-02351,CUST-1218,NLRTM,MYPKG,VSL-0030,2024-08-15 04:00:00,2024-08-25 04:00:00,,2024-09-21 04:00:00,,6,Pharmaceuticals,2034.57,CANCELLED
SHP-04175,CUST-1230,DEHAM,HKHKG,VSL-0037,2025-07-08 22:00:00,2025-07-19 22:00:00,2025-07-20 09:00:00,2025-08-16 22:00:00,2025-08-20 15:00:00,9,Machinery,2784.41,DELAYED
SHP-00836,CUST-1203,AEDXB,DEHAM,VSL-0070,2024-07-02 14:00:00,2024-07-12 14:00:00,2024-07-12 11:00:00,2024-08-12 14:00:00,2024-08-12 23:00:00,17,Food & Beverage,431.41,DELIVERED
SHP-01061,CUST-1048,XXTST,NLRTM,VSL-0024,2025-01-14 23:00:00,2025-01-18 23:00:00,2025-01-21 18:00:00,2025-01-24 23:00:00,2025-01-29 05:00:00,40,Electronics,1014.58,DELAYED
SHP-03300,CUST-1177,USNYC,ZADUR,VSL-0066,2024-11-05 04:00:00,2024-11-16 04:00:00,,2024-12-18 04:00:00,,25,Consumer Goods,2145.93,CANCELLED
SHP-01386,CUST-1245,PKKAR,INNSA,VSL-0012,2024-09-10 04:00:00,2024-09-16 04:00:00,2024-09-16 02:00:00,2024-09-19 04:00:00,2024-09-19 01:00:00,18,Automotive Parts,450.87,DELIVERED
SHP-03759,CUST-1118,CNNGB,HKHKG,VSL-0066,2025-07-09 20:00:00,2025-07-16 20:00:00,2025-07-17 00:00:00,2025-07-23 20:00:00,2025-07-26 12:00:00,13,Automotive Parts,,DELAYED
SHP-02536,CUST-1157,THBKK,ESVLC,VSL-0060,2024-07-31 01:00:00,2024-08-10 01:00:00,2024-08-10 04:00:00,2024-09-02 01:00:00,2024-09-01 23:00:00,13,Food & Beverage,2237.96,DELIVERED
SHP-00043,CUST-1166,INMUN,USSAV,VSL-0037,2024-12-21 05:00:00,2025-01-03 05:00:00,2025-01-05 21:00:00,2025-01-17 05:00:00,2025-01-23 13:00:00,23,Consumer Goods,1855.09,DELAYED
SHP-00083,CUST-1082,KRPUS,NLRTM,VSL-0073,2025-09-05 11:00:00,2025-09-17 11:00:00,2025-09-20 01:00:00,2025-10-13 11:00:00,2025-10-16 03:00:00,10,Raw Materials,1005.94,DELAYED
SHP-01854,CUST-1121,BRSSZ,ZADUR,VSL-0056,2025-01-17 16:00:00,2025-01-24 16:00:00,2025-01-24 15:00:00,2025-02-28 16:00:00,2025-02-28 13:00:00,11,Food & Beverage,,DELIVERED
SHP-00317,CUST-1009,ZADUR,INNSA,VSL-0077,2024-08-08 23:00:00,2024-08-16 23:00:00,2024-08-17 06:00:00,2024-09-06 23:00:00,2024-09-11 06:00:00,27,Furniture,289.37,DELAYED
SHP-03695,CUST-1005,KRPUS,HKHKG,VSL-0078,2024-09-27 09:00:00,2024-10-06 09:00:00,2024-10-06 12:00:00,2024-10-14 09:00:00,2024-10-14 19:00:00,22,Automotive Parts,2676.67,DELIVERED
SHP-03886,CUST-1203,MYPKG,HKHKG,VSL-0045,2024-12-03 12:00:00,2024-12-15 12:00:00,2024-12-18 02:00:00,2024-12-25 12:00:00,2024-12-27 23:00:00,28,Electronics,2589.04,DELAYED
SHP-03926,CUST-1149,USLAX,HKHKG,VSL-0034,2025-03-19 15:00:00,2025-04-01 15:00:00,2025-04-02 17:00:00,2025-04-27 15:00:00,2025-04-28 14:00:00,29,Food & Beverage,2292.67,DELIVERED
SHP-04460,CUST-1132,INNSA,USSAV,VSL-0011,2025-03-05 22:00:00,2025-03-09 22:00:00,2025-03-10 12:00:00,2025-04-01 22:00:00,2025-04-06 05:00:00,18,Machinery,2238.7,DELAYED
SHP-04918,CUST-1187,CNSZX,USLAX,VSL-0067,2025-04-20 10:00:00,2025-04-24 10:00:00,2025-04-26 00:00:00,2025-05-25 10:00:00,2025-05-30 15:00:00,22,FURNITURE,889.83,DELAYED
SHP-04054,CUST-1181,BRSSZ,CNSHA,VSL-0072,2025-02-04 16:00:00,2025-02-17 16:00:00,2025-02-18 16:00:00,2025-03-12 16:00:00,2025-03-16 18:00:00,24,Food & Beverage,2722.5,DELAYED
SHP-00720,CUST-1145,KRPUS,USLGB,VSL-0058,2025-08-30 09:00:00,2025-09-03 09:00:00,2025-09-04 10:00:00,2025-09-21 09:00:00,2025-09-22 23:00:00,10,Apparel,1522.14,DELAYED
SHP-01293,CUST-1154,SGSIN,DEHAM,VSL-0011,2025-02-10 15:00:00,2025-02-16 15:00:00,2025-02-16 16:00:00,2025-03-20 15:00:00,2025-03-21 03:00:00,20,Apparel,625.98,DELIVERED
SHP-04546,CUST-1058,PKKAR,DEHAM,VSL-0076,2025-05-11 21:00:00,2025-05-15 21:00:00,2025-05-15 17:00:00,2025-06-08 21:00:00,2025-06-09 00:00:00,22,food & beverage,2026.99,DELIVERED
SHP-00105,CUST-1060,CNSZX,USLGB,VSL-0007,2025-09-19 22:00:00,2025-10-02 22:00:00,2025-10-03 21:00:00,2025-11-06 22:00:00,2025-11-10 22:00:00,14,Apparel,2407.32,DELAYED
SHP-01164,CUST-1153,MYPKG,DEHAM,VSL-0033,2025-09-15 23:00:00,2025-09-20 23:00:00,2025-09-23 17:00:00,2025-10-25 23:00:00,2025-10-30 00:00:00,7,Pharmaceuticals,2385.62,DELAYED
SHP-02590,CUST-1224,SGSIN,HKHKG,VSL-0032,2024-07-11 20:00:00,2024-07-24 20:00:00,2024-07-26 13:00:00,2024-08-03 20:00:00,2024-08-06 16:00:00,31,Pharmaceuticals,2704.88,DELAYED
SHP-01399,CUST-1189,DEHAM,KRPUS,VSL-0074,2025-03-10 23:00:00,2025-03-24 23:00:00,2025-03-25 01:00:00,2025-04-19 23:00:00,2025-04-19 17:00:00,32,Chemicals,884.0,DELIVERED
SHP-00481,CUST-1216,INMUN,ZADUR,VSL-0068,2025-07-26 21:00:00,2025-08-08 21:00:00,2025-08-08 21:00:00,2025-08-31 21:00:00,2025-09-01 06:00:00,6,Pharmaceuticals,1680.14,DELIVERED
SHP-02041,CUST-1209,CNSZX,BEANR,VSL-0032,2024-08-09 18:00:00,2024-08-15 18:00:00,2024-08-17 00:00:00,2024-09-11 18:00:00,2024-09-13 10:00:00,11,Food & Beverage,599.17,DELAYED
SHP-03597,CUST-1068,HKHKG,NLRTM,VSL-0028,2025-03-20 20:00:00,2025-03-29 20:00:00,2025-03-31 10:00:00,2025-04-17 20:00:00,2025-04-19 07:00:00,16,Apparel,2726.72,DELAYED
SHP-03718,CUST-1186,THBKK,USLAX,VSL-0042,2025-06-18 22:00:00,2025-06-28 22:00:00,2025-06-29 19:00:00,2025-07-16 22:00:00,2025-07-21 01:00:00,35,Pharmaceuticals,898.49,DELAYED
SHP-02995,CUST-1179,DEHAM,SGSIN,VSL-0026,2025-03-24 19:00:00,2025-04-04 19:00:00,2025-04-07 18:00:00,2025-05-06 19:00:00,2025-05-12 17:00:00,39,Furniture,1484.13,DELAYED
SHP-03952,CUST-1065,USLAX,USSAV,VSL-0038,2025-04-22 16:00:00,2025-04-28 16:00:00,2025-04-28 16:00:00,2025-05-04 16:00:00,2025-05-04 15:00:00,13,Electronics,500.04,DELIVERED
SHP-01627,CUST-1080,CNNGB,USSAV,VSL-0005,2025-06-12 04:00:00,2025-06-18 04:00:00,2025-06-18 04:00:00,2025-07-10 04:00:00,2025-07-10 00:00:00,26,Apparel,2398.63,DELIVERED
SHP-04086,CUST-1247,CNSZX,KRPUS,VSL-0080,2024-09-27 06:00:00,2024-10-05 06:00:00,2024-10-07 18:00:00,2024-10-14 06:00:00,2024-10-17 22:00:00,24,Automotive Parts,647.77,DELAYED
SHP-00228,CUST-1089,NLRTM,EGPSD,VSL-0078,2025-08-20 09:00:00,2025-08-31 09:00:00,2025-08-31 10:00:00,2025-10-02 09:00:00,2025-10-02 11:00:00,36,Automotive Parts,184.58,DELIVERED
SHP-01301,CUST-1062,MYPKG,USSAV,VSL-0009,2025-09-03 01:00:00,2025-09-17 01:00:00,2025-09-19 19:00:00,2025-10-03 01:00:00,2025-10-08 07:00:00,4,Food & Beverage,2283.53,DELAYED
SHP-01762,CUST-1233,JPYOK,USLGB,VSL-0019,2024-08-06 10:00:00,2024-08-11 10:00:00,2024-08-11 15:00:00,2024-09-11 10:00:00,2024-09-11 12:00:00,30,Chemicals,1160.63,DELIVERED
SHP-01724,CUST-1175,ESVLC,CNSZX,VSL-0029,2025-09-27 08:00:00,2025-10-02 08:00:00,2025-10-02 05:00:00,2025-10-23 08:00:00,2025-10-23 15:00:00,20,Chemicals,957.53,DELIVERED
SHP-03737,CUST-1015,KRPUS,INMUN,VSL-0069,2025-04-16 17:00:00,2025-04-22 17:00:00,2025-04-23 06:00:00,2025-04-28 17:00:00,2025-04-30 10:00:00,39,,2477.91,DELAYED
SHP-01545,CUST-1011,CNSHA,ESVLC,VSL-0061,2024-12-06 06:00:00,2024-12-20 06:00:00,2024-12-20 05:00:00,2025-01-17 06:00:00,2025-01-17 09:00:00,5,Chemicals,351.96,DELIVERED
SHP-00672,CUST-1096,INNSA,AEDXB,VSL-0060,2025-03-01 08:00:00,2025-03-14 08:00:00,,2025-03-28 08:00:00,,33,Apparel,2785.02,CANCELLED
SHP-03908,CUST-1073,DEHAM,HKHKG,VSL-0052,2025-01-22 11:00:00,2025-02-01 11:00:00,2025-02-02 15:00:00,2025-02-22 11:00:00,2025-02-25 07:00:00,28,Electronics,384.84,DELAYED
SHP-04090,CUST-1083,PKKAR,BRSSZ,VSL-0055,2025-02-01 23:00:00,2025-02-04 23:00:00,2025-02-07 01:00:00,2025-03-10 23:00:00,2025-03-14 01:00:00,9,Chemicals,2036.47,DELAYED
SHP-00344,CUST-1209,INMUN,USNYC,VSL-0051,2025-04-25 00:00:00,2025-04-29 00:00:00,2025-05-01 14:00:00,2025-06-03 00:00:00,2025-06-06 16:00:00,21,Raw Materials,1061.68,DELAYED
SHP-00373,CUST-1069,CNSHA,AEDXB,VSL-0056,2025-02-15 14:00:00,2025-02-25 14:00:00,2025-02-26 06:00:00,2025-03-30 14:00:00,2025-04-02 16:00:00,16,FURNITURE,2369.02,DELAYED
SHP-00742,CUST-1158,CNNGB,KRPUS,VSL-0073,2025-02-15 05:00:00,2025-02-24 05:00:00,2025-02-24 03:00:00,2025-03-05 05:00:00,2025-03-05 11:00:00,32,Furniture,2511.31,DELIVERED
SHP-00273,CUST-1201,HKHKG,NLRTM,VSL-0036,2025-08-11 15:00:00,2025-08-18 15:00:00,2025-08-18 19:00:00,2025-09-05 15:00:00,2025-09-05 18:00:00,12,Consumer Goods,1648.64,DELIVERED
SHP-03154,CUST-1167,USLGB,CNNGB,VSL-0009,2024-10-18 21:00:00,2024-10-28 21:00:00,2024-10-28 22:00:00,2024-11-20 21:00:00,2024-11-21 07:00:00,928,Machinery,787.48,DELIVERED
SHP-04498,CUST-1159,MYPKG,AEDXB,VSL-0079,2025-10-06 01:00:00,2025-10-20 01:00:00,2025-10-20 05:00:00,2025-11-19 01:00:00,2025-11-19 03:00:00,34,Food & Beverage,534.27,DELIVERED
SHP-03841,CUST-1198,USLAX,GBFXT,VSL-0006,2025-05-29 10:00:00,2025-06-12 10:00:00,2025-06-15 01:00:00,2025-07-08 10:00:00,2025-07-13 20:00:00,39,Food & Beverage,701.57,DELAYED
SHP-01233,CUST-1222,CNNGB,BEANR,VSL-0069,2025-06-23 07:00:00,2025-06-29 07:00:00,2025-06-30 04:00:00,2025-07-22 07:00:00,2025-07-25 09:00:00,6,Electronics,1049.93,DELAYED
SHP-01857,CUST-1153,BEANR,EGPSD,VSL-0052,2025-06-09 03:00:00,2025-06-15 03:00:00,2025-06-15 07:00:00,2025-07-18 03:00:00,2025-07-18 06:00:00,12,Raw Materials,1937.23,DELIVERED
SHP-03076,CUST-1038,INMUN,GBFXT,VSL-0075,2025-06-03 05:00:00,2025-06-15 05:00:00,2025-06-15 09:00:00,2025-07-03 05:00:00,2025-07-03 13:00:00,17,Electronics,1085.85,DELIVERED
SHP-04129,CUST-1215,ZADUR,SGSIN,VSL-0039,2024-10-05 14:00:00,2024-10-10 14:00:00,2024-10-11 11:00:00,2024-11-12 14:00:00,2024-11-14 11:00:00,25,Furniture,2225.96,DELAYED
SHP-04718,CUST-1079,JPYOK,CNSZX,VSL-0064,2025-08-29 20:00:00,2025-09-10 20:00:00,2025-09-11 08:00:00,2025-09-14 20:00:00,2025-09-15 19:00:00,16,Raw Materials,618.6,DELIVERED
SHP-04691,CUST-1238,MYPKG,EGPSD,VSL-0017,2025-10-01 20:00:00,2025-10-06 20:00:00,2025-10-08 13:00:00,2025-10-28 20:00:00,2025-11-01 07:00:00,0,Apparel,1470.95,DELAYED
SHP-01753,CUST-1182,MYPKG,PKKAR,VSL-0070,2025-10-01 04:00:00,2025-10-07 04:00:00,2025-10-10 02:00:00,2025-10-10 04:00:00,2025-10-13 19:00:00,27,Raw Materials,1841.99,DELAYED
SHP-04359,CUST-1036,JPYOK,DEHAM,VSL-0080,2024-09-26 01:00:00,2024-10-02 01:00:00,2024-10-04 20:00:00,2024-11-03 01:00:00,2024-11-05 17:00:00,11,Pharmaceuticals,921.34,DELAYED
SHP-04695,CUST-1163,INMUN,NLRTM,VSL-0039,2024-11-19 07:00:00,2024-11-28 07:00:00,2024-11-28 13:00:00,2024-12-19 07:00:00,2024-12-19 02:00:00,22,Furniture,471.5,DELIVERED
SHP-01865,CUST-1150,BEANR,MYPKG,VSL-0011,2024-06-22 21:00:00,2024-07-02 21:00:00,2024-07-05 11:00:00,2024-07-31 21:00:00,2024-08-03 17:00:00,15,Electronics,719.66,DELAYED
SHP-03140,CUST-1124,INNSA,BRSSZ,VSL-0025,2024-06-30 04:00:00,2024-07-04 04:00:00,2024-07-06 07:00:00,2024-07-26 04:00:00,2024-07-31 23:00:00,16,Apparel,1371.51,DELAYED
SHP-04544,CUST-1133,JPYOK,HKHKG,VSL-0077,2025-02-23 18:00:00,2025-02-27 18:00:00,2025-02-28 06:00:00,2025-03-07 18:00:00,2025-03-11 15:00:00,36,machinery ,888.9,DELAYED
SHP-01414,CUST-1001,INNSA,CNSZX,VSL-0066,2025-02-11 02:00:00,2025-02-20 02:00:00,2025-02-20 08:00:00,2025-02-28 02:00:00,2025-02-28 05:00:00,24,Apparel,2074.54,DELIVERED
SHP-02842,CUST-1059,ZADUR,BEANR,VSL-0016,2024-11-11 14:00:00,2024-11-21 14:00:00,2024-11-21 17:00:00,2024-12-24 14:00:00,2024-12-26 09:00:00,19,Machinery,2284.47,DELAYED
SHP-01468,CUST-1119,MYPKG,AEDXB,VSL-0046,2025-02-05 15:00:00,2025-02-15 15:00:00,2025-02-15 14:00:00,2025-03-04 15:00:00,2025-03-04 08:00:00,40,Apparel,201.52,DELIVERED
SHP-04332,CUST-1235,EGPSD,HKHKG,VSL-0032,2024-07-17 23:00:00,2024-07-21 23:00:00,2024-07-21 23:00:00,2024-08-25 23:00:00,2024-08-26 10:00:00,11,Pharmaceuticals,369.28,DELIVERED
SHP-01557,CUST-1038,GBFXT,BRSSZ,VSL-0077,2025-08-01 03:00:00,2025-08-12 03:00:00,2025-08-12 15:00:00,2025-09-06 03:00:00,2025-09-06 09:00:00,38,Raw Materials,2256.75,DELIVERED
SHP-03947,CUST-1085,INMUN,BEANR,VSL-0046,2024-06-21 17:00:00,2024-07-05 17:00:00,2024-07-05 19:00:00,2024-08-06 17:00:00,2024-08-07 00:00:00,13,Electronics,1912.98,DELIVERED
SHP-03098,CUST-1172,ZADUR,CNSZX,VSL-0013,2025-03-06 09:00:00,2025-03-16 09:00:00,2025-03-16 11:00:00,2025-04-13 09:00:00,2025-04-15 22:00:00,19,Furniture,972.06,DELAYED
SHP-01033,CUST-1239,HKHKG,EGPSD,VSL-0061,2024-07-16 07:00:00,2024-07-25 07:00:00,2024-07-25 16:00:00,2024-08-22 07:00:00,2024-08-26 12:00:00,37,Raw Materials,1552.7,DELAYED
SHP-02237,CUST-1158,HKHKG,INNSA,VSL-0024,2024-07-15 19:00:00,2024-07-22 19:00:00,2024-07-22 22:00:00,2024-07-31 19:00:00,2024-08-01 04:00:00,27,Furniture,203.76,DELIVERED
SHP-02212,CUST-1155,CNSZX,THBKK,VSL-0006,2024-06-30 04:00:00,2024-07-04 04:00:00,2024-07-05 22:00:00,2024-07-11 04:00:00,2024-07-16 14:00:00,29,Pharmaceuticals,204.9,DELAYED
SHP-03921,CUST-1193,USSAV,JPYOK,VSL-0073,2025-10-05 01:00:00,2025-10-18 01:00:00,2025-10-18 00:00:00,2025-11-04 01:00:00,2025-11-04 00:00:00,15,Pharmaceuticals,777.98,DELIVERED
SHP-00495,CUST-1247,ESVLC,EGPSD,VSL-0001,2024-10-14 03:00:00,2024-10-27 03:00:00,2024-10-28 16:00:00,2024-11-27 03:00:00,2024-12-01 13:00:00,39,Machinery,1905.03,DELAYED
SHP-04734,CUST-1243,USSAV,USLGB,VSL-0013,2024-08-19 22:00:00,2024-08-22 22:00:00,2024-08-23 10:00:00,2024-08-26 22:00:00,2024-08-30 15:00:00,26,Pharmaceuticals,240.12,DELAYED
SHP-04120,CUST-1199,AEDXB,CNNGB,VSL-0076,2024-11-17 20:00:00,2024-11-26 20:00:00,2024-11-26 16:00:00,2024-12-17 20:00:00,2024-12-18 00:00:00,4,Chemicals,2080.74,DELIVERED
SHP-02270,CUST-1155,USLGB,MYPKG,VSL-0007,2025-06-25 05:00:00,2025-07-07 05:00:00,2025-07-07 04:00:00,2025-07-30 05:00:00,2025-07-30 11:00:00,26,Chemicals,359.39,DELIVERED
SHP-03398,CUST-1014,USLAX,CNNGB,VSL-0032,2025-05-21 18:00:00,2025-06-01 18:00:00,2025-06-04 15:00:00,2025-07-02 18:00:00,2025-07-05 17:00:00,3,Automotive Parts,2510.07,DELAYED
SHP-04334,CUST-1030,INNSA,CNSZX,VSL-0070,2025-01-03 03:00:00,2025-01-07 03:00:00,2025-01-07 06:00:00,2025-01-12 03:00:00,2025-01-12 07:00:00,22,Consumer Goods,1693.31,DELIVERED
SHP-03266,CUST-1233,THBKK,USLGB,VSL-0052,2024-07-16 14:00:00,2024-07-29 14:00:00,2024-07-29 18:00:00,2024-08-13 14:00:00,2024-08-13 18:00:00,30,Automotive Parts,1846.69,DELIVERED
SHP-03582,CUST-1127,USNYC,AEDXB,VSL-0021,2024-10-13 18:00:00,2024-10-22 18:00:00,2024-10-22 17:00:00,2024-11-13 18:00:00,2024-11-13 12:00:00,16,Furniture,1641.24,DELIVERED
SHP-04756,CUST-1117,AEDXB,USNYC,VSL-0004,2024-12-02 01:00:00,2024-12-13 01:00:00,2024-12-13 05:00:00,2024-12-31 01:00:00,2024-12-30 21:00:00,36,Machinery,148.3,DELIVERED
SHP-01987,CUST-1219,INMUN,JPYOK,VSL-0048,2025-05-12 10:00:00,2025-05-25 10:00:00,2025-05-26 12:00:00,2025-05-28 10:00:00,2025-05-31 22:00:00,10,Apparel,2010.59,DELAYED
SHP-04822,CUST-1071,CNSZX,PKKAR,VSL-0039,2024-07-25 07:00:00,2024-07-29 07:00:00,2024-07-30 15:00:00,2024-08-03 07:00:00,2024-08-05 17:00:00,15,Automotive Parts,571.74,DELAYED
SHP-01837,CUST-1137,THBKK,NLRTM,VSL-0036,2024-10-07 13:00:00,2024-10-16 13:00:00,,2024-10-31 13:00:00,,1,Chemicals,2429.83,COMPLETED
SHP-01900,CUST-1243,GBFXT,EGPSD,VSL-0023,2024-07-31 15:00:00,2024-08-10 15:00:00,2024-08-10 11:00:00,2024-09-04 15:00:00,2024-09-05 00:00:00,13,Raw Materials,1858.81,DELIVERED
SHP-00809,CUST-1188,HKHKG,CNSZX,VSL-0014,2024-08-28 06:00:00,2024-09-03 06:00:00,2024-09-03 02:00:00,2024-09-06 06:00:00,2024-09-06 05:00:00,13,Consumer Goods,1599.88,DELIVERED
SHP-00235,CUST-1217,HKHKG,ZADUR,VSL-0056,2024-07-22 05:00:00,2024-07-27 05:00:00,2024-07-28 08:00:00,2024-08-29 05:00:00,2024-09-01 09:00:00,10,Apparel,1360.05,DELAYED
SHP-04291,CUST-1068,USLAX,EGPSD,VSL-0019,2025-03-22 03:00:00,2025-03-31 03:00:00,2025-04-01 19:00:00,2025-04-19 03:00:00,2025-04-21 21:00:00,14,Pharmaceuticals,2448.02,DELAYED
SHP-01681,CUST-1216,INNSA,ZADUR,VSL-0076,2024-12-03 00:00:00,2024-12-10 00:00:00,2024-12-10 06:00:00,2024-12-26 00:00:00,2024-12-26 11:00:00,17,Machinery,1928.81,DELIVERED
SHP-04654,CUST-1111,INNSA,CNSHA,VSL-0018,2025-08-07 01:00:00,2025-08-16 01:00:00,,2025-08-25 01:00:00,,34,Apparel,88.19,CANCELLED
SHP-03879,CUST-1095,USSAV,JPYOK,VSL-0073,2025-01-04 22:00:00,2025-01-10 22:00:00,2025-01-13 12:00:00,2025-01-25 22:00:00,2025-01-30 21:00:00,3,Furniture,1570.27,DELAYED
SHP-04532,CUST-1133,BRSSZ,ESVLC,VSL-0015,2025-08-04 13:00:00,2025-08-13 13:00:00,,2025-08-30 13:00:00,,19,Chemicals,1746.42,CANCELLED
SHP-03663,CUST-1178,EGPSD,MYPKG,VSL-0003,2025-02-09 20:00:00,2025-02-22 20:00:00,2025-02-24 06:00:00,2025-03-23 20:00:00,2025-03-25 05:00:00,13,Consumer Goods,2130.08,DELAYED
SHP-04743,CUST-1059,DEHAM,ZADUR,VSL-0011,2024-06-19 05:00:00,2024-06-29 05:00:00,2024-06-30 22:00:00,2024-08-01 05:00:00,2024-08-05 07:00:00,27,Machinery,2452.76,DELAYED
SHP-04596,CUST-1016,ZADUR,HKHKG,VSL-0030,2025-06-28 11:00:00,2025-07-12 11:00:00,2025-07-12 09:00:00,2025-08-13 11:00:00,2025-08-13 22:00:00,14,Raw Materials,2677.24,DELIVERED
SHP-01509,CUST-1000,KRPUS,ZADUR,VSL-0049,2025-03-09 21:00:00,2025-03-22 21:00:00,2025-03-23 14:00:00,2025-04-23 21:00:00,2025-04-26 06:00:00,13,Food & Beverage,1841.96,DELAYED
SHP-04930,CUST-1050,HKHKG,PKKAR,VSL-0039,2025-03-13 03:00:00,2025-03-17 03:00:00,,2025-03-24 03:00:00,,9,Consumer Goods,117.38,CANCELLED
SHP-01114,CUST-1126,KRPUS,INNSA,VSL-0014,2025-10-08 22:00:00,2025-10-19 22:00:00,2025-10-22 14:00:00,2025-10-23 22:00:00,2025-10-30 01:00:00,16,Pharmaceuticals,1273.83,DELAYED
SHP-03244,CUST-1007,MYPKG,ESVLC,VSL-0067,2025-05-31 10:00:00,2025-06-08 10:00:00,2025-06-08 13:00:00,2025-06-29 10:00:00,2025-07-01 13:00:00,21,Chemicals,1850.59,DELAYED
SHP-03395,CUST-1163,KRPUS,USLAX,VSL-0007,2024-10-08 02:00:00,2024-10-19 02:00:00,2024-10-19 01:00:00,2024-11-20 02:00:00,2024-11-20 05:00:00,10,Pharmaceuticals,1653.16,DELIVERED
SHP-04101,CUST-1015,BEANR,BRSSZ,VSL-0012,2025-01-22 10:00:00,2025-02-02 10:00:00,2025-02-04 07:00:00,2025-02-24 10:00:00,2025-03-02 02:00:00,13,Raw Materials,340.38,DELAYED
SHP-04289,CUST-1077,INMUN,AEDXB,VSL-0001,2025-09-05 03:00:00,2025-09-14 03:00:00,2025-09-14 01:00:00,2025-10-08 03:00:00,2025-10-08 13:00:00,34,Machinery,1724.6,DELIVERED
SHP-00408,CUST-1030,HKHKG,THBKK,VSL-0033,2025-04-27 00:00:00,2025-05-04 00:00:00,2025-05-06 22:00:00,2025-05-12 00:00:00,2025-05-18 09:00:00,12,Apparel,1241.19,DELAYED
SHP-03742,CUST-1087,MYPKG,CNNGB,VSL-0005,2025-03-26 09:00:00,2025-04-09 09:00:00,2025-04-09 07:00:00,2025-04-16 09:00:00,2025-04-16 04:00:00,0,Machinery,2519.08,DELIVERED
SHP-01134,CUST-1184,ESVLC,INNSA,VSL-0014,2025-07-04 21:00:00,2025-07-08 21:00:00,2025-07-09 02:00:00,2025-08-07 21:00:00,2025-08-07 22:00:00,30,Chemicals,1051.87,DELIVERED
SHP-02086,CUST-1233,CNSZX,MYPKG,VSL-0066,2024-12-25 13:00:00,2024-12-28 13:00:00,2024-12-28 17:00:00,2024-12-31 13:00:00,2024-12-31 16:00:00,27,Pharmaceuticals,2353.76,DELIVERED
SHP-00353,CUST-1242,ESVLC,SGSIN,VSL-0070,2025-04-28 07:00:00,2025-05-08 07:00:00,2025-05-11 00:00:00,2025-06-03 07:00:00,2025-06-09 20:00:00,3,Furniture,1086.98,DELAYED
SHP-02671,CUST-1014,JPYOK,USLAX,VSL-0031,2025-06-09 21:00:00,2025-06-19 21:00:00,2025-06-21 16:00:00,2025-07-22 21:00:00,2025-07-24 14:00:00,3,Automotive Parts,1202.68,DELAYED
SHP-00811,CUST-1202,MYPKG,USNYC,VSL-0023,2024-08-10 04:00:00,2024-08-13 04:00:00,,2024-09-04 04:00:00,,35,Electronics,1317.99,
SHP-03894,CUST-1214,ZADUR,HKHKG,VSL-0043,2025-07-06 23:00:00,2025-07-17 23:00:00,2025-07-18 02:00:00,2025-08-10 23:00:00,2025-08-10 15:00:00,37,Food & Beverage,98.17,DELIVERED
SHP-00659,CUST-1082,CNSZX,USSAV,VSL-0054,2025-06-19 08:00:00,2025-06-30 08:00:00,2025-06-30 08:00:00,2025-08-03 08:00:00,2025-08-03 05:00:00,23,Food & Beverage,354.8,DELIVERED
SHP-01298,CUST-1161,PKKAR,BEANR,VSL-0038,2024-11-05 05:00:00,2024-11-15 05:00:00,2024-11-15 17:00:00,2024-12-15 05:00:00,2024-12-17 06:00:00,20,Automotive Parts,618.2,DELAYED
SHP-03259,CUST-1114,NLRTM,INMUN,VSL-0017,2024-08-16 12:00:00,2024-08-25 12:00:00,2024-08-25 12:00:00,2024-09-27 12:00:00,2024-09-27 22:00:00,34,Electronics,505.7,DELIVERED
SHP-00941,CUST-1154,INNSA,PKKAR,VSL-0067,2025-02-04 05:00:00,2025-02-16 05:00:00,2025-02-16 04:00:00,2025-02-21 05:00:00,2025-02-21 15:00:00,18,Furniture,1358.93,DELIVERED
SHP-02202,CUST-1051,CNSZX,USLAX,VSL-0070,2025-01-13 07:00:00,2025-01-22 07:00:00,2025-01-22 12:00:00,2025-02-05 07:00:00,2025-02-05 19:00:00,30,Apparel,1357.93,DELIVERED
SHP-00185,CUST-1089,INMUN,USLAX,VSL-0056,2024-12-28 18:00:00,2025-01-03 18:00:00,2025-01-03 16:00:00,2025-02-02 18:00:00,2025-02-03 06:00:00,16,Machinery,1341.17,DELIVERED
SHP-02045,CUST-1163,INNSA,ZADUR,VSL-0053,2024-08-16 21:00:00,2024-08-21 21:00:00,2024-08-21 20:00:00,2024-09-08 21:00:00,2024-09-09 04:00:00,33,Automotive Parts,1191.11,DELIVERED
SHP-02098,CUST-1009,MYPKG,USNYC,VSL-0053,2024-12-22 07:00:00,2024-12-31 07:00:00,2025-01-01 14:00:00,2025-01-31 07:00:00,2025-02-03 21:00:00,37,Chemicals,2253.54,DELAYED
SHP-04917,CUST-1115,EGPSD,SGSIN,VSL-0001,2024-11-30 20:00:00,2024-12-09 20:00:00,2024-12-12 20:00:00,2025-01-13 20:00:00,2025-01-20 19:00:00,4,Machinery,2525.99,DELAYED
SHP-00927,CUST-1072,EGPSD,ZADUR,VSL-0076,2025-05-09 23:00:00,2025-05-14 23:00:00,2025-05-15 03:00:00,2025-05-23 23:00:00,2025-05-24 07:00:00,9,Automotive Parts,2176.6,DELIVERED
SHP-01299,CUST-1110,DEHAM,BEANR,VSL-0067,2025-05-23 09:00:00,2025-06-04 09:00:00,2025-06-04 06:00:00,2025-06-09 09:00:00,2025-06-09 01:00:00,5,Raw Materials,1137.38,DELIVERED
SHP-02280,CUST-1111,CNSZX,CNNGB,VSL-0041,2024-12-07 12:00:00,2024-12-14 12:00:00,2024-12-15 02:00:00,2024-12-22 12:00:00,2024-12-24 19:00:00,14,Consumer Goods,2534.53,DELAYED
SHP-01537,CUST-1034,THBKK,USLGB,VSL-0052,2024-06-15 02:00:00,2024-06-28 02:00:00,2024-06-28 00:00:00,2024-07-22 02:00:00,2024-07-22 01:00:00,27,Electronics,306.25,DELIVERED
SHP-01003,CUST-1071,CNSHA,KRPUS,VSL-0029,2024-12-22 18:00:00,2025-01-05 18:00:00,2025-01-05 18:00:00,2025-01-13 18:00:00,2025-01-13 18:00:00,21,Raw Materials,559.04,DELIVERED
SHP-00055,CUST-1113,PKKAR,KRPUS,VSL-0012,2025-01-16 04:00:00,2025-01-30 04:00:00,2025-02-01 04:00:00,2025-02-05 04:00:00,2025-02-10 14:00:00,28,FURNITURE,1914.43,DELAYED
SHP-00963,CUST-1132,EGPSD,SGSIN,VSL-0078,2024-09-28 11:00:00,2024-10-11 11:00:00,2024-10-12 21:00:00,2024-10-31 11:00:00,2024-11-04 16:00:00,12,Electronics,301.77,DELAYED
SHP-04221,CUST-1101,HKHKG,BRSSZ,VSL-0057,2025-03-03 23:00:00,2025-03-17 23:00:00,2025-03-20 08:00:00,2025-04-17 23:00:00,2025-04-20 05:00:00,22,Raw Materials,2384.32,DELAYED
SHP-04415,CUST-1226,SGSIN,USLGB,VSL-0073,2025-04-10 01:00:00,2025-04-22 01:00:00,2025-04-09 10:00:00,2025-05-09 01:00:00,2025-05-08 19:00:00,28,Furniture,2707.26,DELIVERED
SHP-04010,CUST-1111,USLAX,NLRTM,VSL-0020,2024-09-05 13:00:00,2024-09-13 13:00:00,2024-09-13 10:00:00,2024-10-18 13:00:00,2024-10-18 07:00:00,39,Apparel,1595.06,DELIVERED
SHP-02997,CUST-1113,PKKAR,JPYOK,VSL-0061,2025-09-10 08:00:00,2025-09-23 08:00:00,2025-09-09 22:00:00,2025-10-01 08:00:00,2025-10-01 07:00:00,7,Furniture,1529.24,DELIVERED
SHP-01307,CUST-1153,USSAV,INNSA,VSL-0012,2024-07-15 12:00:00,2024-07-29 12:00:00,2024-07-30 22:00:00,2024-08-12 12:00:00,2024-08-17 13:00:00,19,Automotive Parts,1331.85,DELAYED
SHP-03567,CUST-1250,AEDXB,BEANR,VSL-0022,2024-10-06 20:00:00,2024-10-19 20:00:00,2024-10-22 16:00:00,2024-11-03 20:00:00,2024-11-07 05:00:00,27,Pharmaceuticals,1999.04,DELAYED
SHP-02065,CUST-1078,NLRTM,ESVLC,VSL-0059,2025-09-08 07:00:00,2025-09-14 07:00:00,2025-09-16 01:00:00,2025-09-19 07:00:00,2025-09-21 15:00:00,7, Chemicals,414.94,DELAYED
SHP-01420,CUST-1190,EGPSD,DEHAM,VSL-0063,2025-08-11 02:00:00,2025-08-23 02:00:00,2025-08-23 08:00:00,2025-09-22 02:00:00,2025-09-22 00:00:00,20,Pharmaceuticals,2494.06,DELIVERED
SHP-03843,CUST-1169,GBFXT,SGSIN,VSL-0047,2024-12-09 18:00:00,2024-12-12 18:00:00,2024-12-12 21:00:00,2024-12-31 18:00:00,2024-12-31 19:00:00,18,Food & Beverage,647.27,DELIVERED
SHP-00539,CUST-1233,GBFXT,INMUN,VSL-0070,2024-09-11 09:00:00,2024-09-16 09:00:00,2024-09-18 01:00:00,2024-10-07 09:00:00,2024-10-12 07:00:00,21,Furniture,1322.06,DELAYED
SHP-01188,CUST-1107,USSAV,ZADUR,VSL-0067,2024-06-13 09:00:00,2024-06-21 09:00:00,2024-06-21 18:00:00,2024-07-21 09:00:00,2024-07-23 17:00:00,22,Chemicals,715.56,DELAYED
SHP-03977,CUST-1246,ESVLC,INNSA,VSL-0074,2025-09-07 05:00:00,2025-09-11 05:00:00,2025-09-11 02:00:00,2025-10-11 05:00:00,2025-10-11 17:00:00,11,Chemicals,93.74,DELIVERED
SHP-02804,CUST-1168,NLRTM,ZADUR,VSL-0020,2024-06-11 01:00:00,2024-06-16 01:00:00,2024-06-16 07:00:00,2024-07-07 01:00:00,2024-07-06 18:00:00,3,Apparel,1675.36,DELIVERED
SHP-03801,CUST-1014,USSAV,USLAX,VSL-0024,2025-06-02 04:00:00,2025-06-16 04:00:00,2025-06-17 05:00:00,2025-06-26 04:00:00,2025-06-27 13:00:00,29,Apparel,2035.24,DELAYED
SHP-02601,CUST-1125,BEANR,INNSA,VSL-0046,2025-10-05 13:00:00,2025-10-13 13:00:00,2025-10-13 13:00:00,2025-11-11 13:00:00,2025-11-11 17:00:00,19,Pharmaceuticals,2296.92,DELIVERED
SHP-04169,CUST-1151,USNYC,GBFXT,VSL-0060,2024-07-29 12:00:00,2024-08-03 12:00:00,2024-08-03 10:00:00,2024-08-30 12:00:00,2024-08-30 17:00:00,37,Apparel,1365.85,DELIVERED
SHP-00880,CUST-1033,AEDXB,PKKAR,VSL-0053,2024-12-05 11:00:00,2024-12-08 11:00:00,2024-12-10 01:00:00,2025-01-07 11:00:00,2025-01-12 19:00:00,8,Chemicals,196.84,DELAYED
SHP-00701,CUST-1247,ZADUR,EGPSD,VSL-0016,2024-09-07 11:00:00,2024-09-19 11:00:00,2024-09-19 12:00:00,2024-09-26 11:00:00,2024-09-26 05:00:00,29,Automotive Parts,699.48,DELIVERED
SHP-03349,CUST-1183,USNYC,GBFXT,VSL-0062,2025-03-11 00:00:00,2025-03-24 00:00:00,2025-03-24 02:00:00,2025-04-13 00:00:00,2025-04-13 00:00:00,31,food & beverage,1473.29,DELIVERED
SHP-04160,CUST-1121,AEDXB,CNSZX,VSL-0067,2025-09-20 23:00:00,2025-09-28 23:00:00,2025-09-30 14:00:00,2025-11-02 23:00:00,2025-11-07 16:00:00,0,Consumer Goods,399.48,DELAYED
SHP-00349,CUST-1191,ZADUR,SGSIN,VSL-0025,2025-10-08 20:00:00,2025-10-11 20:00:00,2025-10-11 20:00:00,2025-11-13 20:00:00,2025-11-13 23:00:00,3,Electronics,277.93,DELIVERED
SHP-04686,CUST-1207,USLGB,KRPUS,VSL-0070,2025-05-04 16:00:00,2025-05-10 16:00:00,2025-05-12 06:00:00,2025-06-10 16:00:00,2025-06-13 14:00:00,39,Electronics,1873.05,DELAYED
SHP-01352,CUST-1194,USSAV,NLRTM,VSL-0048,2025-09-30 00:00:00,2025-10-11 00:00:00,2025-10-10 20:00:00,2025-10-29 00:00:00,2025-10-28 16:00:00,13,Food & Beverage,433.44,DELIVERED
SHP-01022,CUST-1172,MYPKG,CNSZX,VSL-0051,2025-05-29 01:00:00,2025-06-05 01:00:00,2025-06-05 07:00:00,2025-06-14 01:00:00,2025-06-14 06:00:00,35,Apparel,2336.12,DELIVERED
SHP-04362,CUST-1238,AEDXB,DEHAM,VSL-0071,2024-06-07 08:00:00,2024-06-10 08:00:00,2024-06-10 05:00:00,2024-06-25 08:00:00,2024-06-25 03:00:00,4,Automotive Parts,1340.46,DELIVERED
SHP-04863,CUST-1214,USLAX,NLRTM,VSL-0058,2025-05-18 16:00:00,2025-05-31 16:00:00,2025-06-01 19:00:00,2025-06-14 16:00:00,2025-06-16 22:00:00,21,Chemicals,772.63,DELAYED
SHP-01511,CUST-1081,SGSIN,UNKNW,VSL-0047,2025-01-16 01:00:00,2025-01-21 01:00:00,2025-01-22 01:00:00,2025-02-18 01:00:00,2025-02-22 20:00:00,15,Automotive Parts,2442.97,DELAYED
SHP-01237,CUST-1191,PKKAR,JPYOK,VSL-0001,2024-07-09 08:00:00,2024-07-12 08:00:00,2024-07-12 05:00:00,2024-07-17 08:00:00,2024-07-17 10:00:00,24,Consumer Goods,1518.73,DELIVERED
SHP-01839,CUST-1181,THBKK,USSAV,VSL-0020,2024-10-25 05:00:00,2024-11-01 05:00:00,2024-11-01 01:00:00,2024-11-20 05:00:00,2024-11-20 16:00:00,16,Consumer Goods,2590.8,DELIVERED
SHP-00747,CUST-1019,GBFXT,SGSIN,VSL-0064,2025-08-06 11:00:00,2025-08-13 11:00:00,2025-08-13 14:00:00,2025-09-08 11:00:00,2025-09-08 12:00:00,10,Pharmaceuticals,2657.26,DELIVERED
SHP-00442,CUST-1068,CNSHA,ZADUR,VSL-0062,2025-08-31 20:00:00,2025-09-11 20:00:00,2025-09-11 20:00:00,2025-09-30 20:00:00,2025-10-01 08:00:00,1,Furniture,1644.61,DELIVERED
SHP-01006,CUST-1214,CNNGB,ESVLC,VSL-0061,2024-11-05 23:00:00,2024-11-12 23:00:00,2024-11-13 02:00:00,2024-12-15 23:00:00,2024-12-15 22:00:00,2,Pharmaceuticals,2603.08,DELIVERED
SHP-04967,CUST-1095,AEDXB,CNNGB,VSL-0039,2025-06-15 20:00:00,2025-06-27 20:00:00,2025-06-27 22:00:00,2025-08-01 20:00:00,2025-08-02 01:00:00,35,Consumer Goods,639.37,DELIVERED
SHP-02656,CUST-1209,JPYOK,CNSZX,VSL-0027,2025-02-27 13:00:00,2025-03-10 13:00:00,2025-03-10 10:00:00,2025-03-17 13:00:00,2025-03-17 17:00:00,26,Consumer Goods,2691.08,DELIVERED
SHP-03818,CUST-1159,INMUN,ZADUR,VSL-0009,2024-08-26 01:00:00,2024-09-06 01:00:00,2024-09-05 22:00:00,2024-10-01 01:00:00,2024-09-30 23:00:00,37,Furniture,1058.15,DELIVERED
SHP-02314,CUST-1105,THBKK,GBFXT,VSL-0052,2025-02-28 17:00:00,2025-03-06 17:00:00,2025-03-07 05:00:00,2025-04-10 17:00:00,2025-04-14 17:00:00,26,Apparel,1572.69,DELAYED
SHP-00028,CUST-1244,USNYC,THBKK,VSL-0041,2025-09-11 07:00:00,2025-09-17 07:00:00,2025-09-17 05:00:00,2025-10-21 07:00:00,2025-10-21 18:00:00,9,Pharmaceuticals,106.5,DELIVERED
SHP-00971,CUST-1236,CNSZX,INNSA,VSL-0019,2024-12-29 04:00:00,2025-01-09 04:00:00,2025-01-10 12:00:00,2025-01-13 04:00:00,2025-01-14 11:00:00,18,Automotive Parts,371.17,DELAYED
SHP-03445,CUST-1056,JPYOK,GBFXT,VSL-0078,2025-04-09 02:00:00,2025-04-18 02:00:00,2025-04-19 17:00:00,2025-05-14 02:00:00,2025-05-16 23:00:00,4,Food & Beverage,616.09,DELAYED
SHP-03237,CUST-1210,SGSIN,GBFXT,VSL-0079,2025-01-19 05:00:00,2025-02-01 05:00:00,2025-02-01 01:00:00,2025-02-28 05:00:00,2025-02-28 11:00:00,9,Pharmaceuticals,1252.53,DELIVERED
SHP-02562,CUST-1077,DEHAM,CNSZX,VSL-0010,2024-08-15 18:00:00,2024-08-20 18:00:00,2024-08-20 18:00:00,2024-09-19 18:00:00,2024-09-20 03:00:00,5,Pharmaceuticals,225.28,DELIVERED
SHP-02780,CUST-1226,EGPSD,CNSHA,VSL-0001,2025-04-07 17:00:00,2025-04-10 17:00:00,2025-04-10 15:00:00,2025-05-03 17:00:00,2025-05-03 15:00:00,18,,218.99,DELIVERED
SHP-04905,CUST-1129,USNYC,CNSZX,VSL-0039,2025-05-26 18:00:00,2025-06-01 18:00:00,2025-06-03 16:00:00,2025-06-22 18:00:00,2025-06-25 09:00:00,6,Raw Materials,2442.62,DELAYED
SHP-01424,CUST-1042,BRSSZ,CNSZX,VSL-0010,2024-09-24 05:00:00,2024-10-05 05:00:00,2024-10-05 04:00:00,2024-10-30 05:00:00,2024-10-30 06:00:00,10,Furniture,2022.39,DELIVERED
SHP-04540,CUST-1046,EGPSD,INNSA,VSL-0013,2025-10-08 09:00:00,2025-10-15 09:00:00,2025-10-15 12:00:00,2025-11-12 09:00:00,2025-11-16 07:00:00,4,Raw Materials,2618.45,DELAYED
SHP-04706,CUST-1040,USLGB,KRPUS,VSL-0080,2024-06-07 13:00:00,2024-06-12 13:00:00,2024-06-12 19:00:00,2024-07-15 13:00:00,2024-07-19 13:00:00,15,Electronics,940.04,DELAYED
SHP-02419,CUST-1076,MYPKG,EGPSD,VSL-0066,2024-06-03 17:00:00,2024-06-15 17:00:00,2024-06-15 17:00:00,2024-06-29 17:00:00,2024-06-29 21:00:00,13,Electronics,2542.89,DELIVERED
SHP-02630,CUST-1075,DEHAM,INMUN,VSL-0071,2024-08-08 00:00:00,2024-08-19 00:00:00,2024-08-19 02:00:00,2024-09-16 00:00:00,2024-09-15 17:00:00,37,Automotive Parts,81.66,DELIVERED
SHP-03206,CUST-1202,MYPKG,BEANR,VSL-0020,2025-07-12 05:00:00,2025-07-20 05:00:00,2025-07-20 03:00:00,2025-08-19 05:00:00,2025-08-19 06:00:00,27,Consumer Goods,2501.5,DELIVERED
SHP-01679,CUST-1199,USLGB,BRSSZ,VSL-0034,2025-10-07 14:00:00,2025-10-10 14:00:00,2025-10-10 13:00:00,2025-10-13 14:00:00,2025-10-13 16:00:00,26,Automotive Parts,2448.13,DELIVERED
SHP-00275,CUST-1025,MYPKG,GBFXT,VSL-0013,2025-10-13 10:00:00,2025-10-27 10:00:00,2025-10-27 22:00:00,2025-11-14 10:00:00,2025-11-18 11:00:00,37,Chemicals,711.99,DELAYED
SHP-02399,CUST-1017,BRSSZ,AEDXB,VSL-0075,2024-06-20 21:00:00,2024-07-03 21:00:00,2024-07-04 03:00:00,2024-08-02 21:00:00,2024-08-03 02:00:00,10,Pharmaceuticals,1356.93,DELIVERED
SHP-01078,CUST-1138,THBKK,GBFXT,VSL-0065,2025-01-29 10:00:00,2025-02-06 10:00:00,2025-02-06 08:00:00,2025-03-10 10:00:00,2025-03-10 03:00:00,23,Raw Materials,135.05,DELIVERED
SHP-00725,CUST-1123,SGSIN,HKHKG,VSL-0013,2025-10-04 05:00:00,2025-10-13 05:00:00,2025-10-13 23:00:00,2025-10-16 05:00:00,2025-10-18 15:00:00,16,Machinery,503.4,DELAYED
SHP-00063,CUST-1079,INMUN,USLGB,VSL-0044,2025-08-16 20:00:00,2025-08-20 20:00:00,,2025-09-22 20:00:00,,29,Automotive Parts,2492.85,
SHP-00281,CUST-1105,EGPSD,USNYC,VSL-0046,2025-05-26 01:00:00,2025-06-04 01:00:00,2025-06-04 00:00:00,2025-07-09 01:00:00,2025-07-09 01:00:00,4,Pharmaceuticals,2759.44,DELIVERED
SHP-02358,CUST-1089,AEDXB,HKHKG,VSL-0061,2024-10-17 22:00:00,2024-10-30 22:00:00,2024-10-30 20:00:00,2024-11-13 22:00:00,2024-11-14 09:00:00,18,Furniture,2303.76,DELIVERED
SHP-04767,CUST-1032,ESVLC,USSAV,VSL-0053,2025-04-14 00:00:00,2025-04-25 00:00:00,2025-04-25 05:00:00,2025-05-29 00:00:00,2025-05-28 22:00:00,31,Consumer Goods,2426.37,DELIVERED
SHP-01116,CUST-1043,USSAV,THBKK,VSL-0024,2024-10-02 06:00:00,2024-10-13 06:00:00,2024-10-13 08:00:00,2024-11-09 06:00:00,2024-11-09 18:00:00,2,Food & Beverage,1260.9,DELIVERED
SHP-03271,CUST-1050,USLAX,KRPUS,VSL-0037,2025-03-25 16:00:00,2025-03-31 16:00:00,,2025-04-23 16:00:00,,12,Furniture,1361.16,CANCELLED
SHP-03983,CUST-1011,ESVLC,USLAX,VSL-0004,2025-04-04 07:00:00,2025-04-09 07:00:00,2025-04-10 20:00:00,2025-04-25 07:00:00,2025-04-27 10:00:00,4,Electronics,549.49,DELAYED
SHP-04951,CUST-1198,INNSA,BRSSZ,VSL-0003,2025-08-28 14:00:00,2025-09-01 14:00:00,2025-09-01 17:00:00,2025-09-22 14:00:00,2025-09-22 09:00:00,27,Food & Beverage,311.3,DELIVERED
SHP-04325,CUST-1158,USLAX,EGPSD,VSL-0065,2025-01-19 01:00:00,2025-02-01 01:00:00,,2025-02-28 01:00:00,,30,Machinery,1324.05,CANCELLED
SHP-01174,CUST-1112,BRSSZ,THBKK,VSL-0035,2025-09-20 22:00:00,2025-09-26 22:00:00,2025-09-27 17:00:00,2025-10-29 22:00:00,2025-11-01 14:00:00,35,Automotive Parts,616.56,DELAYED
SHP-02458,CUST-1100,CNNGB,SGSIN,VSL-0050,2024-09-28 02:00:00,2024-10-08 02:00:00,2024-10-08 02:00:00,2024-10-14 02:00:00,2024-10-13 18:00:00,23,Furniture,2098.74,DELIVERED
SHP-01863,CUST-1235,CNSHA,USSAV,VSL-0031,2025-02-11 07:00:00,2025-02-15 07:00:00,2025-02-15 13:00:00,2025-03-21 07:00:00,2025-03-21 12:00:00,7,Pharmaceuticals,2567.06,DELIVERED
SHP-02721,CUST-1092,NLRTM,PKKAR,VSL-0002,2024-09-10 01:00:00,2024-09-22 01:00:00,2024-09-21 23:00:00,2024-10-18 01:00:00,2024-10-18 04:00:00,39,Machinery,1779.81,DELIVERED
SHP-03188,CUST-1047,JPYOK,ESVLC,VSL-0039,2025-09-26 17:00:00,2025-10-10 17:00:00,2025-10-10 19:00:00,2025-11-11 17:00:00,2025-11-12 01:00:00,28,Automotive Parts,711.96,DELIVERED
SHP-03882,CUST-1149,USNYC,CNSZX,VSL-0035,2025-02-01 03:00:00,2025-02-07 03:00:00,2025-02-07 13:00:00,2025-02-27 03:00:00,2025-02-28 21:00:00,16,Apparel,2512.8,DELAYED
SHP-00106,CUST-1044,ESVLC,PKKAR,VSL-0003,2025-03-14 21:00:00,2025-03-24 21:00:00,,2025-04-28 21:00:00,,5,Consumer Goods,2223.77,delivered
SHP-01687,CUST-1087,USSAV,USNYC,VSL-0061,2025-08-21 01:00:00,2025-08-31 01:00:00,2025-08-31 21:00:00,2025-09-06 01:00:00,2025-09-09 06:00:00,25,Pharmaceuticals,953.08,DELAYED
SHP-03662,CUST-1118,INNSA,EGPSD,VSL-0045,2025-06-28 01:00:00,2025-07-05 01:00:00,2025-07-06 05:00:00,2025-08-05 01:00:00,2025-08-09 19:00:00,32,Automotive parts,1872.2,DELAYED
SHP-02208,CUST-1010,DEHAM,CNNGB,VSL-0069,2024-08-31 05:00:00,2024-09-07 05:00:00,2024-09-07 09:00:00,2024-10-07 05:00:00,2024-10-06 23:00:00,27,Machinery,256.38,DELIVERED
SHP-00452,CUST-1035,USLAX,BRSSZ,VSL-0017,2024-12-04 03:00:00,2024-12-17 03:00:00,2024-12-16 23:00:00,2024-12-24 03:00:00,2024-12-24 10:00:00,27,Raw Materials,1778.01,DELIVERED
SHP-00299,CUST-1239,THBKK,USLAX,VSL-0036,2025-09-07 03:00:00,2025-09-14 03:00:00,2025-09-14 01:00:00,2025-10-01 03:00:00,2025-10-01 15:00:00,15,Apparel,2283.92,DELIVERED
SHP-04655,CUST-1042,EGPSD,INNSA,VSL-0041,2024-08-01 00:00:00,2024-08-11 00:00:00,2024-08-11 01:00:00,2024-08-26 00:00:00,2024-08-26 04:00:00,19,Food & Beverage,2517.26,DELIVERED
SHP-01942,CUST-1099,BRSSZ,MYPKG,VSL-0077,2024-06-29 19:00:00,2024-07-06 19:00:00,2024-07-06 15:00:00,2024-07-20 19:00:00,2024-07-20 22:00:00,18,Pharmaceuticals,632.95,DELIVERED
SHP-03487,CUST-1232,XXTST,SGSIN,VSL-0055,2024-08-07 00:00:00,2024-08-17 00:00:00,2024-08-17 00:00:00,2024-09-06 00:00:00,2024-09-05 22:00:00,32,Chemicals,2009.74,DELIVERED
SHP-02172,CUST-1014,USLGB,SGSIN,VSL-0027,2024-10-02 23:00:00,2024-10-09 23:00:00,2024-10-10 01:00:00,2024-10-31 23:00:00,2024-11-01 04:00:00,18,Chemicals,1868.3,DELIVERED
SHP-01636,CUST-1018,USSAV,USLGB,VSL-0063,2025-03-06 20:00:00,2025-03-15 20:00:00,2025-03-17 14:00:00,2025-03-18 20:00:00,2025-03-22 18:00:00,19,Apparel,120.95,DELAYED
SHP-01561,CUST-1050,THBKK,ZADUR,VSL-0036,2025-08-05 16:00:00,2025-08-14 16:00:00,2025-08-14 18:00:00,2025-09-03 16:00:00,2025-09-04 02:00:00,7,Raw Materials,1656.29,DELIVERED
SHP-02518,CUST-1162,MYPKG,CNSHA,VSL-0028,2024-08-19 01:00:00,2024-08-24 01:00:00,2024-08-24 06:00:00,2024-08-28 01:00:00,2024-08-28 11:00:00,10,Furniture,1621.17,DELIVERED
SHP-03213,CUST-1227,ESVLC,JPYOK,VSL-0070,2024-06-18 16:00:00,2024-06-28 16:00:00,2024-06-28 16:00:00,2024-07-24 16:00:00,2024-07-24 10:00:00,2,Pharmaceuticals,2357.62,DELIVERED
SHP-00670,CUST-1055,EGPSD,USSAV,VSL-0013,2024-06-24 14:00:00,2024-07-06 14:00:00,2024-07-06 15:00:00,2024-08-06 14:00:00,2024-08-09 06:00:00,28,Furniture,493.37,DELAYED
SHP-01632,CUST-1204,AEDXB,XXTST,VSL-0070,2024-07-03 06:00:00,2024-07-11 06:00:00,2024-07-13 12:00:00,2024-07-29 06:00:00,2024-08-03 18:00:00,23,Machinery,1571.07,DELAYED
SHP-00711,CUST-1048,INNSA,USSAV,VSL-0029,2025-04-04 13:00:00,2025-04-07 13:00:00,2025-04-08 10:00:00,2025-05-08 13:00:00,2025-05-12 20:00:00,10,Electronics,2576.06,DELAYED
SHP-04997,CUST-1213,CNSHA,GBFXT,VSL-0068,2025-01-22 17:00:00,2025-01-26 17:00:00,2025-01-26 15:00:00,2025-02-12 17:00:00,2025-02-12 19:00:00,21,Automotive Parts,964.36,DELIVERED
SHP-03820,CUST-1236,DEHAM,BRSSZ,VSL-0073,2024-10-03 11:00:00,2024-10-09 11:00:00,2024-10-11 19:00:00,2024-11-05 11:00:00,2024-11-09 23:00:00,14,Raw Materials,2712.69,DELAYED
SHP-00695,CUST-1010,USNYC,INNSA,VSL-0020,2024-12-23 03:00:00,2024-12-31 03:00:00,2024-12-31 03:00:00,2025-01-26 03:00:00,2025-01-26 09:00:00,1,Consumer Goods,2550.28,DELIVERED
SHP-00386,CUST-1073,BRSSZ,USNYC,VSL-0013,2024-09-12 00:00:00,2024-09-16 00:00:00,2024-09-17 17:00:00,2024-09-23 00:00:00,2024-09-26 12:00:00,40,Consumer Goods,1708.21,DELAYED
SHP-02196,CUST-1239,SGSIN,DEHAM,VSL-0039,2025-05-10 00:00:00,2025-05-23 00:00:00,2025-05-23 05:00:00,2025-06-18 00:00:00,2025-06-18 07:00:00,35,Machinery,2486.17,DELIVERED
SHP-03102,CUST-1242,CNSZX,CNSHA,VSL-0058,2024-09-22 00:00:00,2024-09-30 00:00:00,2024-09-30 11:00:00,2024-10-04 00:00:00,2024-10-04 12:00:00,27,Automotive Parts,1171.7,DELIVERED
SHP-01308,CUST-1183,EGPSD,HKHKG,VSL-0047,2025-06-20 10:00:00,2025-06-29 10:00:00,2025-06-30 09:00:00,2025-07-30 10:00:00,2025-08-01 04:00:00,5,Apparel,1993.15,DELAYED
SHP-03716,CUST-1135,INNSA,USLGB,VSL-0033,2024-10-25 04:00:00,2024-10-28 04:00:00,2024-10-29 16:00:00,2024-11-22 04:00:00,2024-11-27 02:00:00,12,Food & Beverage,437.21,DELAYED
SHP-01226,CUST-1032,AEDXB,SGSIN,VSL-0078,2024-09-13 20:00:00,2024-09-20 20:00:00,2024-09-21 07:00:00,2024-10-11 20:00:00,2024-10-15 00:00:00,32,Pharmaceuticals,1373.7,DELAYED
SHP-03405,CUST-1063,GBFXT,INMUN,VSL-0042,2024-07-17 05:00:00,2024-07-20 05:00:00,2024-07-21 19:00:00,2024-08-20 05:00:00,2024-08-23 21:00:00,15,Raw Materials,2289.97,DELAYED
SHP-01988,CUST-1208,INMUN,GBFXT,VSL-0042,2025-07-04 06:00:00,2025-07-13 06:00:00,2025-07-13 06:00:00,2025-08-01 06:00:00,2025-08-01 16:00:00,34,FURNITURE,2527.79,DELIVERED
SHP-00864,CUST-1181,CNNGB,JPYOK,VSL-0003,2024-12-01 22:00:00,2024-12-07 22:00:00,2024-12-08 01:00:00,2024-12-12 22:00:00,2024-12-12 16:00:00,21,Pharmaceuticals,2142.95,DELIVERED
SHP-00724,CUST-1046,NLRTM,ESVLC,VSL-0080,2024-09-11 22:00:00,2024-09-19 22:00:00,2024-09-19 19:00:00,2024-09-27 22:00:00,2024-09-27 20:00:00,9,Chemicals,420.08,DELIVERED
SHP-03865,CUST-1247,NLRTM,KRPUS,VSL-0017,2024-07-12 12:00:00,2024-07-25 12:00:00,2024-07-27 01:00:00,2024-08-27 12:00:00,2024-08-31 09:00:00,27,Consumer Goods,2579.73,DELAYED
SHP-04442,CUST-1081,ESVLC,THBKK,VSL-0022,2025-03-08 19:00:00,2025-03-18 19:00:00,2025-03-19 20:00:00,2025-04-17 19:00:00,2025-04-22 16:00:00,29,Consumer Goods,89.13,DELAYED
SHP-04350,CUST-1119,BEANR,GBFXT,VSL-0004,2024-09-18 17:00:00,2024-10-02 17:00:00,2024-10-04 16:00:00,2024-10-11 17:00:00,2024-10-17 08:00:00,20,Electronics,711.32,DELAYED
SHP-03375,CUST-1015,KRPUS,AEDXB,VSL-0062,2025-05-23 16:00:00,2025-06-01 16:00:00,2025-06-01 15:00:00,2025-06-19 16:00:00,2025-06-19 11:00:00,37,Pharmaceuticals,479.69,DELIVERED
SHP-00259,CUST-1104,PKKAR,NLRTM,VSL-0042,2025-07-14 21:00:00,2025-07-26 21:00:00,2025-07-26 21:00:00,2025-08-16 21:00:00,2025-08-16 19:00:00,8,Food & Beverage,1766.22,DELIVERED
SHP-03494,CUST-1217,CNSZX,INMUN,VSL-0048,2024-07-15 06:00:00,2024-07-21 06:00:00,2024-07-21 02:00:00,2024-07-27 06:00:00,2024-07-27 13:00:00,14,Automotive Parts,840.94,DELIVERED
SHP-01990,CUST-1113,MYPKG,EGPSD,VSL-0012,2024-09-10 13:00:00,2024-09-15 13:00:00,2024-09-15 10:00:00,2024-10-17 13:00:00,2024-10-17 05:00:00,37,Raw Materials,519.83,DELIVERED
SHP-01516,CUST-1018,THBKK,CNNGB,VSL-0056,2024-12-18 02:00:00,2024-12-27 02:00:00,,2025-01-04 02:00:00,,7,Apparel,186.14,N/A
SHP-01009,CUST-1060,INNSA,KRPUS,VSL-0028,2025-09-30 21:00:00,2025-10-09 21:00:00,2025-10-10 01:00:00,2025-10-13 21:00:00,2025-10-13 21:00:00,3,Food & Beverage,1783.6,DELIVERED
SHP-00812,CUST-1014,MYPKG,EGPSD,VSL-0044,2024-07-16 03:00:00,2024-07-29 03:00:00,2024-07-29 05:00:00,2024-08-13 03:00:00,2024-08-13 04:00:00,34,Furniture,1931.17,DELIVERED
SHP-01449,CUST-1203,UNKNW,THBKK,VSL-0062,2025-08-19 14:00:00,2025-08-29 14:00:00,2025-08-29 15:00:00,2025-09-08 14:00:00,2025-09-08 18:00:00,25,Chemicals,1544.46,DELIVERED
SHP-00271,CUST-1214,BRSSZ,SGSIN,VSL-0071,2025-09-10 06:00:00,2025-09-16 06:00:00,2025-09-18 21:00:00,2025-10-05 06:00:00,2025-10-10 19:00:00,24,Pharmaceuticals,314.23,DELAYED
SHP-00929,CUST-1095,ZADUR,KRPUS,VSL-0010,2024-12-17 03:00:00,2024-12-24 03:00:00,2024-12-24 19:00:00,2025-01-07 03:00:00,2025-01-10 00:00:00,16,Electronics,378.14,DELAYED
SHP-00435,CUST-1133,ESVLC,CNNGB,VSL-0025,2024-07-25 06:00:00,2024-07-28 06:00:00,2024-07-28 11:00:00,2024-08-31 06:00:00,2024-08-31 02:00:00,26,Raw Materials,1370.66,DELIVERED
SHP-00823,CUST-1250,USNYC,SGSIN,VSL-0026,2025-02-21 08:00:00,2025-03-03 08:00:00,2025-03-03 07:00:00,2025-03-30 08:00:00,2025-03-30 11:00:00,17,Raw Materials,444.83,DELIVERED
SHP-02797,CUST-1010,KRPUS,MYPKG,VSL-0037,2025-05-05 10:00:00,2025-05-08 10:00:00,2025-05-08 11:00:00,2025-05-16 10:00:00,2025-05-16 10:00:00,40,APPAREL,279.96,DELIVERED
SHP-02418,CUST-1055,USNYC,INMUN,VSL-0080,2024-08-04 14:00:00,2024-08-07 14:00:00,2024-08-02 19:00:00,2024-08-28 14:00:00,2024-08-31 01:00:00,27,Chemicals,643.82,DELAYED
SHP-00522,CUST-1174,USSAV,ESVLC,VSL-0024,2024-12-30 10:00:00,2025-01-10 10:00:00,2025-01-11 06:00:00,2025-02-10 10:00:00,2025-02-13 14:00:00,13,Apparel,991.77,DELAYED
SHP-02951,CUST-1037,EGPSD,CNSHA,VSL-0075,2025-03-27 00:00:00,2025-04-05 00:00:00,2025-04-05 03:00:00,2025-04-25 00:00:00,2025-04-25 08:00:00,40,Furniture,496.43,DELIVERED
SHP-01514,CUST-1098,ESVLC,BEANR,VSL-0067,2024-07-29 02:00:00,2024-08-07 02:00:00,2024-08-06 23:00:00,2024-08-15 02:00:00,2024-08-14 21:00:00,33,Automotive Parts,786.36,DELIVERED
SHP-02423,CUST-1196,MYPKG,SGSIN,VSL-0058,2024-10-01 10:00:00,2024-10-11 10:00:00,2024-10-11 12:00:00,2024-10-14 10:00:00,2024-10-14 22:00:00,20,Food & Beverage,846.24,DELIVERED
SHP-03251,CUST-1242,AEDXB,USSAV,VSL-0034,2025-02-23 15:00:00,2025-02-28 15:00:00,,2025-03-23 15:00:00,,30,Electronics,1969.36,CANCELLED
SHP-02765,CUST-1010,SGSIN,BRSSZ,VSL-0007,2024-09-03 15:00:00,2024-09-13 15:00:00,2024-09-15 22:00:00,2024-10-04 15:00:00,2024-10-09 20:00:00,26,Electronics,52.77,DELAYED
SHP-00116,CUST-1051,HKHKG,PKKAR,VSL-0077,2025-10-09 00:00:00,2025-10-21 00:00:00,2025-10-22 02:00:00,2025-10-30 00:00:00,2025-11-03 06:00:00,1,Consumer Goods,1213.19,DELAYED
SHP-02227,CUST-1005,CNNGB,EGPSD,VSL-0050,2024-11-13 12:00:00,2024-11-16 12:00:00,2024-11-16 13:00:00,2024-12-12 12:00:00,2024-12-12 19:00:00,34,Apparel,1080.21,DELIVERED
SHP-01198,CUST-1028,USLAX,BEANR,VSL-0044,2024-08-30 21:00:00,2024-09-12 21:00:00,2024-09-13 08:00:00,2024-10-16 21:00:00,2024-10-18 02:00:00,19,Raw Materials,1854.75,DELAYED
SHP-03449,CUST-1166,USLAX,USNYC,VSL-0025,2025-01-02 16:00:00,2025-01-11 16:00:00,2025-01-11 12:00:00,2025-01-20 16:00:00,2025-01-20 22:00:00,38,Food & Beverage,1409.25,DELIVERED
SHP-04943,CUST-1040,ESVLC,HKHKG,VSL-0007,2025-09-04 08:00:00,2025-09-12 08:00:00,2025-09-14 04:00:00,2025-10-11 08:00:00,2025-10-14 11:00:00,38,Chemicals,846.22,DELAYED
SHP-03698,CUST-1225,THBKK,USNYC,VSL-0008,2025-09-27 18:00:00,2025-10-03 18:00:00,2025-10-06 13:00:00,2025-11-01 18:00:00,2025-11-08 10:00:00,10,Apparel,2414.56,DELAYED
SHP-03680,CUST-1036,ZADUR,KRPUS,VSL-0039,2024-06-23 13:00:00,2024-07-06 13:00:00,2024-07-07 16:00:00,2024-08-05 13:00:00,2024-08-07 15:00:00,27,Automotive Parts,150.32,DELAYED
SHP-03941,CUST-1068,PKKAR,BEANR,VSL-0034,2025-07-24 10:00:00,2025-08-02 10:00:00,2025-08-04 17:00:00,2025-08-19 10:00:00,2025-08-24 19:00:00,4,Automotive parts,99.82,DELAYED
SHP-04797,CUST-1138,SGSIN,AEDXB,VSL-0035,2025-08-11 05:00:00,2025-08-24 05:00:00,2025-08-26 07:00:00,2025-09-27 05:00:00,2025-09-29 13:00:00,26,Raw Materials,2131.25,DELAYED
SHP-00047,CUST-1215,CNSHA,MYPKG,VSL-0055,2024-09-19 21:00:00,2024-09-25 21:00:00,2024-09-26 02:00:00,2024-09-28 21:00:00,2024-09-29 03:00:00,12,Furniture,499.45,DELIVERED
SHP-01973,CUST-1113,JPYOK,USSAV,VSL-0071,2025-06-19 00:00:00,2025-06-22 00:00:00,2025-06-23 02:00:00,2025-07-23 00:00:00,2025-07-24 16:00:00,7,Pharmaceuticals,1151.4,DELAYED
SHP-02362,CUST-1153,USSAV,INMUN,VSL-0024,2024-11-01 05:00:00,2024-11-08 05:00:00,2024-11-09 02:00:00,2024-12-08 05:00:00,2024-12-12 02:00:00,33,Consumer Goods,1296.86,DELAYED
SHP-03513,CUST-1115,DEHAM,INNSA,VSL-0070,2025-01-29 07:00:00,2025-02-11 07:00:00,2025-02-11 12:00:00,2025-03-08 07:00:00,2025-03-08 05:00:00,40,Pharmaceuticals,2622.06,DELIVERED
SHP-01502,CUST-1101,DEHAM,THBKK,VSL-0004,2024-08-30 19:00:00,2024-09-13 19:00:00,2024-09-13 22:00:00,2024-10-15 19:00:00,2024-10-15 13:00:00,996,Raw Materials,2172.87,DELIVERED
SHP-00629,CUST-1121,USLGB,BRSSZ,VSL-0080,2024-09-16 10:00:00,2024-09-19 10:00:00,2024-09-19 16:00:00,2024-09-29 10:00:00,2024-09-29 02:00:00,19,Machinery,1526.81,DELIVERED
SHP-02384,CUST-1215,DEHAM,ZADUR,VSL-0012,2025-01-30 03:00:00,2025-02-11 03:00:00,2025-02-12 10:00:00,2025-03-10 03:00:00,2025-03-12 03:00:00,9,Apparel,2056.02,DELAYED
SHP-01488,CUST-1111,INMUN,EGPSD,VSL-0038,2024-09-17 08:00:00,2024-09-22 08:00:00,2024-09-22 11:00:00,2024-10-14 08:00:00,2024-10-14 04:00:00,36,Food & Beverage,994.8,DELIVERED
SHP-03479,CUST-1166,ESVLC,HKHKG,VSL-0020,2025-01-20 00:00:00,2025-02-02 00:00:00,2025-02-03 10:00:00,2025-02-27 00:00:00,2025-02-28 21:00:00,28,Chemicals,542.11,DELAYED
SHP-01506,CUST-1242,USNYC,THBKK,VSL-0027,2025-04-02 06:00:00,2025-04-14 06:00:00,2025-04-16 13:00:00,2025-05-05 06:00:00,2025-05-07 21:00:00,34,electronics,1223.39,DELAYED
SHP-04027,CUST-1094,USNYC,AEDXB,VSL-0065,2024-06-17 19:00:00,2024-06-26 19:00:00,2024-06-26 17:00:00,2024-07-23 19:00:00,2024-07-23 19:00:00,13,Electronics,1431.42,DELIVERED
SHP-04443,CUST-1232,BEANR,USLGB,VSL-0015,2025-03-13 03:00:00,2025-03-25 03:00:00,2025-03-25 05:00:00,2025-04-22 03:00:00,2025-04-22 08:00:00,14,Furniture,2165.74,DELIVERED
SHP-03377,CUST-1059,CNSHA,CNNGB,VSL-0015,2024-09-18 02:00:00,2024-09-25 02:00:00,2024-09-24 22:00:00,2024-10-01 02:00:00,2024-10-01 04:00:00,38,Machinery,2579.13,DELIVERED
SHP-04609,CUST-1169,BRSSZ,GBFXT,VSL-0010,2024-07-10 07:00:00,2024-07-19 07:00:00,2024-07-20 13:00:00,2024-08-04 07:00:00,2024-08-08 07:00:00,36,Electronics,2273.04,DELAYED
SHP-00612,CUST-1224,INMUN,CNNGB,VSL-0069,2025-07-16 14:00:00,2025-07-26 14:00:00,2025-07-27 23:00:00,2025-07-30 14:00:00,2025-08-03 21:00:00,5,Electronics,2735.85,DELAYED
SHP-01083,CUST-1165,USLAX,CNSZX,VSL-0018,2025-07-28 05:00:00,2025-08-07 05:00:00,2025-08-07 01:00:00,2025-08-24 05:00:00,2025-08-23 21:00:00,2,Raw Materials,1499.72,DELIVERED
SHP-00682,CUST-1198,CNSHA,INMUN,VSL-0069,2025-02-27 01:00:00,2025-03-09 01:00:00,2025-03-09 02:00:00,2025-03-18 01:00:00,2025-03-17 19:00:00,38,Apparel,1696.34,DELIVERED
SHP-03211,CUST-1239,EGPSD,ZADUR,VSL-0054,2025-07-04 03:00:00,2025-07-09 03:00:00,2025-07-09 05:00:00,2025-07-12 03:00:00,2025-07-12 13:00:00,37,Pharmaceuticals,239.01,DELIVERED
SHP-03077,CUST-1221,BEANR,ESVLC,VSL-0016,2025-09-05 15:00:00,2025-09-10 15:00:00,2025-09-10 18:00:00,2025-09-16 15:00:00,2025-09-17 03:00:00,19,Chemicals,1854.87,DELIVERED
SHP-02666,CUST-1065,HKHKG,AEDXB,VSL-0017,2024-09-06 10:00:00,2024-09-11 10:00:00,2024-09-11 12:00:00,2024-10-10 10:00:00,2024-10-10 18:00:00,18,Automotive Parts,371.59,DELIVERED
SHP-02071,CUST-1036,CNSZX,ZADUR,VSL-0027,2024-09-21 11:00:00,2024-09-30 11:00:00,2024-10-03 00:00:00,2024-10-27 11:00:00,2024-10-31 13:00:00,38,Automotive Parts,2556.87,DELAYED
SHP-01660,CUST-1017,ZADUR,MYPKG,VSL-0013,2025-05-16 17:00:00,2025-05-30 17:00:00,2025-05-30 17:00:00,2025-06-20 17:00:00,2025-06-20 23:00:00,29,Machinery,1988.01,DELIVERED
SHP-03476,CUST-1193,CNNGB,USLGB,VSL-0061,2025-01-31 18:00:00,2025-02-12 18:00:00,2025-02-13 15:00:00,2025-03-03 18:00:00,2025-03-06 20:00:00,1,Machinery,445.98,DELAYED
SHP-01922,CUST-1190,USNYC,JPYOK,VSL-0077,2025-09-14 11:00:00,2025-09-18 11:00:00,2025-09-21 01:00:00,2025-10-10 11:00:00,2025-10-16 14:00:00,1,machinery ,401.22,DELAYED
SHP-02294,CUST-1129,USLGB,INMUN,VSL-0062,2025-09-08 13:00:00,2025-09-12 13:00:00,,2025-09-28 13:00:00,,8,Pharmaceuticals,1833.38,CANCELLED
SHP-04117,CUST-1192,HKHKG,ZADUR,VSL-0023,2025-07-30 23:00:00,2025-08-06 23:00:00,2025-08-08 06:00:00,2025-09-03 23:00:00,2025-09-07 12:00:00,40,Automotive Parts,981.43,DELAYED
SHP-01923,CUST-1025,INMUN,ZADUR,VSL-0046,2025-07-28 14:00:00,2025-08-07 14:00:00,2025-08-07 13:00:00,2025-08-22 14:00:00,2025-08-22 17:00:00,7,Food & Beverage,660.46,DELIVERED
SHP-04250,CUST-1047,INNSA,KRPUS,VSL-0024,2025-08-16 12:00:00,2025-08-21 12:00:00,2025-08-21 13:00:00,2025-08-29 12:00:00,2025-08-29 10:00:00,8,Chemicals,,DELIVERED
SHP-00558,CUST-1073,PKKAR,BEANR,VSL-0080,2025-07-09 22:00:00,2025-07-16 22:00:00,2025-07-19 06:00:00,2025-08-06 22:00:00,2025-08-09 17:00:00,21,Chemicals,2594.44,DELAYED
SHP-04107,CUST-1102,BRSSZ,HKHKG,VSL-0015,2025-10-09 20:00:00,2025-10-14 20:00:00,2025-10-15 02:00:00,2025-11-05 20:00:00,2025-11-06 01:00:00,27,Electronics,2752.07,DELIVERED
SHP-02759,CUST-1097,CNNGB,INMUN,VSL-0063,2024-10-26 00:00:00,2024-10-29 00:00:00,2024-10-28 22:00:00,2024-11-06 00:00:00,2024-11-06 07:00:00,25,Apparel,289.4,DELIVERED
SHP-00821,CUST-1232,CNNGB,KRPUS,VSL-0018,2024-10-31 06:00:00,2024-11-04 06:00:00,2024-11-04 06:00:00,2024-11-07 06:00:00,2024-11-07 18:00:00,35,Machinery,1824.99,DELIVERED
SHP-01759,CUST-1137,AEDXB,SGSIN,VSL-0063,2024-08-18 08:00:00,2024-08-30 08:00:00,2024-08-30 06:00:00,2024-09-17 08:00:00,2024-09-17 15:00:00,30,Machinery,2430.25,DELIVERED
SHP-04766,CUST-1039,USLAX,INMUN,VSL-0070,2024-08-20 16:00:00,2024-08-28 16:00:00,2024-08-29 12:00:00,2024-09-15 16:00:00,2024-09-18 09:00:00,11,Chemicals,1094.89,DELAYED
SHP-00559,CUST-1141,NLRTM,INMUN,VSL-0056,2025-04-22 09:00:00,2025-05-02 09:00:00,2025-05-02 09:00:00,2025-05-25 09:00:00,2025-05-25 14:00:00,36,Chemicals,2242.02,DELIVERED
SHP-02999,CUST-1037,CNSZX,JPYOK,VSL-0011,2024-10-06 11:00:00,2024-10-20 11:00:00,2024-10-20 13:00:00,2024-10-27 11:00:00,2024-10-27 15:00:00,8,Furniture,71.16,DELIVERED
SHP-01359,CUST-1203,ZADUR,BRSSZ,VSL-0064,2024-12-31 00:00:00,2025-01-13 00:00:00,2025-01-12 21:00:00,2025-02-09 00:00:00,2025-02-08 18:00:00,5,Chemicals,1229.92,DELIVERED
SHP-01144,CUST-1223,EGPSD,GBFXT,VSL-0025,2025-02-18 17:00:00,2025-03-04 17:00:00,2025-03-04 21:00:00,2025-04-07 17:00:00,2025-04-08 02:00:00,35,Automotive Parts,1253.3,DELIVERED
SHP-03632,CUST-1184,ESVLC,PKKAR,VSL-0026,2025-06-16 22:00:00,2025-06-30 22:00:00,2025-07-01 01:00:00,2025-07-22 22:00:00,2025-07-22 22:00:00,32,Raw Materials,125.94,DELIVERED
SHP-00250,CUST-1141,INMUN,USSAV,VSL-0052,2025-03-17 03:00:00,2025-03-25 03:00:00,2025-03-24 23:00:00,2025-04-23 03:00:00,2025-04-22 20:00:00,14,Automotive Parts,2708.98,DELIVERED
SHP-02554,CUST-1083,KRPUS,USLGB,VSL-0047,2025-10-11 15:00:00,2025-10-18 15:00:00,2025-10-18 12:00:00,2025-11-01 15:00:00,2025-11-01 20:00:00,14,Chemicals,1051.75,DELIVERED
SHP-02903,CUST-1180,USSAV,BRSSZ,VSL-0069,2024-11-02 01:00:00,2024-11-15 01:00:00,2024-11-15 07:00:00,2024-11-24 01:00:00,2024-11-24 04:00:00,12,Furniture,2004.71,DELIVERED
SHP-01266,CUST-1071,CNSHA,BEANR,VSL-0070,2025-10-09 17:00:00,2025-10-18 17:00:00,2025-10-20 20:00:00,2025-11-04 17:00:00,2025-11-07 22:00:00,5,Furniture,863.79,DELAYED
SHP-01192,CUST-1249,INMUN,MYPKG,VSL-0051,2025-10-11 11:00:00,2025-10-18 11:00:00,2025-10-18 14:00:00,2025-10-24 11:00:00,2025-10-24 04:00:00,40,Automotive Parts,95.81,DELIVERED
SHP-00677,CUST-1116,CNSHA,MYPKG,VSL-0021,2025-06-17 08:00:00,2025-06-25 08:00:00,2025-06-28 00:00:00,2025-06-28 08:00:00,2025-07-03 22:00:00,39,Raw Materials,2084.9,DELAYED
SHP-03029,CUST-1229,EGPSD,HKHKG,VSL-0073,2025-04-26 23:00:00,2025-05-04 23:00:00,2025-04-26 06:00:00,2025-06-01 23:00:00,2025-06-05 00:00:00,24,Machinery,1206.59,DELAYED
SHP-04481,CUST-1129,HKHKG,CNNGB,VSL-0007,2025-02-12 08:00:00,2025-02-20 08:00:00,2025-02-20 12:00:00,2025-03-01 08:00:00,2025-03-01 14:00:00,32,Machinery,2242.43,DELIVERED
SHP-02578,CUST-1036,CNSZX,EGPSD,VSL-0029,2025-01-23 11:00:00,2025-02-05 11:00:00,2025-02-06 02:00:00,2025-03-01 11:00:00,2025-03-05 09:00:00,5,Raw Materials,1969.18,DELAYED
SHP-01452,CUST-1162,KRPUS,USNYC,VSL-0026,2025-09-20 03:00:00,2025-09-23 03:00:00,2025-09-23 13:00:00,2025-10-15 03:00:00,2025-10-18 11:00:00,39,Chemicals,1044.29,DELAYED
SHP-04732,CUST-1017,PKKAR,CNSHA,VSL-0072,2024-10-09 08:00:00,2024-10-17 08:00:00,2024-10-19 06:00:00,2024-10-27 08:00:00,2024-11-02 03:00:00,34,Food & Beverage,1966.0,DELAYED
SHP-05000,CUST-1059,AEDXB,USLGB,VSL-0009,2024-06-24 09:00:00,2024-07-04 09:00:00,2024-07-04 11:00:00,2024-07-31 09:00:00,2024-07-31 19:00:00,20,Furniture,2713.39,DELIVERED
SHP-01949,CUST-1203,JPYOK,THBKK,VSL-0029,2024-11-17 10:00:00,2024-11-25 10:00:00,2024-11-25 16:00:00,2024-11-29 10:00:00,2024-11-29 02:00:00,12,Raw Materials,1255.85,DELIVERED
SHP-01241,CUST-1109,CNNGB,EGPSD,VSL-0001,2025-01-01 13:00:00,2025-01-13 13:00:00,2025-01-13 18:00:00,2025-02-06 13:00:00,2025-02-07 11:00:00,15,Electronics,846.51,DELIVERED
SHP-01738,CUST-1182,SGSIN,CNNGB,VSL-0012,2024-07-07 10:00:00,2024-07-15 10:00:00,2024-07-16 21:00:00,2024-07-25 10:00:00,2024-07-27 03:00:00,10,Machinery,819.08,DELAYED
SHP-01908,CUST-1072,PKKAR,NLRTM,VSL-0020,2024-11-10 09:00:00,2024-11-17 09:00:00,2024-11-17 11:00:00,2024-12-18 09:00:00,2024-12-18 03:00:00,27,Chemicals,2142.9,DELIVERED
SHP-00108,CUST-1248,CNSZX,ZZZZZ,VSL-0079,2024-08-07 15:00:00,2024-08-19 15:00:00,2024-08-19 18:00:00,2024-09-08 15:00:00,2024-09-08 13:00:00,31,Machinery,1526.41,DELIVERED
SHP-02470,CUST-1191,EGPSD,USSAV,VSL-0045,2024-10-04 09:00:00,2024-10-10 09:00:00,2024-10-10 13:00:00,2024-10-25 09:00:00,2024-10-25 15:00:00,31,Consumer Goods,558.09,DELIVERED
SHP-04258,CUST-1051,GBFXT,THBKK,VSL-0033,2024-06-21 02:00:00,2024-06-27 02:00:00,2024-06-27 08:00:00,2024-07-14 02:00:00,2024-07-13 21:00:00,20,Automotive Parts,550.75,DELIVERED
SHP-02258,CUST-1186,ZADUR,NLRTM,VSL-0077,2024-07-03 19:00:00,2024-07-06 19:00:00,2024-07-07 09:00:00,2024-07-22 19:00:00,2024-07-24 11:00:00,7,Machinery,2051.91,DELAYED
SHP-04301,CUST-1139,MYPKG,INNSA,VSL-0028,2024-10-05 14:00:00,2024-10-12 14:00:00,2024-10-12 16:00:00,2024-10-15 14:00:00,2024-10-16 02:00:00,26,Consumer Goods,2070.19,DELIVERED
SHP-02730,CUST-1238,THBKK,AEDXB,VSL-0005,2025-05-01 16:00:00,2025-05-14 16:00:00,2025-05-15 17:00:00,2025-06-07 16:00:00,2025-06-08 12:00:00,20,Consumer Goods,1137.12,DELIVERED
SHP-04613,CUST-1161,INNSA,HKHKG,VSL-0048,2024-12-06 18:00:00,2024-12-19 18:00:00,2024-12-22 01:00:00,2024-12-23 18:00:00,2024-12-28 18:00:00,30,Raw Materials,1664.1,DELAYED
SHP-01383,CUST-1078,INNSA,JPYOK,VSL-0048,2025-09-11 04:00:00,2025-09-20 04:00:00,2025-09-20 17:00:00,2025-09-25 04:00:00,2025-09-28 00:00:00,17,Electronics,1190.62,DELAYED
SHP-02994,CUST-1148,CNNGB,BRSSZ,VSL-0075,2025-05-27 16:00:00,2025-06-10 16:00:00,2025-06-10 22:00:00,2025-06-28 16:00:00,2025-06-28 19:00:00,8,Apparel,457.74,DELIVERED
SHP-02107,CUST-1216,KRPUS,EGPSD,VSL-0049,2024-09-06 19:00:00,2024-09-11 19:00:00,2024-09-12 01:00:00,2024-10-01 19:00:00,2024-10-01 18:00:00,19,Chemicals,809.86,DELIVERED
SHP-01045,CUST-1234,USNYC,HKHKG,VSL-0002,2025-07-11 17:00:00,2025-07-19 17:00:00,2025-07-21 07:00:00,2025-08-10 17:00:00,2025-08-12 02:00:00,27,Chemicals,947.59,DELAYED
SHP-04423,CUST-1073,ZADUR,NLRTM,VSL-0023,2025-08-25 19:00:00,2025-09-02 19:00:00,2025-09-02 19:00:00,2025-10-03 19:00:00,2025-10-04 06:00:00,38,Chemicals,1470.37,DELIVERED
SHP-03955,CUST-1192,DEHAM,INMUN,VSL-0023,2025-06-03 22:00:00,2025-06-11 22:00:00,2025-06-14 17:00:00,2025-06-25 22:00:00,2025-06-29 23:00:00,8,Food & Beverage,626.55,DELAYED
SHP-02965,CUST-1039,SGSIN,KRPUS,VSL-0056,2025-01-23 00:00:00,2025-01-30 00:00:00,2025-02-01 12:00:00,2025-02-06 00:00:00,2025-02-09 20:00:00,6,Consumer Goods,654.96,DELAYED
SHP-01659,CUST-1109,MYPKG,CNNGB,VSL-0038,2024-09-04 11:00:00,2024-09-07 11:00:00,2024-09-07 11:00:00,2024-09-14 11:00:00,2024-09-14 15:00:00,35,Pharmaceuticals,1074.39,DELIVERED
SHP-04552,CUST-1210,MYPKG,PKKAR,VSL-0079,2025-09-28 04:00:00,2025-10-09 04:00:00,2025-10-10 06:00:00,2025-10-15 04:00:00,2025-10-16 08:00:00,39,Automotive Parts,929.9,DELAYED
SHP-03652,CUST-1229,PKKAR,BRSSZ,VSL-0002,2025-01-12 16:00:00,2025-01-18 16:00:00,2025-01-18 16:00:00,2025-02-12 16:00:00,2025-02-12 14:00:00,9,APPAREL,1459.21,DELIVERED
SHP-02434,CUST-1200,ESVLC,BRSSZ,VSL-0069,2024-07-02 06:00:00,2024-07-15 06:00:00,2024-07-15 04:00:00,2024-07-29 06:00:00,2024-07-29 17:00:00,28,Pharmaceuticals,2032.44,DELIVERED
SHP-04487,CUST-1116,THBKK,CNSHA,VSL-0042,2025-01-21 07:00:00,2025-02-01 07:00:00,2025-02-03 07:00:00,2025-02-06 07:00:00,2025-02-08 11:00:00,26,Food & Beverage,2785.94,DELAYED
SHP-00128,CUST-1034,PKKAR,USLAX,VSL-0015,2024-06-16 22:00:00,2024-06-21 22:00:00,2024-06-21 23:00:00,2024-07-21 22:00:00,2024-07-22 08:00:00,20,machinery ,2642.21,DELIVERED
SHP-03165,CUST-1115,JPYOK,INNSA,VSL-0079,2025-07-26 23:00:00,2025-08-09 23:00:00,2025-08-10 05:00:00,2025-08-15 23:00:00,2025-08-16 08:00:00,3,Raw Materials,2341.06,DELIVERED
SHP-04094,CUST-1235,ZADUR,GBFXT,VSL-0028,2024-10-20 18:00:00,2024-10-26 18:00:00,,2024-11-22 18:00:00,,28,Apparel,2710.53,CANCELLED
SHP-04372,CUST-1153,ESVLC,USNYC,VSL-0039,2024-09-03 03:00:00,2024-09-10 03:00:00,2024-09-10 11:00:00,2024-10-03 03:00:00,2024-10-04 00:00:00,24,Furniture,1741.24,DELIVERED
SHP-03444,CUST-1080,USSAV,DEHAM,VSL-0043,2024-10-17 01:00:00,2024-10-30 01:00:00,,2024-12-03 01:00:00,,33,Raw Materials,2114.72,N/A
SHP-04747,CUST-1237,SGSIN,AEDXB,VSL-0017,2025-04-02 11:00:00,2025-04-14 11:00:00,2025-04-15 12:00:00,2025-05-02 11:00:00,2025-05-04 10:00:00,2,Chemicals,1463.23,DELAYED
SHP-03112,CUST-1092,INNSA,INMUN,VSL-0045,2025-10-07 08:00:00,2025-10-17 08:00:00,2025-10-17 13:00:00,2025-10-26 08:00:00,2025-10-26 12:00:00,3,Machinery,2031.15,DELIVERED
SHP-01698,CUST-1169,CNSHA,AEDXB,VSL-0076,2024-06-08 07:00:00,2024-06-15 07:00:00,2024-06-16 00:00:00,2024-07-18 07:00:00,2024-07-21 10:00:00,13,Furniture,1421.51,DELAYED
SHP-01137,CUST-1149,CNSZX,USSAV,VSL-0058,2024-12-05 04:00:00,2024-12-11 04:00:00,2024-12-13 13:00:00,2025-01-11 04:00:00,2025-01-16 05:00:00,30,Furniture,2435.67,DELAYED
SHP-03242,CUST-1116,CNSZX,CNNGB,VSL-0062,2025-09-07 10:00:00,2025-09-17 10:00:00,2025-09-17 23:00:00,2025-09-26 10:00:00,2025-09-27 02:00:00,33,Furniture,1089.44,DELIVERED
SHP-04023,CUST-1001,INMUN,ZADUR,VSL-0051,2025-05-13 23:00:00,2025-05-18 23:00:00,2025-05-18 21:00:00,2025-06-19 23:00:00,2025-06-19 21:00:00,14,Chemicals,940.58,DELIVERED
SHP-00488,CUST-1088,JPYOK,USLAX,VSL-0021,2025-07-22 23:00:00,2025-07-28 23:00:00,2025-07-31 04:00:00,2025-08-24 23:00:00,2025-08-30 07:00:00,14,Automotive Parts,2081.39,DELAYED
SHP-02451,CUST-1075,ZADUR,JPYOK,VSL-0041,2024-06-01 14:00:00,2024-06-10 14:00:00,2024-06-13 03:00:00,2024-06-24 14:00:00,2024-06-28 21:00:00,7,Consumer Goods,1485.78,DELAYED
SHP-03163,CUST-1003,JPYOK,HKHKG,VSL-0055,2024-12-16 12:00:00,2024-12-29 12:00:00,2024-12-29 18:00:00,2025-01-07 12:00:00,2025-01-07 09:00:00,10,Chemicals,1754.44,DELIVERED
SHP-01168,CUST-1018,CNNGB,BRSSZ,VSL-0065,2025-06-28 06:00:00,2025-07-02 06:00:00,2025-07-02 05:00:00,2025-08-06 06:00:00,2025-08-06 14:00:00,25,Pharmaceuticals,452.89,DELIVERED
SHP-03371,CUST-1104,THBKK,DEHAM,VSL-0028,2024-11-10 10:00:00,2024-11-22 10:00:00,2024-11-22 08:00:00,2024-12-06 10:00:00,2024-12-06 10:00:00,3,Pharmaceuticals,855.8,DELIVERED
SHP-02299,CUST-1167,NLRTM,AEDXB,VSL-0016,2024-07-30 21:00:00,2024-08-08 21:00:00,2024-08-09 16:00:00,2024-08-23 21:00:00,2024-08-27 04:00:00,2,Furniture,1222.89,DELAYED
SHP-03866,CUST-1073,SGSIN,KRPUS,VSL-0077,2024-12-12 13:00:00,2024-12-18 13:00:00,2024-12-20 14:00:00,2024-12-21 13:00:00,2024-12-25 00:00:00,1,Furniture,1225.98,DELAYED
SHP-00688,CUST-1001,INNSA,CNSHA,VSL-0037,2025-05-05 01:00:00,2025-05-19 01:00:00,2025-05-19 00:00:00,2025-05-24 01:00:00,2025-05-23 18:00:00,38,Electronics,355.89,DELIVERED
SHP-03628,CUST-1038,KRPUS,CNSZX,VSL-0076,2024-06-13 17:00:00,2024-06-27 17:00:00,2024-06-28 23:00:00,2024-07-04 17:00:00,2024-07-09 20:00:00,1,Electronics,522.8,DELAYED
SHP-04704,CUST-1006,ZADUR,AEDXB,VSL-0008,2025-05-07 20:00:00,2025-05-11 20:00:00,2025-05-11 19:00:00,2025-05-20 20:00:00,2025-05-21 00:00:00,39,food & beverage,1135.75,DELIVERED
SHP-03993,CUST-1015,THBKK,MYPKG,VSL-0043,2025-08-05 23:00:00,2025-08-10 23:00:00,2025-08-11 01:00:00,2025-08-16 23:00:00,2025-08-16 19:00:00,12,Chemicals,165.11,DELIVERED
SHP-01060,CUST-1188,NLRTM,USLAX,VSL-0030,2025-06-15 19:00:00,2025-06-29 19:00:00,2025-06-29 17:00:00,2025-07-23 19:00:00,2025-07-23 21:00:00,11,Chemicals,1956.93,DELIVERED
SHP-03420,CUST-1177,MYPKG,USLGB,VSL-0001,2025-06-25 13:00:00,2025-07-04 13:00:00,2025-07-05 08:00:00,2025-07-30 13:00:00,2025-08-03 11:00:00,24,Food & Beverage,1997.46,DELAYED
SHP-01504,CUST-1247,CNNGB,SGSIN,VSL-0037,2024-11-14 15:00:00,2024-11-24 15:00:00,2024-11-24 17:00:00,2024-12-01 15:00:00,2024-12-01 21:00:00,40,Consumer Goods,2692.46,DELIVERED
SHP-03263,CUST-1101,PKKAR,INMUN,VSL-0008,2024-10-26 15:00:00,2024-11-06 15:00:00,2024-11-06 22:00:00,2024-11-13 15:00:00,2024-11-15 09:00:00,25,Furniture,358.32,DELAYED
SHP-00315,CUST-1106,CNNGB,USLAX,VSL-0014,2025-08-14 05:00:00,2025-08-27 05:00:00,2025-08-27 10:00:00,2025-09-24 05:00:00,2025-09-23 23:00:00,33,Machinery,1421.83,DELIVERED
SHP-02298,CUST-1028,DEHAM,AEDXB,VSL-0011,2025-01-05 17:00:00,2025-01-11 17:00:00,2025-01-11 13:00:00,2025-02-09 17:00:00,2025-02-09 19:00:00,3,Apparel,473.29,DELIVERED
SHP-00940,CUST-1010,PKKAR,CNSHA,VSL-0029,2024-06-16 04:00:00,2024-06-29 04:00:00,,2024-07-04 04:00:00,,24,Electronics,476.4,CANCELLED
SHP-02815,CUST-1049,CNNGB,USLAX,VSL-0005,2025-03-12 10:00:00,2025-03-23 10:00:00,2025-03-23 10:00:00,2025-04-08 10:00:00,2025-04-08 04:00:00,9,Apparel,610.24,DELIVERED
SHP-02760,CUST-1214,BRSSZ,DEHAM,VSL-0041,2025-06-18 11:00:00,2025-06-25 11:00:00,2025-06-25 12:00:00,2025-07-15 11:00:00,2025-07-16 06:00:00,35,Consumer Goods,2414.56,DELIVERED
SHP-01938,CUST-1127,USLAX,MYPKG,VSL-0078,2025-06-03 06:00:00,2025-06-15 06:00:00,2025-06-15 04:00:00,2025-07-07 06:00:00,2025-07-07 06:00:00,40,Automotive Parts,149.5,DELIVERED
SHP-03008,CUST-1152,JPYOK,AEDXB,VSL-0028,2024-12-14 11:00:00,2024-12-19 11:00:00,2024-12-19 09:00:00,2025-01-14 11:00:00,2025-01-14 20:00:00,40,Chemicals,132.33,DELIVERED
SHP-03474,CUST-1120,THBKK,ESVLC,VSL-0067,2025-08-17 08:00:00,2025-08-20 08:00:00,2025-08-20 11:00:00,2025-09-17 08:00:00,2025-09-17 05:00:00,30,Raw Materials,2667.82,DELIVERED
SHP-01235,CUST-1021,USLAX,PKKAR,VSL-0064,2024-12-31 18:00:00,2025-01-11 18:00:00,2025-01-12 08:00:00,2025-01-27 18:00:00,2025-01-30 01:00:00,29,Machinery,2481.85,DELAYED
SHP-01559,CUST-1129,BEANR,USNYC,VSL-0014,2024-07-06 19:00:00,2024-07-14 19:00:00,,2024-08-11 19:00:00,,6,Electronics,599.76,CANCELLED
SHP-04784,CUST-1060,JPYOK,HKHKG,VSL-0004,2025-08-01 16:00:00,2025-08-05 16:00:00,2025-08-06 09:00:00,2025-08-08 16:00:00,2025-08-11 04:00:00,12,Food & Beverage,1430.64,DELAYED
SHP-04919,CUST-1233,ZADUR,USLGB,VSL-0048,2024-07-31 17:00:00,2024-08-07 17:00:00,2024-08-07 18:00:00,2024-09-03 17:00:00,2024-09-04 01:00:00,1,Apparel,1747.56,DELIVERED
SHP-00622,CUST-1025,PKKAR,USLGB,VSL-0058,2024-06-19 15:00:00,2024-06-27 15:00:00,2024-06-28 13:00:00,2024-07-26 15:00:00,2024-07-29 17:00:00,11,Machinery,385.97,DELAYED
SHP-04066,CUST-1223,HKHKG,THBKK,VSL-0064,2025-08-15 17:00:00,2025-08-19 17:00:00,2025-08-19 15:00:00,2025-08-26 17:00:00,2025-08-27 03:00:00,27,Pharmaceuticals,924.92,DELIVERED
SHP-02588,CUST-1198,HKHKG,JPYOK,VSL-0033,2024-09-09 01:00:00,2024-09-16 01:00:00,2024-09-16 02:00:00,2024-09-23 01:00:00,2024-09-23 07:00:00,7,Machinery,1615.55,DELIVERED
SHP-04545,CUST-1191,NLRTM,CNSHA,VSL-0009,2025-04-14 07:00:00,2025-04-25 07:00:00,2025-04-25 08:00:00,2025-05-29 07:00:00,2025-05-29 05:00:00,7,Pharmaceuticals,1135.11,DELIVERED
SHP-04403,CUST-1032,USLAX,DEHAM,VSL-0027,2025-04-21 04:00:00,2025-05-03 04:00:00,2025-05-03 08:00:00,2025-05-30 04:00:00,2025-05-30 12:00:00,3,Food & Beverage,1578.36,DELIVERED
SHP-04977,CUST-1069,CNNGB,USSAV,VSL-0076,2024-06-23 22:00:00,2024-07-05 22:00:00,2024-07-06 01:00:00,2024-07-26 22:00:00,2024-07-27 06:00:00,10,Consumer Goods,277.08,DELIVERED
SHP-01649,CUST-1046,INMUN,USNYC,VSL-0040,2024-11-29 21:00:00,2024-12-04 21:00:00,2024-12-04 19:00:00,2025-01-04 21:00:00,2025-01-04 13:00:00,11,Automotive Parts,998.0,DELIVERED
SHP-01835,CUST-1241,USNYC,DEHAM,VSL-0042,2025-05-20 05:00:00,2025-05-25 05:00:00,2025-05-26 05:00:00,2025-06-09 05:00:00,2025-06-11 16:00:00,16,Pharmaceuticals,1442.75,DELAYED
SHP-04521,CUST-1103,INMUN,EGPSD,VSL-0022,2024-07-16 11:00:00,2024-07-27 11:00:00,2024-07-27 15:00:00,2024-08-22 11:00:00,2024-08-23 14:00:00,12,Pharmaceuticals,475.24,DELAYED
SHP-00123,CUST-1014,INMUN,CNNGB,VSL-0006,2025-03-15 16:00:00,2025-03-21 16:00:00,2025-03-21 18:00:00,2025-03-29 16:00:00,2025-03-29 20:00:00,37,Furniture,648.82,DELIVERED
SHP-01761,CUST-1005,NLRTM,INNSA,VSL-0052,2025-05-21 05:00:00,2025-05-31 05:00:00,2025-05-31 10:00:00,2025-07-01 05:00:00,2025-07-01 07:00:00,31,Food & Beverage,2423.37,DELIVERED
SHP-03119,CUST-1230,AEDXB,HKHKG,VSL-0072,2025-10-01 12:00:00,2025-10-08 12:00:00,2025-10-09 13:00:00,2025-11-06 12:00:00,2025-11-07 13:00:00,3,Automotive Parts,1006.66,DELAYED
SHP-03311,CUST-1081,INNSA,MYPKG,VSL-0030,2025-05-11 04:00:00,2025-05-20 04:00:00,2025-05-20 03:00:00,2025-05-28 04:00:00,2025-05-28 15:00:00,29,Apparel,1835.84,DELIVERED
SHP-03807,CUST-1015,JPYOK,INNSA,VSL-0029,2024-06-15 02:00:00,2024-06-23 02:00:00,2024-06-25 01:00:00,2024-06-28 02:00:00,2024-06-30 06:00:00,4,Pharmaceuticals,1442.56,DELAYED
SHP-04536,CUST-1105,MYPKG,BEANR,VSL-0058,2025-02-17 02:00:00,2025-02-20 02:00:00,2025-02-22 19:00:00,2025-03-24 02:00:00,2025-03-28 16:00:00,16,Food & Beverage,1112.37,DELAYED
SHP-02980,CUST-1007,INNSA,PKKAR,VSL-0004,2024-11-18 22:00:00,2024-11-29 22:00:00,2024-11-30 03:00:00,2024-12-05 22:00:00,2024-12-05 15:00:00,8,Apparel,1268.86,DELIVERED
SHP-02069,CUST-1098,USNYC,CNNGB,VSL-0022,2024-06-14 17:00:00,2024-06-22 17:00:00,2024-06-23 19:00:00,2024-07-21 17:00:00,2024-07-25 04:00:00,30,Apparel,1937.13,DELAYED
SHP-02572,CUST-1143,JPYOK,DEHAM,VSL-0011,2024-10-22 19:00:00,2024-10-26 19:00:00,2024-10-27 02:00:00,2024-11-11 19:00:00,2024-11-14 12:00:00,31,Machinery,1918.61,DELAYED
SHP-03913,CUST-1085,AEDXB,INMUN,VSL-0027,2024-10-13 20:00:00,2024-10-21 20:00:00,2024-10-22 20:00:00,2024-11-20 20:00:00,2024-11-24 16:00:00,1,Machinery,738.84,DELAYED
SHP-02733,CUST-1014,USLAX,HKHKG,VSL-0015,2025-03-31 14:00:00,2025-04-12 14:00:00,2025-04-12 18:00:00,2025-05-08 14:00:00,2025-05-11 13:00:00,24,Furniture,2581.82,DELAYED
SHP-03260,CUST-1083,INNSA,SGSIN,VSL-0062,2024-10-05 01:00:00,2024-10-11 01:00:00,2024-10-12 01:00:00,2024-10-18 01:00:00,2024-10-20 06:00:00,21,Furniture,1907.9,DELAYED
SHP-00938,CUST-1040,DEHAM,NLRTM,VSL-0061,2025-09-11 21:00:00,2025-09-22 21:00:00,2025-09-23 02:00:00,2025-09-26 21:00:00,2025-09-26 23:00:00,9,Chemicals,1009.64,DELIVERED
SHP-00202,CUST-1228,USSAV,USLAX,VSL-0074,2024-11-28 20:00:00,2024-12-03 20:00:00,,2024-12-08 20:00:00,,40,Consumer Goods,193.17,CANCELLED
SHP-00417,CUST-1189,USNYC,USSAV,VSL-0034,2024-07-05 16:00:00,2024-07-10 16:00:00,2024-07-11 23:00:00,2024-07-17 16:00:00,2024-07-20 04:00:00,27,Apparel,822.34,DELAYED
SHP-00627,CUST-1246,EGPSD,CNNGB,VSL-0007,2024-12-29 01:00:00,2025-01-03 01:00:00,2025-01-02 21:00:00,2025-02-05 01:00:00,2025-02-05 02:00:00,24,Apparel,1008.04,DELIVERED
SHP-03936,CUST-1134,NLRTM,INMUN,VSL-0015,2025-01-09 19:00:00,2025-01-14 19:00:00,2025-01-14 19:00:00,2025-02-09 19:00:00,2025-02-09 11:00:00,25,Raw Materials,199.07,DELIVERED
SHP-02246,CUST-1196,BRSSZ,KRPUS,VSL-0007,2025-06-05 07:00:00,2025-06-14 07:00:00,2025-06-15 14:00:00,2025-07-12 07:00:00,2025-07-17 01:00:00,5,Food & Beverage,1813.21,DELAYED
SHP-00508,CUST-1125,AEDXB,USSAV,VSL-0002,2025-06-05 12:00:00,2025-06-13 12:00:00,2025-06-14 03:00:00,2025-07-16 12:00:00,2025-07-19 23:00:00,24,Apparel,1374.75,DELAYED
SHP-03631,CUST-1219,NLRTM,INNSA,VSL-0046,2024-10-15 12:00:00,2024-10-26 12:00:00,2024-10-26 09:00:00,2024-11-20 12:00:00,2024-11-20 17:00:00,37,Automotive Parts,277.42,DELIVERED
SHP-03626,CUST-1141,INNSA,GBFXT,VSL-0032,2025-10-04 20:00:00,2025-10-16 20:00:00,2025-10-16 21:00:00,2025-11-03 20:00:00,2025-11-04 04:00:00,27,Machinery,389.38,DELIVERED
SHP-03325,CUST-1119,BRSSZ,EGPSD,VSL-0034,2025-10-10 02:00:00,2025-10-15 02:00:00,2025-10-15 05:00:00,2025-11-12 02:00:00,2025-11-12 02:00:00,14,Automotive Parts,571.68,DELIVERED
SHP-03094,CUST-1226,INNSA,USSAV,VSL-0049,2024-09-27 02:00:00,2024-10-07 02:00:00,2024-10-09 22:00:00,2024-10-23 02:00:00,2024-10-26 23:00:00,3,Pharmaceuticals,2773.3,DELAYED
SHP-04910,CUST-1048,INMUN,DEHAM,VSL-0066,2025-03-12 15:00:00,2025-03-20 15:00:00,2025-03-20 13:00:00,2025-04-11 15:00:00,2025-04-11 16:00:00,14,Electronics,1941.78,DELIVERED
SHP-00441,CUST-1093,USLGB,THBKK,VSL-0012,2025-02-20 20:00:00,2025-02-27 20:00:00,2025-02-28 00:00:00,2025-04-01 20:00:00,2025-04-02 03:00:00,36,Automotive Parts,1110.44,DELIVERED
SHP-04723,CUST-1007,ZADUR,ESVLC,VSL-0007,2025-07-09 11:00:00,2025-07-16 11:00:00,2025-07-16 19:00:00,2025-08-19 11:00:00,2025-08-21 18:00:00,28,Furniture,2059.97,DELAYED
SHP-04538,CUST-1104,CNSHA,THBKK,VSL-0045,2025-04-29 16:00:00,2025-05-10 16:00:00,2025-05-10 12:00:00,2025-05-19 16:00:00,2025-05-19 21:00:00,16,Consumer Goods,568.32,DELIVERED
SHP-01109,CUST-1206,ESVLC,JPYOK,VSL-0075,2024-06-30 21:00:00,2024-07-14 21:00:00,,2024-08-17 21:00:00,,38,Automotive Parts,2059.16,delivered
SHP-04193,CUST-1068,CNSZX,JPYOK,VSL-0044,2025-09-21 10:00:00,2025-10-05 10:00:00,2025-10-05 18:00:00,2025-10-11 10:00:00,2025-10-13 12:00:00,2,Pharmaceuticals,1215.05,DELAYED
SHP-03787,CUST-1049,INNSA,USNYC,VSL-0056,2025-04-04 01:00:00,2025-04-13 01:00:00,2025-04-14 23:00:00,2025-04-27 01:00:00,2025-05-02 00:00:00,9,Pharmaceuticals,987.9,DELAYED
SHP-02520,CUST-1042,HKHKG,KRPUS,VSL-0007,2024-08-20 02:00:00,2024-08-23 02:00:00,2024-08-24 10:00:00,2024-08-31 02:00:00,2024-09-04 12:00:00,7,Raw Materials,250.83,DELAYED
SHP-03621,CUST-1084,USNYC,SGSIN,VSL-0015,2025-08-28 03:00:00,2025-09-07 03:00:00,2025-09-09 15:00:00,2025-10-06 03:00:00,2025-10-10 06:00:00,26,Pharmaceuticals,1079.7,DELAYED
SHP-02363,CUST-1193,JPYOK,USLGB,VSL-0063,2025-02-04 07:00:00,2025-02-07 07:00:00,2025-02-09 02:00:00,2025-03-03 07:00:00,2025-03-06 08:00:00,27,Automotive Parts,1691.93,DELAYED
SHP-03674,CUST-1032,NLRTM,ESVLC,VSL-0061,2024-12-18 17:00:00,2025-01-01 17:00:00,2025-01-03 19:00:00,2025-01-10 17:00:00,2025-01-14 19:00:00,38,Furniture,1804.98,DELAYED
SHP-02668,CUST-1126,THBKK,HKHKG,VSL-0029,2025-01-31 19:00:00,2025-02-06 19:00:00,2025-02-06 22:00:00,2025-02-14 19:00:00,2025-02-15 06:00:00,39,Food & Beverage,1331.04,DELIVERED
SHP-00170,CUST-1210,ZADUR,KRPUS,VSL-0066,2025-03-10 21:00:00,2025-03-24 21:00:00,2025-03-25 03:00:00,2025-04-19 21:00:00,2025-04-19 18:00:00,18,Machinery,2253.19,DELIVERED
SHP-00664,CUST-1096,KRPUS,THBKK,VSL-0019,2024-09-17 10:00:00,2024-09-30 10:00:00,,2024-10-05 10:00:00,,33,Furniture,208.28,CANCELLED
SHP-00722,CUST-1119,INNSA,USLAX,VSL-0027,2025-08-29 22:00:00,2025-09-06 22:00:00,,2025-09-21 22:00:00,,14,Chemicals,1838.34,CANCELLED
SHP-04034,CUST-1045,INNSA,DEHAM,VSL-0078,2024-08-12 17:00:00,2024-08-25 17:00:00,2024-08-25 15:00:00,2024-09-27 17:00:00,2024-09-27 22:00:00,34,Electronics,365.05,DELIVERED
SHP-00853,CUST-1243,ZADUR,INNSA,VSL-0053,2025-02-24 22:00:00,2025-03-02 22:00:00,2025-03-02 23:00:00,2025-03-22 22:00:00,2025-03-23 06:00:00,26,Furniture,2034.25,DELIVERED
SHP-02251,CUST-1116,SGSIN,USLGB,VSL-0012,2024-09-06 19:00:00,2024-09-15 19:00:00,2024-09-15 18:00:00,2024-10-10 19:00:00,2024-10-11 05:00:00,32,Automotive Parts,504.16,DELIVERED
SHP-04316,CUST-1071,ZZZZZ,XXTST,VSL-0006,2024-09-16 09:00:00,2024-09-29 09:00:00,2024-09-29 07:00:00,2024-11-02 09:00:00,2024-11-02 12:00:00,7,Raw Materials,2570.3,DELIVERED
SHP-03131,CUST-1026,USSAV,AEDXB,VSL-0043,2025-01-02 18:00:00,2025-01-10 18:00:00,2025-01-11 23:00:00,2025-02-07 18:00:00,2025-02-10 16:00:00,1,Machinery,472.07,DELAYED
SHP-00456,CUST-1149,USLAX,HKHKG,VSL-0012,2024-06-23 03:00:00,2024-07-05 03:00:00,2024-07-05 11:00:00,2024-08-06 03:00:00,2024-08-06 23:00:00,9,Chemicals,2427.66,DELIVERED
SHP-04843,CUST-1103,CNSZX,USSAV,VSL-0013,2024-12-14 14:00:00,2024-12-19 14:00:00,2024-12-19 18:00:00,2025-01-13 14:00:00,2025-01-13 22:00:00,4,Electronics,342.06,DELIVERED
SHP-03352,CUST-1115,INNSA,USNYC,VSL-0068,2025-05-02 19:00:00,2025-05-09 19:00:00,2025-05-09 23:00:00,2025-05-28 19:00:00,2025-05-29 04:00:00,2,Consumer Goods,826.37,DELIVERED
SHP-03943,CUST-1176,USNYC,MYPKG,VSL-0062,2024-06-08 01:00:00,2024-06-16 01:00:00,2024-06-19 00:00:00,2024-07-14 01:00:00,2024-07-19 10:00:00,15,Machinery,1549.66,DELAYED
SHP-00619,CUST-1162,HKHKG,EGPSD,VSL-0030,2024-08-13 09:00:00,2024-08-18 09:00:00,2024-08-18 05:00:00,2024-09-10 09:00:00,2024-09-10 09:00:00,22,Furniture,1636.03,DELIVERED
SHP-00167,CUST-1016,CNSZX,BEANR,VSL-0041,2024-11-08 11:00:00,2024-11-11 11:00:00,2024-11-11 18:00:00,2024-12-01 11:00:00,2024-12-02 02:00:00,22,Raw Materials,1440.78,DELIVERED
SHP-04319,CUST-1037,BRSSZ,SGSIN,VSL-0032,2025-09-17 12:00:00,2025-09-26 12:00:00,2025-09-26 10:00:00,2025-10-25 12:00:00,2025-10-25 16:00:00,34,Pharmaceuticals,1743.65,DELIVERED
SHP-03025,CUST-1036,BEANR,DEHAM,VSL-0012,2024-11-03 12:00:00,2024-11-13 12:00:00,2024-11-13 09:00:00,2024-11-19 12:00:00,2024-11-19 17:00:00,18,Machinery,105.71,DELIVERED
SHP-04339,CUST-1017,BEANR,CNSHA,VSL-0058,2024-08-22 16:00:00,2024-09-01 16:00:00,2024-09-01 21:00:00,2024-09-16 16:00:00,2024-09-17 04:00:00,29,Food & Beverage,1492.87,DELIVERED
SHP-00932,CUST-1186,BEANR,JPYOK,VSL-0027,2025-04-11 19:00:00,2025-04-14 19:00:00,2025-04-15 00:00:00,2025-05-19 19:00:00,2025-05-19 13:00:00,34,Consumer Goods,1877.84,DELIVERED
SHP-04969,CUST-1016,BEANR,USNYC,VSL-0050,2024-09-07 09:00:00,2024-09-10 09:00:00,2024-09-10 07:00:00,2024-10-01 09:00:00,2024-10-01 06:00:00,39,Furniture,578.45,DELIVERED
SHP-01964,CUST-1168,GBFXT,INNSA,VSL-0001,2025-01-29 03:00:00,2025-02-07 03:00:00,2025-02-07 05:00:00,2025-02-22 03:00:00,2025-02-22 15:00:00,13,Automotive Parts,1885.72,DELIVERED
SHP-00871,CUST-1191,CNSZX,ZADUR,VSL-0056,2024-07-10 09:00:00,2024-07-14 09:00:00,2024-07-14 18:00:00,2024-08-10 09:00:00,2024-08-12 10:00:00,31,Apparel,64.35,DELAYED
SHP-02950,CUST-1135,ZADUR,JPYOK,VSL-0073,2024-09-23 03:00:00,2024-10-04 03:00:00,2024-10-04 07:00:00,2024-10-31 03:00:00,2024-10-30 21:00:00,3,Consumer Goods,2424.94,DELIVERED
SHP-03713,CUST-1100,BRSSZ,USSAV,VSL-0037,2025-05-29 13:00:00,2025-06-03 13:00:00,2025-06-03 17:00:00,2025-06-07 13:00:00,2025-06-07 22:00:00,39,Machinery,2097.21,DELIVERED
SHP-04849,CUST-1061,PKKAR,USNYC,VSL-0058,2025-04-13 13:00:00,2025-04-17 13:00:00,2025-04-18 19:00:00,2025-05-03 13:00:00,2025-05-07 05:00:00,1,Furniture,1506.96,DELAYED
SHP-03814,CUST-1120,USNYC,CNNGB,VSL-0032,2025-07-20 17:00:00,2025-07-29 17:00:00,2025-07-31 00:00:00,2025-08-17 17:00:00,2025-08-20 22:00:00,10,Consumer Goods,1995.9,DELAYED
SHP-01472,CUST-1065,AEDXB,GBFXT,VSL-0067,2025-04-02 00:00:00,2025-04-10 00:00:00,2025-04-10 02:00:00,2025-05-12 00:00:00,2025-05-12 03:00:00,35,Pharmaceuticals,2066.6,DELIVERED
SHP-02914,CUST-1176,SGSIN,CNSZX,VSL-0063,2025-03-21 19:00:00,2025-04-03 19:00:00,2025-04-03 21:00:00,2025-04-12 19:00:00,2025-04-13 05:00:00,24,Chemicals,346.63,DELIVERED
SHP-02827,CUST-1228,THBKK,HKHKG,VSL-0010,2024-09-18 02:00:00,2024-09-27 02:00:00,2024-09-27 07:00:00,2024-10-03 02:00:00,2024-10-03 01:00:00,31,Machinery,1176.43,DELIVERED
SHP-01002,CUST-1041,USNYC,GBFXT,VSL-0069,2025-04-05 18:00:00,2025-04-10 18:00:00,2025-04-10 22:00:00,2025-04-28 18:00:00,2025-04-29 00:00:00,10,Automotive Parts,1747.8,DELIVERED
SHP-01376,CUST-1165,THBKK,NLRTM,VSL-0066,2024-09-03 22:00:00,2024-09-15 22:00:00,2024-09-16 09:00:00,2024-10-14 22:00:00,2024-10-18 23:00:00,27,Raw Materials,2533.62,DELAYED
SHP-01932,CUST-1074,USLGB,INNSA,VSL-0056,2025-03-18 03:00:00,2025-03-23 03:00:00,2025-03-22 23:00:00,2025-04-15 03:00:00,2025-04-15 10:00:00,35,Chemicals,1167.1,DELIVERED
SHP-02887,CUST-1092,SGSIN,JPYOK,VSL-0078,2024-06-24 11:00:00,2024-07-04 11:00:00,2024-07-04 10:00:00,2024-07-13 11:00:00,2024-07-13 12:00:00,30,Consumer Goods,1547.71,DELIVERED
SHP-02354,CUST-1103,CNSZX,HKHKG,VSL-0041,2025-10-08 07:00:00,2025-10-17 07:00:00,2025-10-19 12:00:00,2025-10-27 07:00:00,2025-10-30 03:00:00,26,Apparel,1743.3,DELAYED
SHP-02500,CUST-1131,ESVLC,BRSSZ,VSL-0068,2024-06-01 16:00:00,2024-06-10 16:00:00,2024-06-10 18:00:00,2024-06-30 16:00:00,2024-06-30 09:00:00,27,Pharmaceuticals,-184.07,DELIVERED
SHP-02790,CUST-1123,NLRTM,DEHAM,VSL-0024,2025-10-06 11:00:00,2025-10-10 11:00:00,2025-10-10 15:00:00,2025-10-16 11:00:00,2025-10-16 12:00:00,29,Consumer Goods,658.99,DELIVERED
SHP-02949,CUST-1220,PKKAR,EGPSD,VSL-0018,2024-09-03 16:00:00,2024-09-16 16:00:00,2024-09-18 21:00:00,2024-10-13 16:00:00,2024-10-18 06:00:00,35,Raw Materials,2167.43,DELAYED
SHP-02859,CUST-1134,INMUN,KRPUS,VSL-0012,2025-02-27 01:00:00,2025-03-13 01:00:00,2025-03-12 23:00:00,2025-03-20 01:00:00,2025-03-20 02:00:00,4,Apparel,1462.03,DELIVERED
SHP-04369,CUST-1192,ESVLC,BRSSZ,VSL-0013,2025-03-14 22:00:00,2025-03-17 22:00:00,2025-03-18 05:00:00,2025-04-12 22:00:00,2025-04-15 03:00:00,27,Machinery,1433.33,DELAYED
SHP-04746,CUST-1250,BRSSZ,DEHAM,VSL-0020,2024-11-12 04:00:00,2024-11-25 04:00:00,2024-11-25 07:00:00,2024-12-27 04:00:00,2024-12-26 20:00:00,12,Raw Materials,,DELIVERED
SHP-04068,CUST-1048,SGSIN,GBFXT,VSL-0057,2025-07-06 19:00:00,2025-07-11 19:00:00,2025-07-13 21:00:00,2025-07-25 19:00:00,2025-07-30 19:00:00,2,Chemicals,2385.06,DELAYED
SHP-01719,CUST-1193,KRPUS,JPYOK,VSL-0008,2025-04-29 01:00:00,2025-05-07 01:00:00,2025-05-06 21:00:00,2025-05-17 01:00:00,2025-05-17 09:00:00,17,Pharmaceuticals,2005.25,DELIVERED
SHP-04245,CUST-1048,DEHAM,ESVLC,VSL-0025,2024-06-20 18:00:00,2024-07-02 18:00:00,2024-07-05 07:00:00,2024-07-06 18:00:00,2024-07-10 18:00:00,36,Pharmaceuticals,509.77,DELAYED
SHP-04625,CUST-1221,BRSSZ,USLAX,VSL-0009,2025-05-17 02:00:00,2025-05-30 02:00:00,2025-05-30 08:00:00,2025-06-07 02:00:00,2025-06-07 05:00:00,21,Chemicals,2682.95,DELIVERED
SHP-02412,CUST-1171,USLAX,THBKK,VSL-0051,2025-09-27 06:00:00,2025-10-05 06:00:00,2025-10-05 09:00:00,2025-10-27 06:00:00,2025-10-29 08:00:00,16,Furniture,570.07,DELAYED
SHP-01441,CUST-1186,NLRTM,CNSZX,VSL-0065,2024-08-07 15:00:00,2024-08-19 15:00:00,2024-08-20 08:00:00,2024-09-10 15:00:00,2024-09-11 08:00:00,26,Pharmaceuticals,1951.31,DELIVERED
SHP-02389,CUST-1049,MYPKG,AEDXB,VSL-0025,2025-01-11 11:00:00,2025-01-23 11:00:00,2025-01-26 00:00:00,2025-02-09 11:00:00,2025-02-14 08:00:00,3,Apparel,401.38,DELAYED
SHP-01778,CUST-1062,XXTST,INNSA,VSL-0050,2025-03-21 16:00:00,2025-03-30 16:00:00,2025-04-01 06:00:00,2025-04-25 16:00:00,2025-04-27 09:00:00,13,Food & Beverage,216.9,DELAYED
SHP-02057,CUST-1148,PKKAR,DEHAM,VSL-0066,2025-05-15 23:00:00,2025-05-25 23:00:00,,2025-06-18 23:00:00,,11,Apparel,718.53,delivered
SHP-00768,CUST-1204,KRPUS,NLRTM,VSL-0037,2025-04-23 18:00:00,2025-04-27 18:00:00,2025-04-29 06:00:00,2025-05-26 18:00:00,2025-05-28 01:00:00,23,Chemicals,458.11,DELAYED
SHP-03480,CUST-1086,ZADUR,NLRTM,VSL-0048,2024-06-26 11:00:00,2024-07-03 11:00:00,2024-07-04 03:00:00,2024-08-03 11:00:00,2024-08-07 07:00:00,10,Raw Materials,710.74,DELAYED
SHP-01684,CUST-1063,BEANR,ESVLC,VSL-0076,2024-12-02 15:00:00,2024-12-10 15:00:00,,2024-12-19 15:00:00,,23,Raw Materials,885.25,COMPLETED
SHP-02073,CUST-1218,JPYOK,CNSHA,VSL-0074,2025-06-26 17:00:00,2025-07-04 17:00:00,2025-07-04 23:00:00,2025-07-13 17:00:00,2025-07-13 21:00:00,17,Raw Materials,1826.86,DELIVERED
SHP-00761,CUST-1050,NLRTM,DEHAM,VSL-0002,2025-07-05 08:00:00,2025-07-13 08:00:00,2025-07-14 13:00:00,2025-07-20 08:00:00,2025-07-22 17:00:00,29,Food & Beverage,1610.52,DELAYED
SHP-00849,CUST-1001,PKKAR,ESVLC,VSL-0065,2024-12-16 00:00:00,2024-12-27 00:00:00,2024-12-28 13:00:00,2025-01-10 00:00:00,2025-01-12 04:00:00,39,Food & Beverage,2019.91,DELAYED
SHP-03919,CUST-1158,USLGB,MYPKG,VSL-0010,2025-08-29 20:00:00,2025-09-12 20:00:00,2025-09-12 23:00:00,2025-10-13 20:00:00,2025-10-13 23:00:00,8,Furniture,2647.79,DELIVERED
SHP-04952,CUST-1113,CNNGB,USSAV,VSL-0013,2024-07-20 13:00:00,2024-07-30 13:00:00,2024-08-01 08:00:00,2024-08-15 13:00:00,2024-08-18 11:00:00,5,Automotive Parts,1329.47,DELAYED
SHP-01180,CUST-1134,USLGB,BRSSZ,VSL-0022,2025-04-15 01:00:00,2025-04-18 01:00:00,2025-04-18 01:00:00,2025-04-21 01:00:00,2025-04-20 19:00:00,25,Raw Materials,258.08,DELIVERED
SHP-02609,CUST-1212,INMUN,INNSA,VSL-0016,2025-03-17 21:00:00,2025-03-26 21:00:00,2025-03-27 00:00:00,2025-03-30 21:00:00,2025-03-30 19:00:00,29,Machinery,2279.57,DELIVERED
SHP-01790,CUST-1005,USSAV,SGSIN,VSL-0023,2025-08-30 11:00:00,2025-09-06 11:00:00,2025-09-06 15:00:00,2025-09-27 11:00:00,2025-09-27 13:00:00,32,Machinery,2304.25,DELIVERED
SHP-00841,CUST-1109,USSAV,ESVLC,VSL-0050,2025-01-08 08:00:00,2025-01-22 08:00:00,2025-01-22 14:00:00,2025-02-22 08:00:00,2025-02-22 07:00:00,18,Automotive Parts,2426.05,DELIVERED
SHP-00471,CUST-1209,ZADUR,CNSZX,VSL-0029,2025-03-16 23:00:00,2025-03-21 23:00:00,2025-03-21 22:00:00,2025-04-04 23:00:00,2025-04-05 03:00:00,35,Chemicals,418.38,DELIVERED
SHP-01914,CUST-1159,PKKAR,ESVLC,VSL-0077,2024-12-24 19:00:00,2025-01-02 19:00:00,2025-01-04 01:00:00,2025-01-28 19:00:00,2025-01-31 13:00:00,17,electronics,192.82,DELAYED
SHP-00489,CUST-1228,NLRTM,CNSHA,VSL-0063,2025-03-31 02:00:00,2025-04-08 02:00:00,2025-04-10 11:00:00,2025-04-23 02:00:00,2025-04-26 05:00:00,5,Machinery,1012.55,DELAYED
SHP-00934,CUST-1042,NLRTM,CNSHA,VSL-0066,2025-07-26 01:00:00,2025-07-31 01:00:00,2025-07-31 04:00:00,2025-08-28 01:00:00,2025-08-27 22:00:00,37,Automotive parts,2249.11,DELIVERED
SHP-00482,CUST-1195,ZADUR,CNNGB,VSL-0069,2024-11-28 07:00:00,2024-12-01 07:00:00,2024-12-02 12:00:00,2024-12-21 07:00:00,2024-12-22 10:00:00,0,Consumer Goods,1109.29,DELAYED
SHP-04651,CUST-1103,ESVLC,USLGB,VSL-0070,2025-01-23 18:00:00,2025-02-02 18:00:00,,2025-02-21 18:00:00,,12,Machinery,2590.07,CANCELLED
SHP-04561,CUST-1184,USLAX,AEDXB,VSL-0001,2025-05-31 12:00:00,2025-06-04 12:00:00,2025-06-04 15:00:00,2025-06-30 12:00:00,2025-06-30 06:00:00,28,Automotive Parts,2015.34,DELIVERED
SHP-02579,CUST-1039,SGSIN,BRSSZ,VSL-0077,2024-07-16 17:00:00,2024-07-27 17:00:00,2024-07-27 23:00:00,2024-08-17 17:00:00,2024-08-17 23:00:00,16,Furniture,2054.02,DELIVERED
SHP-01026,CUST-1106,JPYOK,ZADUR,VSL-0078,2024-09-15 22:00:00,2024-09-22 22:00:00,2024-09-22 22:00:00,2024-10-10 22:00:00,2024-10-11 00:00:00,29,Furniture,1704.39,DELIVERED
SHP-00733,CUST-1086,ZADUR,SGSIN,VSL-0033,2025-08-16 17:00:00,2025-08-24 17:00:00,2025-08-24 19:00:00,2025-09-27 17:00:00,2025-09-27 13:00:00,8,Electronics,412.41,DELIVERED
SHP-02410,CUST-1145,THBKK,CNSHA,VSL-0033,2024-12-11 16:00:00,2024-12-22 16:00:00,2024-12-23 04:00:00,2024-12-30 16:00:00,2024-12-31 01:00:00,36,Apparel,1969.93,DELIVERED
SHP-02173,CUST-1232,KRPUS,BEANR,VSL-0001,2025-08-02 13:00:00,2025-08-15 13:00:00,2025-08-15 15:00:00,2025-08-29 13:00:00,2025-08-30 01:00:00,33,Machinery,731.33,DELIVERED
SHP-01087,CUST-1121,DEHAM,CNNGB,VSL-0005,2025-05-01 17:00:00,2025-05-08 17:00:00,2025-05-08 21:00:00,2025-06-09 17:00:00,2025-06-10 01:00:00,9,Chemicals,2404.97,DELIVERED
SHP-01950,CUST-1133,INNSA,BRSSZ,VSL-0054,2025-03-25 07:00:00,2025-04-05 07:00:00,2025-04-07 20:00:00,2025-05-06 07:00:00,2025-05-11 14:00:00,1,Chemicals,1668.74,DELAYED
SHP-02844,CUST-1067,INMUN,THBKK,VSL-0063,2025-02-04 10:00:00,2025-02-18 10:00:00,2025-02-18 14:00:00,2025-02-28 10:00:00,2025-02-28 09:00:00,13,Consumer Goods,1608.19,DELIVERED
SHP-04380,CUST-1051,CNNGB,EGPSD,VSL-0050,2025-08-22 20:00:00,2025-09-05 20:00:00,2025-09-06 01:00:00,2025-10-05 20:00:00,2025-10-09 07:00:00,24,Pharmaceuticals,679.7,DELAYED
SHP-03250,CUST-1108,PKKAR,KRPUS,VSL-0036,2024-09-18 12:00:00,2024-10-01 12:00:00,2024-10-01 18:00:00,2024-10-08 12:00:00,2024-10-08 13:00:00,26,Furniture,338.81,DELIVERED
SHP-02798,CUST-1192,BRSSZ,AEDXB,VSL-0078,2025-08-01 10:00:00,2025-08-06 10:00:00,2025-08-08 06:00:00,2025-08-30 10:00:00,2025-09-04 07:00:00,19,Chemicals,381.51,DELAYED
SHP-04630,CUST-1043,THBKK,CNSZX,VSL-0022,2025-02-26 18:00:00,2025-03-10 18:00:00,2025-03-10 19:00:00,2025-03-17 18:00:00,2025-03-18 05:00:00,36,Pharmaceuticals,318.77,DELIVERED
SHP-00911,CUST-1037,INNSA,MYPKG,VSL-0064,2024-06-25 02:00:00,2024-06-28 02:00:00,2024-06-27 22:00:00,2024-07-07 02:00:00,2024-07-07 01:00:00,17,Chemicals,2108.49,DELIVERED
SHP-04438,CUST-1189,ESVLC,INMUN,VSL-0001,2024-08-17 20:00:00,2024-08-23 20:00:00,2024-08-17 02:00:00,2024-09-27 20:00:00,2024-09-27 22:00:00,28,Furniture,1405.54,DELIVERED
SHP-04242,CUST-1247,BEANR,MYPKG,VSL-0022,2025-08-25 14:00:00,2025-08-28 14:00:00,2025-08-28 14:00:00,2025-09-25 14:00:00,2025-09-25 22:00:00,31,Pharmaceuticals,560.85,DELIVERED
SHP-02142,CUST-1182,INMUN,NLRTM,VSL-0068,2025-05-29 21:00:00,2025-06-12 21:00:00,2025-06-13 01:00:00,2025-07-14 21:00:00,2025-07-14 14:00:00,12,Electronics,841.05,DELIVERED
SHP-02818,CUST-1119,GBFXT,INMUN,VSL-0043,2024-10-26 05:00:00,2024-10-31 05:00:00,2024-11-02 17:00:00,2024-11-30 05:00:00,2024-12-03 18:00:00,9,Food & Beverage,729.04,DELAYED
SHP-00101,CUST-1154,BEANR,AEDXB,VSL-0050,2024-09-04 02:00:00,2024-09-18 02:00:00,2024-09-17 22:00:00,2024-10-22 02:00:00,2024-10-22 07:00:00,7,Food & Beverage,334.28,DELIVERED
SHP-04914,CUST-1025,ZADUR,EGPSD,VSL-0067,2024-11-16 00:00:00,2024-11-28 00:00:00,2024-11-27 22:00:00,2024-12-05 00:00:00,2024-12-05 05:00:00,10,Consumer Goods,1415.48,DELIVERED
SHP-03613,CUST-1248,EGPSD,NLRTM,VSL-0078,2024-12-09 11:00:00,2024-12-16 11:00:00,2024-12-16 15:00:00,2025-01-03 11:00:00,2025-01-03 10:00:00,12,Consumer Goods,2226.67,DELIVERED
SHP-03286,CUST-1015,CNSHA,CNNGB,VSL-0005,2025-09-10 13:00:00,2025-09-21 13:00:00,2025-09-21 15:00:00,2025-09-26 13:00:00,2025-09-26 17:00:00,24,Pharmaceuticals,-197.87,DELIVERED
SHP-00006,CUST-1110,AEDXB,MYPKG,VSL-0033,2024-09-24 20:00:00,2024-10-08 20:00:00,2024-10-10 04:00:00,2024-10-31 20:00:00,2024-11-03 23:00:00,21,Apparel,2546.06,DELAYED
SHP-02142,CUST-1182,INMUN,NLRTM,VSL-0068,2025-05-29 21:00:00,2025-06-12 21:00:00,2025-06-13 01:00:00,2025-07-14 21:00:00,2025-07-14 14:00:00,12,Electronics,841.05,DELIVERED
SHP-04302,CUST-1131,EGPSD,MYPKG,VSL-0024,2025-01-04 05:00:00,2025-01-14 05:00:00,2025-01-14 05:00:00,2025-02-07 05:00:00,2025-02-07 14:00:00,16,Pharmaceuticals,538.64,DELIVERED
SHP-01977,CUST-1244,CNSZX,USLGB,VSL-0031,2025-04-21 15:00:00,2025-05-05 15:00:00,2025-05-05 19:00:00,2025-05-19 15:00:00,2025-05-20 02:00:00,12,FURNITURE,2508.24,DELIVERED
SHP-03859,CUST-1206,GBFXT,PKKAR,VSL-0016,2025-08-23 08:00:00,2025-09-04 08:00:00,2025-09-06 01:00:00,2025-09-22 08:00:00,2025-09-26 15:00:00,28,Automotive Parts,254.15,DELAYED
SHP-02905,CUST-1034,KRPUS,ZADUR,VSL-0047,2025-08-14 09:00:00,2025-08-18 09:00:00,2025-08-18 08:00:00,2025-09-19 09:00:00,2025-09-19 13:00:00,15,Chemicals,2059.5,DELIVERED
SHP-00241,CUST-1018,INMUN,CNSZX,VSL-0065,2025-03-09 22:00:00,2025-03-13 22:00:00,2025-03-14 15:00:00,2025-03-20 22:00:00,2025-03-25 08:00:00,22,Consumer Goods,2554.96,DELAYED
SHP-01775,CUST-1074,CNSZX,NLRTM,VSL-0015,2025-02-28 18:00:00,2025-03-10 18:00:00,2025-03-13 01:00:00,2025-03-26 18:00:00,2025-03-31 20:00:00,9,Furniture,1446.83,DELAYED
SHP-01876,CUST-1246,KRPUS,INMUN,VSL-0012,2025-05-01 09:00:00,2025-05-10 09:00:00,2025-05-12 01:00:00,2025-05-16 09:00:00,2025-05-19 21:00:00,21,Machinery,714.64,DELAYED
SHP-01921,CUST-1033,MYPKG,USSAV,VSL-0052,2024-11-30 01:00:00,2024-12-09 01:00:00,2024-12-08 22:00:00,2024-12-29 01:00:00,2024-12-29 03:00:00,11,Raw Materials,1153.08,DELIVERED
SHP-03048,CUST-1209,SGSIN,DEHAM,VSL-0007,2024-09-21 11:00:00,2024-10-05 11:00:00,2024-10-07 13:00:00,2024-11-03 11:00:00,2024-11-05 19:00:00,19,Food & Beverage,424.62,DELAYED
SHP-04500,CUST-1201,NLRTM,AEDXB,VSL-0005,2025-09-18 07:00:00,2025-09-24 07:00:00,2025-09-24 10:00:00,2025-10-16 07:00:00,2025-10-16 16:00:00,38,Raw Materials,2265.24,DELIVERED
SHP-03273,CUST-1096,INMUN,USSAV,VSL-0013,2025-05-09 06:00:00,2025-05-12 06:00:00,2025-05-12 15:00:00,2025-06-11 06:00:00,2025-06-14 23:00:00,39,Pharmaceuticals,1931.52,DELAYED
SHP-03891,CUST-1135,THBKK,MYPKG,VSL-0030,2025-07-06 11:00:00,2025-07-13 11:00:00,2025-07-13 13:00:00,2025-07-16 11:00:00,2025-07-16 07:00:00,4,Raw Materials,1581.44,DELIVERED
SHP-00699,CUST-1070,CNSHA,JPYOK,VSL-0011,2024-08-24 19:00:00,2024-08-30 19:00:00,2024-08-30 23:00:00,2024-09-05 19:00:00,2024-09-06 05:00:00,23,Chemicals,621.71,DELIVERED
SHP-01573,CUST-1151,USLGB,USNYC,VSL-0046,2025-09-26 13:00:00,2025-10-05 13:00:00,2025-10-05 19:00:00,2025-10-15 13:00:00,2025-10-15 20:00:00,26,Furniture,1356.3,DELIVERED
SHP-01976,CUST-1154,SGSIN,MYPKG,VSL-0044,2025-08-04 01:00:00,2025-08-16 01:00:00,,2025-08-23 01:00:00,,7,Machinery,2526.29,CANCELLED
SHP-01786,CUST-1061,AEDXB,CNNGB,VSL-0002,2025-05-28 13:00:00,2025-06-05 13:00:00,2025-06-05 11:00:00,2025-07-07 13:00:00,2025-07-07 14:00:00,19,Apparel,864.56,DELIVERED
SHP-02004,CUST-1168,JPYOK,ESVLC,VSL-0054,2025-05-26 19:00:00,2025-06-07 19:00:00,2025-06-08 20:00:00,2025-07-11 19:00:00,2025-07-12 19:00:00,24,Pharmaceuticals,2120.79,DELIVERED
SHP-00044,CUST-1116,DEHAM,BRSSZ,VSL-0066,2024-10-11 07:00:00,2024-10-19 07:00:00,2024-10-19 12:00:00,2024-11-09 07:00:00,2024-11-09 01:00:00,15,Consumer Goods,1107.29,DELIVERED
SHP-02902,CUST-1092,BRSSZ,USLAX,VSL-0021,2024-12-26 16:00:00,2025-01-04 16:00:00,2025-01-04 20:00:00,2025-01-12 16:00:00,2025-01-13 00:00:00,13,Consumer Goods,344.67,DELIVERED
SHP-04473,CUST-1198,ESVLC,KRPUS,VSL-0034,2024-11-23 20:00:00,2024-12-04 20:00:00,2024-12-07 05:00:00,2024-12-20 20:00:00,2024-12-23 06:00:00,26,Automotive Parts,2233.3,DELAYED
SHP-02542,CUST-1187,CNSHA,PKKAR,VSL-0007,2024-07-23 14:00:00,2024-08-02 14:00:00,2024-08-04 20:00:00,2024-08-08 14:00:00,2024-08-11 07:00:00,10,Electronics,1827.81,DELAYED
SHP-00746,CUST-1230,INMUN,USNYC,VSL-0001,2024-09-19 17:00:00,2024-09-29 17:00:00,2024-09-29 18:00:00,2024-10-22 17:00:00,2024-10-22 23:00:00,22,Food & Beverage,1876.04,DELIVERED
SHP-01467,CUST-1197,NLRTM,USLAX,VSL-0016,2024-06-17 12:00:00,2024-06-22 12:00:00,2024-06-22 19:00:00,2024-07-15 12:00:00,2024-07-15 23:00:00,34,Furniture,2389.25,DELIVERED
SHP-03576,CUST-1128,EGPSD,MYPKG,VSL-0049,2025-09-13 18:00:00,2025-09-17 18:00:00,2025-09-17 16:00:00,2025-10-02 18:00:00,2025-10-02 15:00:00,23,Apparel,1053.29,DELIVERED
SHP-03415,CUST-1177,INNSA,JPYOK,VSL-0024,2025-08-04 19:00:00,2025-08-14 19:00:00,2025-08-14 21:00:00,2025-08-24 19:00:00,2025-08-24 16:00:00,32,Electronics,1451.17,DELIVERED
SHP-02178,CUST-1131,NLRTM,THBKK,VSL-0011,2024-10-24 07:00:00,2024-10-28 07:00:00,2024-10-31 03:00:00,2024-11-18 07:00:00,2024-11-21 20:00:00,16,Raw Materials,2164.5,DELAYED
SHP-03568,CUST-1056,INMUN,USLGB,VSL-0018,2024-11-29 04:00:00,2024-12-04 04:00:00,2024-12-04 09:00:00,2025-01-08 04:00:00,2025-01-11 14:00:00,12,Food & Beverage,271.75,DELAYED
SHP-00870,CUST-1063,KRPUS,GBFXT,VSL-0009,2024-06-05 04:00:00,2024-06-08 04:00:00,2024-06-08 01:00:00,2024-07-07 04:00:00,2024-07-06 23:00:00,37,food & beverage,1135.69,DELIVERED
SHP-03046,CUST-1231,USSAV,SGSIN,VSL-0073,2024-06-10 13:00:00,2024-06-16 13:00:00,,2024-07-08 13:00:00,,37,Raw Materials,2748.19,delivered
SHP-01484,CUST-1183,CNSHA,BEANR,VSL-0029,2024-10-07 18:00:00,2024-10-21 18:00:00,2024-10-21 21:00:00,2024-11-05 18:00:00,2024-11-05 10:00:00,37,FURNITURE,1754.93,DELIVERED
SHP-03078,CUST-1213,INNSA,PKKAR,VSL-0055,2025-04-05 05:00:00,2025-04-11 05:00:00,2025-04-14 02:00:00,2025-04-14 05:00:00,2025-04-19 09:00:00,39,Raw Materials,1341.6,DELAYED
SHP-02328,CUST-1115,CNNGB,USNYC,VSL-0047,2024-06-26 12:00:00,2024-07-09 12:00:00,2024-07-09 12:00:00,2024-08-11 12:00:00,2024-08-11 17:00:00,6,Apparel,1120.26,DELIVERED
SHP-00448,CUST-1249,BRSSZ,MYPKG,VSL-0053,2024-07-06 14:00:00,2024-07-11 14:00:00,2024-07-11 11:00:00,2024-08-11 14:00:00,2024-08-12 01:00:00,21,Apparel,735.17,DELIVERED
SHP-03957,CUST-1008,AEDXB,NLRTM,VSL-0017,2025-07-09 06:00:00,2025-07-16 06:00:00,2025-07-17 01:00:00,2025-08-14 06:00:00,2025-08-18 06:00:00,24,Food & Beverage,313.91,DELAYED
SHP-04800,CUST-1119,PKKAR,INNSA,VSL-0078,2025-07-21 14:00:00,2025-07-25 14:00:00,,2025-07-29 14:00:00,,32,Electronics,126.14,Complete
SHP-03496,CUST-1115,USLAX,PKKAR,VSL-0018,2025-03-04 08:00:00,2025-03-13 08:00:00,2025-03-13 11:00:00,2025-04-01 08:00:00,2025-04-01 05:00:00,7,Chemicals,1914.48,DELIVERED
SHP-00192,CUST-1024,HKHKG,DEHAM,VSL-0037,2024-10-09 00:00:00,2024-10-23 00:00:00,2024-10-23 06:00:00,2024-11-17 00:00:00,2024-11-17 12:00:00,34,Machinery,2496.82,DELIVERED
SHP-01625,CUST-1047,CNSHA,DEHAM,VSL-0033,2025-02-14 06:00:00,2025-02-19 06:00:00,2025-02-19 10:00:00,2025-03-20 06:00:00,2025-03-21 20:00:00,26,Consumer Goods,2382.39,DELAYED
SHP-03292,CUST-1058,USNYC,USLGB,VSL-0072,2024-10-23 01:00:00,2024-10-28 01:00:00,2024-10-29 21:00:00,2024-11-03 01:00:00,2024-11-06 12:00:00,4,Automotive Parts,1082.5,DELAYED
SHP-00850,CUST-1098,KRPUS,EGPSD,VSL-0064,2025-04-20 02:00:00,2025-04-28 02:00:00,2025-04-28 23:00:00,2025-05-15 02:00:00,2025-05-16 13:00:00,40,Raw Materials,492.1,DELAYED
SHP-02744,CUST-1047,CNSZX,BRSSZ,VSL-0036,2024-11-17 07:00:00,2024-11-30 07:00:00,2024-11-30 05:00:00,2024-12-17 07:00:00,2024-12-17 01:00:00,30,Raw Materials,622.58,DELIVERED
SHP-02540,CUST-1137,USSAV,GBFXT,VSL-0001,2025-03-12 15:00:00,2025-03-18 15:00:00,,2025-04-17 15:00:00,,38,Furniture,-164.17,CANCELLED
SHP-00988,CUST-1202,KRPUS,NLRTM,VSL-0002,2024-07-03 00:00:00,2024-07-17 00:00:00,2024-07-19 10:00:00,2024-08-08 00:00:00,2024-08-12 02:00:00,27,Chemicals,1738.62,DELAYED
SHP-01051,CUST-1094,HKHKG,USLAX,VSL-0033,2024-10-15 05:00:00,2024-10-19 05:00:00,2024-10-19 02:00:00,2024-11-16 05:00:00,2024-11-15 22:00:00,21,Raw Materials,2599.84,DELIVERED
SHP-02894,CUST-1093,HKHKG,ZADUR,VSL-0012,2025-08-13 17:00:00,2025-08-20 17:00:00,2025-08-20 20:00:00,2025-09-24 17:00:00,2025-09-24 11:00:00,29,Machinery,60.97,DELIVERED
SHP-01544,CUST-1153,XXTST,MYPKG,VSL-0052,2024-12-11 05:00:00,2024-12-25 05:00:00,2024-12-25 23:00:00,2025-01-11 05:00:00,2025-01-12 10:00:00,18,Machinery,2578.39,DELAYED
SHP-00142,CUST-1247,NLRTM,USNYC,VSL-0069,2025-05-23 07:00:00,2025-06-02 07:00:00,2025-06-04 07:00:00,2025-06-30 07:00:00,2025-07-02 13:00:00,10,Consumer Goods,1322.83,DELAYED
SHP-02513,CUST-1168,CNSHA,BRSSZ,VSL-0040,2025-02-16 20:00:00,2025-02-22 20:00:00,2025-02-22 18:00:00,2025-03-10 20:00:00,2025-03-11 00:00:00,4,Pharmaceuticals,1997.13,DELIVERED
SHP-03661,CUST-1165,USLAX,USLGB,VSL-0060,2025-09-21 21:00:00,2025-10-02 21:00:00,2025-10-04 23:00:00,2025-10-08 21:00:00,2025-10-11 12:00:00,16,Electronics,923.41,DELAYED
SHP-01641,CUST-1023,INMUN,PKKAR,VSL-0048,2025-07-10 19:00:00,2025-07-13 19:00:00,2025-07-14 16:00:00,2025-07-20 19:00:00,2025-07-25 15:00:00,10,Raw Materials,916.0,DELAYED
SHP-02002,CUST-1003,AEDXB,USSAV,VSL-0051,2024-08-15 13:00:00,2024-08-18 13:00:00,2024-08-20 06:00:00,2024-09-01 13:00:00,2024-09-06 03:00:00,16,Raw Materials,2081.67,DELAYED
SHP-03364,CUST-1040,BRSSZ,GBFXT,VSL-0010,2025-08-07 02:00:00,2025-08-20 02:00:00,,2025-09-18 02:00:00,,22,Raw Materials,474.45,COMPLETED
SHP-02864,CUST-1100,GBFXT,HKHKG,VSL-0075,2024-08-02 22:00:00,2024-08-13 22:00:00,,2024-08-30 22:00:00,,37,Raw Materials,1020.95,CANCELLED
SHP-04765,CUST-1163,BEANR,PKKAR,VSL-0059,2025-05-14 22:00:00,2025-05-19 22:00:00,2025-05-20 00:00:00,2025-06-12 22:00:00,2025-06-12 18:00:00,6,Automotive Parts,100.57,DELIVERED
SHP-03772,CUST-1239,ESVLC,CNSHA,VSL-0035,2024-11-30 08:00:00,2024-12-06 08:00:00,2024-12-06 13:00:00,2024-12-29 08:00:00,2024-12-29 01:00:00,6,Machinery,2263.33,DELIVERED
SHP-04168,CUST-1014,JPYOK,BRSSZ,VSL-0080,2024-12-21 11:00:00,2024-12-25 11:00:00,2024-12-25 11:00:00,2025-01-11 11:00:00,2025-01-11 03:00:00,7,Furniture,1102.08,DELIVERED
SHP-03827,CUST-1113,USLAX,USNYC,VSL-0003,2025-05-11 07:00:00,2025-05-24 07:00:00,2025-05-24 14:00:00,2025-05-30 07:00:00,2025-06-01 07:00:00,21,Consumer Goods,824.67,DELAYED
SHP-01635,CUST-1056,THBKK,ESVLC,VSL-0070,2025-08-14 17:00:00,2025-08-28 17:00:00,2025-08-29 02:00:00,2025-09-23 17:00:00,2025-09-24 04:00:00,21,Machinery,502.91,DELIVERED
SHP-04519,CUST-1112,KRPUS,CNNGB,VSL-0006,2025-03-19 09:00:00,2025-03-30 09:00:00,2025-04-02 05:00:00,2025-04-02 09:00:00,2025-04-08 14:00:00,16,Consumer Goods,1303.71,DELAYED
SHP-03693,CUST-1157,KRPUS,SGSIN,VSL-0043,2025-05-31 20:00:00,2025-06-09 20:00:00,2025-06-10 02:00:00,2025-06-19 20:00:00,2025-06-19 16:00:00,16,Electronics,2631.44,DELIVERED
SHP-00645,CUST-1137,EGPSD,SGSIN,VSL-0080,2024-08-14 19:00:00,2024-08-25 19:00:00,2024-08-26 00:00:00,2024-09-24 19:00:00,2024-09-24 16:00:00,23,Furniture,848.97,DELIVERED
SHP-02959,CUST-1092,NLRTM,SGSIN,VSL-0045,2025-09-09 19:00:00,2025-09-20 19:00:00,2025-09-20 22:00:00,2025-10-11 19:00:00,2025-10-11 20:00:00,1,Pharmaceuticals,2538.67,DELIVERED
SHP-03336,CUST-1049,JPYOK,CNSZX,VSL-0017,2025-09-24 23:00:00,2025-09-29 23:00:00,2025-09-30 17:00:00,2025-10-02 23:00:00,2025-10-07 04:00:00,23, Chemicals,1807.91,DELAYED
SHP-01633,CUST-1227,CNSZX,BEANR,VSL-0048,2025-02-17 04:00:00,2025-02-27 04:00:00,2025-02-27 02:00:00,2025-03-18 04:00:00,2025-03-18 09:00:00,8,Pharmaceuticals,1119.77,DELIVERED
SHP-04705,CUST-1043,CNNGB,BEANR,VSL-0008,2024-07-11 17:00:00,2024-07-19 17:00:00,2024-07-19 16:00:00,2024-08-10 17:00:00,2024-08-10 19:00:00,2,Automotive Parts,321.99,DELIVERED
SHP-03559,CUST-1218,AEDXB,EGPSD,VSL-0041,2024-12-20 03:00:00,2024-12-27 03:00:00,2024-12-27 04:00:00,2025-01-01 03:00:00,2025-01-01 01:00:00,19,Pharmaceuticals,718.29,DELIVERED
SHP-03173,CUST-1099,INMUN,USLGB,VSL-0050,2024-10-18 04:00:00,2024-10-22 04:00:00,2024-10-22 10:00:00,2024-11-07 04:00:00,2024-11-07 02:00:00,4,Automotive Parts,2774.44,DELIVERED
SHP-03974,CUST-1149,EGPSD,AEDXB,VSL-0056,2025-03-29 15:00:00,2025-04-10 15:00:00,,2025-04-17 15:00:00,,6,Food & Beverage,2108.56,CANCELLED
SHP-03848,CUST-1121,GBFXT,THBKK,VSL-0019,2024-06-29 15:00:00,2024-07-02 15:00:00,2024-07-02 12:00:00,2024-07-27 15:00:00,2024-07-27 08:00:00,29,Consumer Goods,2181.4,DELIVERED
SHP-02424,CUST-1061,USLAX,HKHKG,VSL-0059,2025-04-09 00:00:00,2025-04-15 00:00:00,2025-04-15 02:00:00,2025-04-30 00:00:00,2025-04-29 20:00:00,15, Chemicals,936.64,DELIVERED
SHP-03699,CUST-1079,CNSHA,INNSA,VSL-0080,2024-06-12 06:00:00,2024-06-25 06:00:00,,2024-06-28 06:00:00,,25,Food & Beverage,1043.14,CANCELLED
SHP-00869,CUST-1179,PKKAR,USLGB,VSL-0020,2025-02-02 05:00:00,2025-02-11 05:00:00,2025-02-11 02:00:00,2025-02-27 05:00:00,2025-02-27 05:00:00,11,Consumer Goods,1560.06,DELIVERED
SHP-04778,CUST-1185,THBKK,INMUN,VSL-0004,2025-09-19 08:00:00,2025-10-03 08:00:00,2025-10-03 11:00:00,2025-10-06 08:00:00,2025-10-06 10:00:00,4,Furniture,,DELIVERED
SHP-03803,CUST-1208,CNSZX,USNYC,VSL-0042,2025-04-04 23:00:00,2025-04-12 23:00:00,2025-04-15 18:00:00,2025-05-04 23:00:00,2025-05-09 12:00:00,24,Electronics,1540.63,DELAYED
SHP-00774,CUST-1170,CNSZX,JPYOK,VSL-0041,2025-07-13 21:00:00,2025-07-19 21:00:00,2025-07-19 22:00:00,2025-07-26 21:00:00,2025-07-26 18:00:00,23,Consumer Goods,2636.41,DELIVERED
SHP-03923,CUST-1221,XXTST,INMUN,VSL-0064,2024-10-30 12:00:00,2024-11-07 12:00:00,,2024-12-02 12:00:00,,20,Food & Beverage,1777.27,CANCELLED
SHP-00046,CUST-1153,CNSZX,HKHKG,VSL-0040,2024-07-09 02:00:00,2024-07-13 02:00:00,2024-07-13 03:00:00,2024-07-16 02:00:00,2024-07-16 05:00:00,12,Electronics,1459.59,DELIVERED
SHP-00395,CUST-1013,SGSIN,CNSZX,VSL-0078,2025-06-22 23:00:00,2025-06-27 23:00:00,2025-06-28 02:00:00,2025-07-07 23:00:00,2025-07-08 04:00:00,36,Consumer Goods,439.13,DELIVERED
SHP-02439,CUST-1106,USLGB,THBKK,VSL-0056,2024-10-02 16:00:00,2024-10-10 16:00:00,2024-10-10 13:00:00,2024-10-28 16:00:00,2024-10-28 19:00:00,24,Furniture,514.05,DELIVERED
SHP-00391,CUST-1128,JPYOK,BRSSZ,VSL-0038,2025-05-22 16:00:00,2025-05-26 16:00:00,2025-05-26 22:00:00,2025-06-29 16:00:00,2025-06-29 13:00:00,22,Pharmaceuticals,1188.34,DELIVERED
SHP-03489,CUST-1048,USLAX,SGSIN,VSL-0012,2025-04-22 18:00:00,2025-04-28 18:00:00,2025-04-29 12:00:00,2025-05-20 18:00:00,2025-05-23 01:00:00,5,machinery ,349.57,DELAYED
SHP-03490,CUST-1155,USLAX,BRSSZ,VSL-0050,2025-06-04 04:00:00,2025-06-11 04:00:00,2025-06-11 07:00:00,2025-06-14 04:00:00,2025-06-14 00:00:00,8,Chemicals,1704.17,DELIVERED
SHP-04402,CUST-1084,SGSIN,BEANR,VSL-0076,2025-04-09 21:00:00,2025-04-23 21:00:00,2025-04-23 22:00:00,2025-05-16 21:00:00,2025-05-17 00:00:00,37,Chemicals,1502.28,DELIVERED
SHP-03081,CUST-1015,THBKK,GBFXT,VSL-0044,2025-08-29 22:00:00,2025-09-10 22:00:00,2025-09-11 02:00:00,2025-10-15 22:00:00,2025-10-16 08:00:00,15,Pharmaceuticals,686.15,DELIVERED
SHP-01741,CUST-1141,USLAX,INNSA,VSL-0033,2025-09-09 08:00:00,2025-09-19 08:00:00,2025-09-21 11:00:00,2025-10-14 08:00:00,2025-10-19 22:00:00,28,Consumer Goods,2557.31,DELAYED
SHP-03072,CUST-1178,MYPKG,USSAV,VSL-0062,2025-02-09 03:00:00,2025-02-13 03:00:00,2025-02-14 07:00:00,2025-03-04 03:00:00,2025-03-09 04:00:00,30,Apparel,2468.11,DELAYED
SHP-04446,CUST-1188,ZADUR,USLGB,VSL-0077,2025-05-03 11:00:00,2025-05-11 11:00:00,2025-05-11 16:00:00,2025-06-12 11:00:00,2025-06-12 12:00:00,39,Pharmaceuticals,1770.35,DELIVERED
SHP-00103,CUST-1002,GBFXT,CNNGB,VSL-0074,2024-06-21 10:00:00,2024-06-28 10:00:00,2024-06-30 21:00:00,2024-07-19 10:00:00,2024-07-23 02:00:00,5,Electronics,1642.45,DELAYED
SHP-00234,CUST-1111,BEANR,SGSIN,VSL-0062,2024-07-22 07:00:00,2024-07-29 07:00:00,2024-08-01 03:00:00,2024-08-16 07:00:00,2024-08-20 09:00:00,27,Consumer Goods,1591.31,DELAYED
SHP-04978,CUST-1151,GBFXT,USNYC,VSL-0034,2025-06-18 08:00:00,2025-06-29 08:00:00,2025-06-29 09:00:00,2025-08-03 08:00:00,2025-08-03 12:00:00,15,Furniture,733.69,DELIVERED
SHP-04862,CUST-1242,KRPUS,DEHAM,VSL-0005,2025-07-23 08:00:00,2025-08-03 08:00:00,2025-08-03 04:00:00,2025-08-19 08:00:00,2025-08-19 15:00:00,7,Chemicals,1492.36,DELIVERED
SHP-01259,CUST-1049,INMUN,USLAX,VSL-0018,2025-08-31 02:00:00,2025-09-09 02:00:00,2025-09-09 02:00:00,2025-10-01 02:00:00,2025-10-01 06:00:00,24,electronics,1311.43,DELIVERED
SHP-04681,CUST-1021,INMUN,BRSSZ,VSL-0033,2025-02-06 01:00:00,2025-02-19 01:00:00,2025-02-20 12:00:00,2025-03-21 01:00:00,2025-03-25 04:00:00,10,Consumer Goods,2209.79,DELAYED
SHP-02044,CUST-1047,USLGB,NLRTM,VSL-0047,2024-10-06 14:00:00,2024-10-19 14:00:00,2024-10-19 19:00:00,2024-11-18 14:00:00,2024-11-18 15:00:00,17,Automotive Parts,864.06,DELIVERED
SHP-03549,CUST-1093,USNYC,KRPUS,VSL-0047,2024-12-06 09:00:00,2024-12-16 09:00:00,2024-12-18 08:00:00,2025-01-10 09:00:00,2025-01-15 12:00:00,33,Pharmaceuticals,357.25,DELAYED
SHP-02528,CUST-1009,BRSSZ,MYPKG,VSL-0035,2024-10-31 02:00:00,2024-11-04 02:00:00,2024-11-04 17:00:00,2024-11-19 02:00:00,2024-11-22 11:00:00,23,Machinery,845.53,DELAYED
SHP-00462,CUST-1206,ZADUR,DEHAM,VSL-0034,2025-05-21 03:00:00,2025-05-24 03:00:00,2025-05-24 09:00:00,2025-06-11 03:00:00,2025-06-11 02:00:00,5,Furniture,2587.85,DELIVERED
SHP-01062,CUST-1187,JPYOK,MYPKG,VSL-0031,2024-07-31 22:00:00,2024-08-04 22:00:00,2024-08-05 06:00:00,2024-08-12 22:00:00,2024-08-14 22:00:00,36,Raw Materials,2493.91,DELAYED
SHP-00486,CUST-1004,BRSSZ,HKHKG,VSL-0007,2025-10-09 13:00:00,2025-10-17 13:00:00,2025-10-20 00:00:00,2025-11-10 13:00:00,2025-11-12 18:00:00,35,Raw Materials,2531.05,DELAYED
SHP-03151,CUST-1226,JPYOK,CNSHA,VSL-0008,2025-10-14 15:00:00,2025-10-26 15:00:00,2025-10-26 19:00:00,2025-11-04 15:00:00,2025-11-04 14:00:00,38,Machinery,2055.99,DELIVERED
SHP-00336,CUST-1111,THBKK,NLRTM,VSL-0011,2025-05-26 10:00:00,2025-05-30 10:00:00,2025-05-30 16:00:00,2025-07-01 10:00:00,2025-07-01 13:00:00,13,Electronics,2295.99,DELIVERED
SHP-04156,CUST-1153,ZADUR,USLGB,VSL-0041,2025-08-25 02:00:00,2025-09-02 02:00:00,2025-09-04 21:00:00,2025-10-06 02:00:00,2025-10-12 20:00:00,33,Chemicals,553.04,DELAYED
SHP-00243,CUST-1176,JPYOK,USSAV,VSL-0029,2024-08-27 02:00:00,2024-08-30 02:00:00,2024-08-30 04:00:00,2024-10-03 02:00:00,2024-10-03 06:00:00,37,Chemicals,1692.47,DELIVERED
SHP-02240,CUST-1035,DEHAM,ESVLC,VSL-0038,2024-07-07 08:00:00,2024-07-19 08:00:00,2024-07-19 06:00:00,2024-07-29 08:00:00,2024-07-29 14:00:00,40,Electronics,2010.47,DELIVERED
SHP-01668,CUST-1247,PKKAR,SGSIN,VSL-0050,2025-06-18 21:00:00,2025-06-25 21:00:00,2025-06-26 01:00:00,2025-07-01 21:00:00,2025-07-02 09:00:00,2,Electronics,674.39,DELIVERED
SHP-02188,CUST-1093,PKKAR,USNYC,VSL-0014,2025-09-18 14:00:00,2025-10-02 14:00:00,2025-10-02 12:00:00,2025-10-27 14:00:00,2025-10-27 12:00:00,35,Raw Materials,508.75,DELIVERED
SHP-01903,CUST-1052,THBKK,HKHKG,VSL-0077,2024-07-08 09:00:00,2024-07-15 09:00:00,2024-07-17 02:00:00,2024-07-21 09:00:00,2024-07-26 19:00:00,25,Furniture,1755.15,DELAYED
SHP-04729,CUST-1020,THBKK,EGPSD,VSL-0016,2025-03-14 23:00:00,2025-03-19 23:00:00,2025-03-21 11:00:00,2025-04-16 23:00:00,2025-04-22 11:00:00,18,Food & Beverage,2408.16,DELAYED
SHP-04365,CUST-1096,CNSZX,ESVLC,VSL-0069,2024-11-14 17:00:00,2024-11-26 17:00:00,2024-11-27 23:00:00,2024-12-24 17:00:00,2024-12-28 20:00:00,1,Consumer Goods,2383.97,DELAYED
SHP-02159,CUST-1135,KRPUS,CNSZX,VSL-0057,2025-03-26 19:00:00,2025-03-29 19:00:00,2025-03-31 14:00:00,2025-04-05 19:00:00,2025-04-10 02:00:00,13,Furniture,354.99,DELAYED
SHP-02484,CUST-1066,NLRTM,CNSHA,VSL-0074,2025-05-27 08:00:00,2025-06-04 08:00:00,2025-06-04 21:00:00,2025-06-22 08:00:00,2025-06-24 14:00:00,31,Machinery,,DELAYED
SHP-03164,CUST-1067,KRPUS,INMUN,VSL-0045,2024-08-30 05:00:00,2024-09-11 05:00:00,2024-09-11 03:00:00,2024-09-21 05:00:00,2024-09-21 17:00:00,5,Food & Beverage,2598.49,DELIVERED
SHP-01286,CUST-1123,GBFXT,CNNGB,VSL-0053,2025-08-18 21:00:00,2025-08-22 21:00:00,2025-08-23 02:00:00,2025-09-11 21:00:00,2025-09-12 02:00:00,17,Raw Materials,1401.84,DELIVERED
SHP-03506,CUST-1212,ESVLC,INNSA,VSL-0074,2024-11-24 14:00:00,2024-12-07 14:00:00,2024-12-07 11:00:00,2025-01-04 14:00:00,2025-01-04 15:00:00,32,Automotive Parts,2741.64,DELIVERED
SHP-04177,CUST-1196,JPYOK,MYPKG,VSL-0020,2024-08-27 02:00:00,2024-09-10 02:00:00,2024-09-10 01:00:00,2024-09-19 02:00:00,2024-09-19 10:00:00,37,Automotive Parts,2243.89,DELIVERED
SHP-02340,CUST-1020,PKKAR,DEHAM,VSL-0067,2024-10-26 12:00:00,2024-11-09 12:00:00,2024-11-11 21:00:00,2024-12-06 12:00:00,2024-12-10 08:00:00,37,Food & Beverage,486.35,DELAYED
SHP-04715,CUST-1183,KRPUS,USLAX,VSL-0030,2025-04-23 13:00:00,2025-05-03 13:00:00,2025-05-03 15:00:00,2025-05-17 13:00:00,2025-05-17 15:00:00,37,Machinery,657.42,DELIVERED
SHP-01035,CUST-1105,AEDXB,INNSA,VSL-0071,2025-01-28 20:00:00,2025-02-04 20:00:00,,2025-03-07 20:00:00,,27,Chemicals,2693.91,CANCELLED
SHP-00683,CUST-1096,AEDXB,USLGB,VSL-0028,2024-09-10 06:00:00,2024-09-24 06:00:00,2024-09-26 22:00:00,2024-10-12 06:00:00,2024-10-15 21:00:00,0,Pharmaceuticals,676.82,DELAYED
SHP-02449,CUST-1145,CNSZX,USLGB,VSL-0007,2024-09-22 22:00:00,2024-10-06 22:00:00,2024-10-06 21:00:00,2024-10-31 22:00:00,2024-10-31 18:00:00,31,Automotive Parts,2724.65,DELIVERED
SHP-03105,CUST-1086,GBFXT,CNSZX,VSL-0072,2025-01-11 05:00:00,2025-01-21 05:00:00,2025-01-21 08:00:00,2025-02-11 05:00:00,2025-02-11 02:00:00,25,Pharmaceuticals,410.17,DELIVERED
SHP-03439,CUST-1052,HKHKG,CNSZX,VSL-0027,2025-08-10 05:00:00,2025-08-17 05:00:00,2025-08-17 07:00:00,2025-08-23 05:00:00,2025-08-23 13:00:00,23,Apparel,850.58,DELIVERED
SHP-03766,CUST-1138,BEANR,USSAV,VSL-0054,2024-11-09 01:00:00,2024-11-14 01:00:00,,2024-12-04 01:00:00,,4,Raw Materials,1557.26,CANCELLED
SHP-00529,CUST-1155,PKKAR,USLAX,VSL-0044,2025-09-26 05:00:00,2025-09-30 05:00:00,2025-10-01 22:00:00,2025-10-24 05:00:00,2025-10-29 07:00:00,4,Apparel,2449.36,DELAYED
SHP-00337,CUST-1028,THBKK,INNSA,VSL-0049,2025-04-09 19:00:00,2025-04-16 19:00:00,2025-04-18 13:00:00,2025-04-24 19:00:00,2025-04-27 06:00:00,32,food & beverage,859.83,DELAYED
SHP-03284,CUST-1027,USSAV,KRPUS,VSL-0003,2025-08-08 12:00:00,2025-08-19 12:00:00,2025-08-20 00:00:00,2025-09-12 12:00:00,2025-09-13 02:00:00,36,Raw Materials,1994.56,DELIVERED
SHP-01471,CUST-1182,INNSA,USSAV,VSL-0008,2025-04-02 22:00:00,2025-04-07 22:00:00,2025-04-10 02:00:00,2025-05-05 22:00:00,2025-05-10 20:00:00,39,Furniture,2553.7,DELAYED
SHP-00648,CUST-1132,NLRTM,KRPUS,VSL-0078,2024-09-17 23:00:00,2024-09-22 23:00:00,2024-09-23 02:00:00,2024-10-08 23:00:00,2024-10-09 05:00:00,30,Furniture,1751.25,DELIVERED
SHP-04602,CUST-1155,INMUN,ZADUR,VSL-0079,2025-08-20 19:00:00,2025-08-28 19:00:00,2025-08-31 04:00:00,2025-09-25 19:00:00,2025-09-30 09:00:00,17,Pharmaceuticals,2629.57,DELAYED
SHP-04393,CUST-1056,CNNGB,EGPSD,VSL-0050,2024-06-11 09:00:00,2024-06-18 09:00:00,2024-06-18 10:00:00,2024-07-22 09:00:00,2024-07-25 03:00:00,2,Pharmaceuticals,656.57,DELAYED
SHP-00132,CUST-1127,GBFXT,PKKAR,VSL-0025,2024-12-31 20:00:00,2025-01-12 20:00:00,2025-01-12 23:00:00,2025-02-16 20:00:00,2025-02-16 17:00:00,4,Furniture,2424.34,DELIVERED
SHP-04877,CUST-1195,USNYC,DEHAM,VSL-0009,2025-02-15 18:00:00,2025-02-26 18:00:00,2025-02-26 19:00:00,2025-03-13 18:00:00,2025-03-13 10:00:00,8,Food & Beverage,734.64,DELIVERED
SHP-02640,CUST-1073,BRSSZ,USSAV,VSL-0076,2024-12-17 04:00:00,2024-12-22 04:00:00,2024-12-22 10:00:00,2024-12-25 04:00:00,2024-12-25 15:00:00,10, Chemicals,1839.54,DELIVERED
SHP-01696,CUST-1245,ZZZZZ,THBKK,VSL-0031,2024-06-10 16:00:00,2024-06-20 16:00:00,2024-06-20 18:00:00,2024-07-04 16:00:00,2024-07-04 15:00:00,10,Machinery,2325.37,DELIVERED
SHP-00204,CUST-1019,BRSSZ,AEDXB,VSL-0009,2025-05-21 22:00:00,2025-06-03 22:00:00,2025-06-03 21:00:00,2025-07-01 22:00:00,2025-07-01 18:00:00,31,Apparel,2583.41,DELIVERED
SHP-00152,CUST-1220,PKKAR,BRSSZ,VSL-0067,2024-09-24 12:00:00,2024-09-28 12:00:00,2024-09-29 06:00:00,2024-10-17 12:00:00,2024-10-21 15:00:00,29,Pharmaceuticals,2307.76,DELAYED
SHP-03824,CUST-1182,ZADUR,BEANR,VSL-0032,2025-03-16 10:00:00,2025-03-27 10:00:00,2025-03-28 11:00:00,2025-04-17 10:00:00,2025-04-21 16:00:00,25,Raw Materials,2676.18,DELAYED
SHP-01594,CUST-1173,SGSIN,NLRTM,VSL-0075,2024-10-23 03:00:00,2024-10-26 03:00:00,2024-10-26 03:00:00,2024-11-11 03:00:00,2024-11-11 15:00:00,6,Chemicals,1942.24,DELIVERED
SHP-03739,CUST-1211,CNSHA,ZADUR,VSL-0059,2024-09-01 19:00:00,2024-09-15 19:00:00,2024-09-15 21:00:00,2024-10-02 19:00:00,2024-10-02 23:00:00,33,Automotive Parts,862.54,DELIVERED
SHP-02124,CUST-1070,CNSHA,GBFXT,VSL-0069,2025-08-04 10:00:00,2025-08-12 10:00:00,2025-08-14 21:00:00,2025-09-04 10:00:00,2025-09-07 00:00:00,29,Electronics,2263.96,DELAYED
SHP-01044,CUST-1056,CNSHA,THBKK,VSL-0060,2024-08-27 17:00:00,2024-09-06 17:00:00,2024-09-06 19:00:00,2024-09-09 17:00:00,2024-09-12 23:00:00,0,Automotive Parts,2470.59,DELAYED
SHP-01390,CUST-1052,INMUN,CNSHA,VSL-0021,2025-08-21 20:00:00,2025-08-27 20:00:00,2025-08-27 20:00:00,2025-09-01 20:00:00,2025-09-01 16:00:00,18,Machinery,172.32,DELIVERED
SHP-00882,CUST-1185,JPYOK,PKKAR,VSL-0046,2025-07-10 05:00:00,2025-07-15 05:00:00,2025-07-15 04:00:00,2025-07-19 05:00:00,2025-07-19 17:00:00,16,Raw Materials,1459.22,DELIVERED
SHP-02404,CUST-1174,INMUN,KRPUS,VSL-0064,2025-02-18 13:00:00,2025-02-25 13:00:00,2025-02-25 18:00:00,2025-03-07 13:00:00,2025-03-07 12:00:00,32,Chemicals,810.96,DELIVERED
SHP-04176,CUST-1077,KRPUS,MYPKG,VSL-0012,2025-02-05 01:00:00,2025-02-09 01:00:00,2025-02-08 21:00:00,2025-02-14 01:00:00,2025-02-14 00:00:00,26,Machinery,1897.7,DELIVERED
SHP-03215,CUST-1214,INNSA,PKKAR,VSL-0077,2025-02-12 18:00:00,2025-02-26 18:00:00,2025-02-26 19:00:00,2025-03-08 18:00:00,2025-03-08 18:00:00,24,Furniture,1916.92,DELIVERED
SHP-04327,CUST-1114,CNSHA,CNSZX,VSL-0001,2025-05-21 16:00:00,2025-05-26 16:00:00,2025-05-29 10:00:00,2025-06-01 16:00:00,2025-06-05 05:00:00,35,Chemicals,940.24,DELAYED
SHP-02235,CUST-1144,SGSIN,CNSZX,VSL-0040,2024-08-03 16:00:00,2024-08-12 16:00:00,2024-08-14 13:00:00,2024-08-22 16:00:00,2024-08-28 11:00:00,15,Furniture,545.8,DELAYED
SHP-01138,CUST-1070,PKKAR,USLAX,VSL-0062,2025-05-14 15:00:00,2025-05-21 15:00:00,2025-05-23 02:00:00,2025-06-18 15:00:00,2025-06-21 02:00:00,13,Apparel,652.47,DELAYED
SHP-03186,CUST-1212,NLRTM,USNYC,VSL-0040,2024-12-08 20:00:00,2024-12-18 20:00:00,2024-12-18 16:00:00,2025-01-07 20:00:00,2025-01-07 14:00:00,30,Chemicals,2631.35,DELIVERED
SHP-04360,CUST-1215,USLAX,INMUN,VSL-0070,2025-08-25 16:00:00,2025-09-08 16:00:00,2025-08-23 18:00:00,2025-10-04 16:00:00,2025-10-04 21:00:00,13,Chemicals,1383.22,DELIVERED
SHP-04011,CUST-1050,ZADUR,INNSA,VSL-0049,2025-05-15 06:00:00,2025-05-22 06:00:00,2025-05-22 17:00:00,2025-06-25 06:00:00,2025-06-25 21:00:00,29,Furniture,2593.58,DELIVERED
SHP-00771,CUST-1111,BRSSZ,CNSZX,VSL-0007,2025-07-06 03:00:00,2025-07-18 03:00:00,2025-07-18 07:00:00,2025-08-14 03:00:00,2025-08-14 02:00:00,39,Consumer Goods,2248.92,DELIVERED
SHP-00061,CUST-1221,DEHAM,INNSA,VSL-0079,2025-06-29 23:00:00,2025-07-03 23:00:00,2025-07-03 20:00:00,2025-07-28 23:00:00,2025-07-28 16:00:00,4,Automotive Parts,758.53,DELIVERED
SHP-00872,CUST-1088,AEDXB,EGPSD,VSL-0033,2025-05-16 06:00:00,2025-05-23 06:00:00,2025-05-25 04:00:00,2025-06-01 06:00:00,2025-06-05 01:00:00,34,Pharmaceuticals,101.7,DELAYED
SHP-00753,CUST-1013,BRSSZ,KRPUS,VSL-0044,2024-08-14 23:00:00,2024-08-25 23:00:00,2024-08-26 06:00:00,2024-09-14 23:00:00,2024-09-19 02:00:00,34,Automotive Parts,2164.16,DELAYED
SHP-00322,CUST-1100,PKKAR,USNYC,VSL-0018,2024-07-06 22:00:00,2024-07-14 22:00:00,2024-07-14 19:00:00,2024-07-29 22:00:00,2024-07-29 17:00:00,40,Electronics,762.3,DELIVERED
SHP-02941,CUST-1229,USNYC,DEHAM,VSL-0051,2025-08-11 00:00:00,2025-08-17 00:00:00,2025-08-17 05:00:00,2025-09-17 00:00:00,2025-09-17 12:00:00,34,Machinery,675.63,DELIVERED
SHP-02461,CUST-1099,PKKAR,XXTST,VSL-0008,2025-05-26 02:00:00,2025-06-01 02:00:00,2025-06-01 07:00:00,2025-06-25 02:00:00,2025-06-25 08:00:00,7,Pharmaceuticals,472.95,DELIVERED
SHP-00998,CUST-1176,NLRTM,INMUN,VSL-0017,2025-06-13 02:00:00,2025-06-21 02:00:00,2025-06-21 02:00:00,2025-07-13 02:00:00,2025-07-13 03:00:00,24,Chemicals,1377.09,DELIVERED
SHP-01129,CUST-1226,BRSSZ,MYPKG,VSL-0023,2025-05-19 21:00:00,2025-06-01 21:00:00,2025-06-02 01:00:00,2025-06-23 21:00:00,2025-06-24 08:00:00,16,Machinery,2788.18,DELIVERED
SHP-01177,CUST-1218,ESVLC,AEDXB,VSL-0073,2025-03-19 19:00:00,2025-03-22 19:00:00,2025-03-22 21:00:00,2025-04-23 19:00:00,2025-04-24 04:00:00,32,Food & Beverage,2192.65,DELIVERED
SHP-00051,CUST-1203,KRPUS,INNSA,VSL-0004,2025-09-17 19:00:00,2025-09-24 19:00:00,2025-09-24 15:00:00,2025-09-27 19:00:00,2025-09-27 23:00:00,35,Food & Beverage,2143.31,DELIVERED
SHP-04739,CUST-1086,JPYOK,ESVLC,VSL-0004,2024-10-21 09:00:00,2024-10-29 09:00:00,2024-10-29 08:00:00,2024-11-29 09:00:00,2024-11-29 07:00:00,25,Automotive Parts,1235.46,DELIVERED
SHP-00335,CUST-1018,THBKK,USLGB,VSL-0067,2024-09-04 04:00:00,2024-09-08 04:00:00,2024-09-08 04:00:00,2024-09-30 04:00:00,2024-09-30 00:00:00,4,Automotive Parts,105.64,DELIVERED
SHP-01136,CUST-1022,ESVLC,USLGB,VSL-0046,2025-03-01 23:00:00,2025-03-08 23:00:00,2025-03-11 00:00:00,2025-04-12 23:00:00,2025-04-18 18:00:00,31,Electronics,655.75,DELAYED
SHP-02336,CUST-1193,BRSSZ,CNSZX,VSL-0040,2024-06-07 06:00:00,2024-06-13 06:00:00,2024-06-13 07:00:00,2024-06-28 06:00:00,2024-06-28 14:00:00,29,Chemicals,393.89,DELIVERED
SHP-03411,CUST-1160,USSAV,BRSSZ,VSL-0015,2024-07-12 12:00:00,2024-07-19 12:00:00,2024-07-19 13:00:00,2024-07-27 12:00:00,2024-07-27 08:00:00,30,Furniture,2596.16,DELIVERED
SHP-03400,CUST-1217,CNSZX,AEDXB,VSL-0004,2024-09-13 22:00:00,2024-09-18 22:00:00,2024-09-18 22:00:00,2024-10-07 22:00:00,2024-10-07 15:00:00,8,Electronics,242.79,DELIVERED
SHP-00075,CUST-1241,BRSSZ,USNYC,VSL-0065,2025-05-23 03:00:00,2025-06-03 03:00:00,2025-06-03 01:00:00,2025-06-11 03:00:00,2025-06-11 06:00:00,36,Automotive Parts,1856.38,DELIVERED
SHP-00755,CUST-1096,INMUN,CNNGB,VSL-0071,2024-11-11 23:00:00,2024-11-24 23:00:00,2024-11-25 01:00:00,2024-12-02 23:00:00,2024-12-03 06:00:00,27,Consumer Goods,2680.67,DELIVERED
SHP-04467,CUST-1199,MYPKG,INMUN,VSL-0060,2024-09-16 10:00:00,2024-09-20 10:00:00,2024-09-22 11:00:00,2024-09-25 10:00:00,2024-10-01 07:00:00,9,Raw Materials,2113.2,DELAYED
SHP-00838,CUST-1114,AEDXB,MYPKG,VSL-0076,2024-12-22 01:00:00,2024-12-28 01:00:00,2024-12-28 00:00:00,2025-01-31 01:00:00,2025-01-31 06:00:00,40,Machinery,1966.23,DELIVERED
SHP-02816,CUST-1149,ZADUR,JPYOK,VSL-0006,2025-09-19 13:00:00,2025-09-26 13:00:00,2025-09-26 18:00:00,2025-10-31 13:00:00,2025-11-01 00:00:00,1,Consumer Goods,639.13,DELIVERED
SHP-01324,CUST-1117,HKHKG,NLRTM,VSL-0008,2024-07-01 09:00:00,2024-07-04 09:00:00,2024-07-06 21:00:00,2024-07-20 09:00:00,2024-07-24 22:00:00,29,Apparel,2500.09,DELAYED
SHP-02509,CUST-1026,USSAV,INNSA,VSL-0070,2025-08-25 11:00:00,2025-09-05 11:00:00,2025-09-05 07:00:00,2025-09-24 11:00:00,2025-09-24 22:00:00,27,Machinery,849.57,DELIVERED
SHP-01889,CUST-1043,USLGB,MYPKG,VSL-0035,2024-09-29 00:00:00,2024-10-06 00:00:00,2024-10-05 20:00:00,2024-10-30 00:00:00,2024-10-30 03:00:00,26,Furniture,1187.19,DELIVERED
SHP-00961,CUST-1213,ESVLC,EGPSD,VSL-0060,2024-08-31 22:00:00,2024-09-03 22:00:00,2024-09-03 21:00:00,2024-09-19 22:00:00,2024-09-19 15:00:00,12,Consumer Goods,1684.54,DELIVERED
SHP-04643,CUST-1121,CNSHA,DEHAM,VSL-0058,2024-12-04 22:00:00,2024-12-10 22:00:00,2024-12-13 00:00:00,2025-01-05 22:00:00,2025-01-08 05:00:00,13,Pharmaceuticals,2118.48,DELAYED
SHP-01489,CUST-1161,BEANR,SGSIN,VSL-0025,2024-10-07 13:00:00,2024-10-10 13:00:00,2024-10-10 14:00:00,2024-10-24 13:00:00,2024-10-24 07:00:00,15,Chemicals,111.26,DELIVERED
SHP-02084,CUST-1247,CNSZX,ESVLC,VSL-0056,2024-09-24 03:00:00,2024-10-05 03:00:00,2024-10-05 04:00:00,2024-10-23 03:00:00,2024-10-23 00:00:00,29,Raw Materials,2560.27,DELIVERED
SHP-02701,CUST-1064,HKHKG,ZADUR,VSL-0036,2024-08-15 05:00:00,2024-08-26 05:00:00,2024-08-26 06:00:00,2024-09-11 05:00:00,2024-09-11 07:00:00,11,Electronics,116.47,DELIVERED
SHP-04713,CUST-1180,SGSIN,CNSZX,VSL-0029,2024-08-09 11:00:00,2024-08-15 11:00:00,2024-08-17 05:00:00,2024-08-24 11:00:00,2024-08-27 06:00:00,26,Machinery,1916.72,DELAYED
SHP-02122,CUST-1188,JPYOK,BRSSZ,VSL-0003,2025-09-02 06:00:00,2025-09-05 06:00:00,2025-09-05 06:00:00,2025-10-07 06:00:00,2025-10-07 15:00:00,31,Machinery,1974.28,DELIVERED
SHP-02149,CUST-1243,PKKAR,ESVLC,VSL-0077,2025-06-16 05:00:00,2025-06-24 05:00:00,2025-06-24 07:00:00,2025-07-12 05:00:00,2025-07-12 07:00:00,26,,-167.56,DELIVERED
SHP-03964,CUST-1238,PKKAR,THBKK,VSL-0034,2024-10-29 04:00:00,2024-11-12 04:00:00,2024-11-14 23:00:00,2024-11-20 04:00:00,2024-11-25 00:00:00,16,Electronics,2777.48,DELAYED
SHP-03596,CUST-1174,KRPUS,USLAX,VSL-0055,2025-04-21 04:00:00,2025-04-27 04:00:00,2025-04-27 03:00:00,2025-05-13 04:00:00,2025-05-13 00:00:00,21,Consumer Goods,2256.93,DELIVERED
SHP-03451,CUST-1141,MYPKG,AEDXB,VSL-0007,2025-04-21 15:00:00,2025-05-04 15:00:00,2025-05-07 07:00:00,2025-06-01 15:00:00,2025-06-06 17:00:00,37,Furniture,1385.87,DELAYED
SHP-00164,CUST-1200,GBFXT,USNYC,VSL-0036,2025-08-11 18:00:00,2025-08-16 18:00:00,2025-08-18 07:00:00,2025-09-13 18:00:00,2025-09-18 02:00:00,5,Consumer Goods,,DELAYED
SHP-02663,CUST-1145,USLAX,MYPKG,VSL-0051,2024-06-01 19:00:00,2024-06-05 19:00:00,2024-06-06 19:00:00,2024-06-28 19:00:00,2024-07-01 21:00:00,40,Automotive Parts,845.59,DELAYED
SHP-01485,CUST-1147,DEHAM,GBFXT,VSL-0056,2024-08-11 07:00:00,2024-08-20 07:00:00,2024-08-23 06:00:00,2024-08-23 07:00:00,2024-08-28 22:00:00,34,Raw Materials,1714.98,DELAYED
SHP-04320,CUST-1056,GBFXT,AEDXB,VSL-0023,2025-01-04 14:00:00,2025-01-13 14:00:00,,2025-02-08 14:00:00,,25,Raw Materials,393.86,N/A
SHP-01010,CUST-1038,ZADUR,MYPKG,VSL-0031,2025-01-23 10:00:00,2025-02-04 10:00:00,2025-02-04 23:00:00,2025-03-02 10:00:00,2025-03-02 19:00:00,5,electronics,1639.34,DELIVERED
SHP-03828,CUST-1206,ZADUR,HKHKG,VSL-0077,2024-06-23 08:00:00,2024-07-04 08:00:00,2024-07-04 11:00:00,2024-07-18 08:00:00,2024-07-18 00:00:00,37,Machinery,461.1,DELIVERED
SHP-02115,CUST-1178,SGSIN,INMUN,VSL-0004,2025-08-23 12:00:00,2025-09-04 12:00:00,2025-09-04 15:00:00,2025-09-07 12:00:00,2025-09-07 04:00:00,37,Automotive Parts,1020.44,DELIVERED
SHP-02026,CUST-1204,ESVLC,PKKAR,VSL-0007,2025-09-20 16:00:00,2025-09-28 16:00:00,2025-09-30 21:00:00,2025-10-23 16:00:00,2025-10-26 08:00:00,21,Food & Beverage,2678.48,DELAYED
SHP-03033,CUST-1061,JPYOK,ESVLC,VSL-0013,2024-11-04 22:00:00,2024-11-14 22:00:00,,2024-12-04 22:00:00,,29,Furniture,2628.61,CANCELLED
SHP-02893,CUST-1096,MYPKG,PKKAR,VSL-0052,2025-07-15 13:00:00,2025-07-28 13:00:00,2025-07-28 15:00:00,2025-08-06 13:00:00,2025-08-06 08:00:00,34,Machinery,2199.37,DELIVERED
SHP-02290,CUST-1237,PKKAR,USLAX,VSL-0012,2025-01-08 21:00:00,2025-01-15 21:00:00,2025-01-18 06:00:00,2025-02-09 21:00:00,2025-02-13 19:00:00,1,Furniture,1882.35,DELAYED
SHP-00598,CUST-1232,CNSHA,CNNGB,VSL-0067,2025-02-27 23:00:00,2025-03-12 23:00:00,2025-03-13 12:00:00,2025-03-17 23:00:00,2025-03-18 18:00:00,40,Chemicals,2469.16,DELIVERED
SHP-02549,CUST-1081,USLGB,PKKAR,VSL-0076,2024-06-23 23:00:00,2024-07-07 23:00:00,2024-07-08 04:00:00,2024-08-10 23:00:00,2024-08-11 09:00:00,22,Raw Materials,2754.93,DELIVERED
SHP-00389,CUST-1043,INMUN,ESVLC,VSL-0016,2025-02-27 19:00:00,2025-03-02 19:00:00,2025-03-02 15:00:00,2025-04-01 19:00:00,2025-04-02 06:00:00,19,Pharmaceuticals,2029.18,DELIVERED
SHP-04228,CUST-1026,USSAV,AEDXB,VSL-0021,2024-10-19 01:00:00,2024-10-30 01:00:00,2024-10-30 09:00:00,2024-11-17 01:00:00,2024-11-19 12:00:00,18,Furniture,2757.65,DELAYED
SHP-04432,CUST-1217,EGPSD,JPYOK,VSL-0056,2024-10-02 11:00:00,2024-10-15 11:00:00,2024-10-16 08:00:00,2024-11-01 11:00:00,2024-11-05 00:00:00,18,Chemicals,2115.31,DELAYED
SHP-04604,CUST-1004,INMUN,GBFXT,VSL-0055,2025-08-29 09:00:00,2025-09-10 09:00:00,2025-09-10 11:00:00,2025-10-07 09:00:00,2025-10-07 14:00:00,38,Chemicals,2019.83,DELIVERED
SHP-04431,CUST-1089,JPYOK,EGPSD,VSL-0034,2024-11-16 18:00:00,2024-11-23 18:00:00,2024-11-24 01:00:00,2024-12-10 18:00:00,2024-12-13 23:00:00,27,Raw Materials,898.83,DELAYED
SHP-00263,CUST-1241,CNNGB,SGSIN,VSL-0063,2024-10-16 00:00:00,2024-10-19 00:00:00,2024-10-19 08:00:00,2024-10-23 00:00:00,2024-10-26 11:00:00,38,Chemicals,2270.55,DELAYED
SHP-00257,CUST-1224,JPYOK,INMUN,VSL-0055,2025-05-16 15:00:00,2025-05-20 15:00:00,2025-05-20 11:00:00,2025-05-28 15:00:00,2025-05-28 23:00:00,36,electronics,884.89,DELIVERED
SHP-01972,CUST-1225,INMUN,ESVLC,VSL-0016,2024-07-04 05:00:00,2024-07-08 05:00:00,2024-07-08 04:00:00,2024-08-03 05:00:00,2024-08-03 01:00:00,8,Electronics,1267.41,DELIVERED
SHP-00814,CUST-1215,HKHKG,BRSSZ,VSL-0010,2025-04-20 13:00:00,2025-04-28 13:00:00,2025-04-28 09:00:00,2025-05-19 13:00:00,2025-05-19 11:00:00,33,,1444.83,DELIVERED
SHP-00360,CUST-1188,ESVLC,CNNGB,VSL-0073,2024-06-22 17:00:00,2024-06-30 17:00:00,2024-06-30 22:00:00,2024-07-31 17:00:00,2024-07-31 21:00:00,38,Machinery,1265.39,DELIVERED
SHP-00921,CUST-1009,ZADUR,USLGB,VSL-0064,2025-08-30 11:00:00,2025-09-05 11:00:00,2025-09-05 17:00:00,2025-10-07 11:00:00,2025-10-07 09:00:00,26,Chemicals,559.82,DELIVERED
SHP-00516,CUST-1150,BRSSZ,USNYC,VSL-0016,2024-11-29 04:00:00,2024-12-07 04:00:00,2024-12-07 10:00:00,2024-12-14 04:00:00,2024-12-14 11:00:00,21,Consumer Goods,762.09,DELIVERED
SHP-01332,CUST-1159,DEHAM,MYPKG,VSL-0011,2024-08-07 08:00:00,2024-08-18 08:00:00,2024-08-18 05:00:00,2024-09-02 08:00:00,2024-09-02 17:00:00,26,Furniture,126.02,DELIVERED
SHP-01941,CUST-1046,THBKK,CNNGB,VSL-0018,2024-09-30 23:00:00,2024-10-12 23:00:00,2024-10-13 17:00:00,2024-10-19 23:00:00,2024-10-23 16:00:00,32,Chemicals,2119.42,DELAYED
SHP-02979,CUST-1046,SGSIN,CNSHA,VSL-0073,2025-02-13 22:00:00,2025-02-26 22:00:00,,2025-03-04 22:00:00,,31,Raw Materials,851.76,CANCELLED
SHP-02543,CUST-1191,SGSIN,NLRTM,VSL-0061,2025-01-30 02:00:00,2025-02-08 02:00:00,2025-02-11 02:00:00,2025-03-11 02:00:00,2025-03-17 17:00:00,31,Furniture,1227.09,DELAYED
SHP-00126,CUST-1185,DEHAM,USLAX,VSL-0039,2025-06-12 06:00:00,2025-06-19 06:00:00,2025-06-19 05:00:00,2025-07-21 06:00:00,2025-07-21 15:00:00,4,Pharmaceuticals,491.45,DELIVERED
SHP-00737,CUST-1227,DEHAM,ESVLC,VSL-0008,2024-12-24 06:00:00,2025-01-02 06:00:00,2025-01-02 03:00:00,2025-01-05 06:00:00,2025-01-05 17:00:00,25,Electronics,418.73,DELIVERED
SHP-01620,CUST-1201,INMUN,HKHKG,VSL-0071,2024-09-22 02:00:00,2024-10-04 02:00:00,2024-10-03 23:00:00,2024-10-13 02:00:00,2024-10-13 08:00:00,31,Consumer Goods,1047.72,DELIVERED
SHP-04407,CUST-1057,BEANR,THBKK,VSL-0071,2025-09-11 13:00:00,2025-09-23 13:00:00,2025-09-24 12:00:00,2025-10-27 13:00:00,2025-10-31 14:00:00,40,Electronics,1383.5,DELAYED
SHP-01323,CUST-1165,PKKAR,USNYC,VSL-0070,2025-03-16 10:00:00,2025-03-27 10:00:00,2025-03-27 13:00:00,2025-04-14 10:00:00,2025-04-14 19:00:00,19,Food & Beverage,1178.93,DELIVERED
SHP-04580,CUST-1035,USSAV,BRSSZ,VSL-0022,2025-05-13 04:00:00,2025-05-25 04:00:00,2025-05-25 07:00:00,2025-05-31 04:00:00,2025-05-31 08:00:00,24,Chemicals,1969.98,DELIVERED
SHP-02645,CUST-1217,INMUN,CNSZX,VSL-0076,2024-07-30 03:00:00,2024-08-06 03:00:00,2024-08-06 21:00:00,2024-08-14 03:00:00,2024-08-15 01:00:00,10,Pharmaceuticals,1742.33,DELIVERED
SHP-04036,CUST-1249,INMUN,GBFXT,VSL-0074,2024-12-16 07:00:00,2024-12-22 07:00:00,2024-12-22 03:00:00,2025-01-17 07:00:00,2025-01-17 16:00:00,19,Machinery,1474.27,DELIVERED
SHP-03988,CUST-1219,ESVLC,JPYOK,VSL-0027,2025-06-27 07:00:00,2025-06-30 07:00:00,2025-07-01 20:00:00,2025-08-04 07:00:00,2025-08-09 08:00:00,28,Consumer Goods,58.26,DELAYED
SHP-04757,CUST-1192,USLAX,ZADUR,VSL-0006,2025-08-15 05:00:00,2025-08-19 05:00:00,2025-08-19 10:00:00,2025-09-13 05:00:00,2025-09-13 09:00:00,14,Automotive Parts,998.15,DELIVERED
SHP-04064,CUST-1146,EGPSD,CNNGB,VSL-0009,2025-04-08 22:00:00,2025-04-18 22:00:00,2025-04-20 12:00:00,2025-05-09 22:00:00,2025-05-11 15:00:00,10,Electronics,1601.76,DELAYED
SHP-02009,CUST-1120,ZADUR,JPYOK,VSL-0025,2025-09-21 10:00:00,2025-09-26 10:00:00,2025-09-27 20:00:00,2025-10-26 10:00:00,2025-10-30 23:00:00,16,Furniture,1187.05,DELAYED
SHP-00506,CUST-1177,INMUN,GBFXT,VSL-0032,2025-07-02 02:00:00,2025-07-07 02:00:00,2025-07-07 03:00:00,2025-07-28 02:00:00,2025-07-28 07:00:00,39,Consumer Goods,1265.28,DELIVERED
SHP-01859,CUST-1014,MYPKG,DEHAM,VSL-0043,2024-12-12 07:00:00,2024-12-24 07:00:00,2024-12-24 20:00:00,2025-01-14 07:00:00,2025-01-18 12:00:00,36,FURNITURE,,DELAYED
SHP-01310,CUST-1103,USSAV,DEHAM,VSL-0014,2024-08-18 12:00:00,2024-08-27 12:00:00,,2024-09-11 12:00:00,,13,Raw Materials,348.41,CANCELLED
SHP-00959,CUST-1044,MYPKG,USSAV,VSL-0070,2025-03-15 19:00:00,2025-03-19 19:00:00,2025-03-22 10:00:00,2025-04-03 19:00:00,2025-04-09 21:00:00,19,Furniture,2205.96,DELAYED
SHP-00763,CUST-1086,BRSSZ,USSAV,VSL-0003,2025-05-27 13:00:00,2025-06-04 13:00:00,2025-05-26 05:00:00,2025-06-08 13:00:00,2025-06-08 16:00:00,30,Food & Beverage,1353.01,DELIVERED
SHP-01961,CUST-1166,USSAV,THBKK,VSL-0021,2025-09-10 07:00:00,2025-09-18 07:00:00,2025-09-18 12:00:00,2025-10-15 07:00:00,2025-10-15 08:00:00,8,Consumer Goods,634.46,DELIVERED
SHP-00370,CUST-1065,BRSSZ,ZADUR,VSL-0025,2025-08-31 18:00:00,2025-09-14 18:00:00,2025-09-14 17:00:00,2025-10-09 18:00:00,2025-10-09 18:00:00,40,Electronics,1287.66,DELIVERED
SHP-03218,CUST-1140,HKHKG,THBKK,VSL-0028,2025-01-18 17:00:00,2025-01-28 17:00:00,2025-01-29 22:00:00,2025-02-05 17:00:00,2025-02-09 07:00:00,39,Furniture,1065.27,DELAYED
SHP-02638,CUST-1107,CNSHA,AEDXB,VSL-0059,2025-04-18 09:00:00,2025-04-26 09:00:00,2025-04-27 14:00:00,2025-05-28 09:00:00,2025-05-30 07:00:00,18,Food & Beverage,1596.52,DELAYED
SHP-00900,CUST-1105,USLGB,BRSSZ,VSL-0049,2025-06-29 11:00:00,2025-07-07 11:00:00,2025-07-08 14:00:00,2025-07-17 11:00:00,2025-07-19 14:00:00,28,Food & Beverage,513.99,DELAYED
SHP-02720,CUST-1189,SGSIN,ZADUR,VSL-0018,2024-08-08 17:00:00,2024-08-20 17:00:00,2024-08-20 21:00:00,2024-09-20 17:00:00,2024-09-20 20:00:00,28,APPAREL,1582.17,DELIVERED
SHP-04035,CUST-1013,USNYC,BRSSZ,VSL-0006,2025-05-15 13:00:00,2025-05-19 13:00:00,2025-05-19 14:00:00,2025-05-25 13:00:00,2025-05-26 01:00:00,10,Furniture,230.51,DELIVERED
SHP-02224,CUST-1001,USLAX,HKHKG,VSL-0079,2024-07-12 01:00:00,2024-07-25 01:00:00,2024-07-25 04:00:00,2024-08-23 01:00:00,2024-08-23 08:00:00,25,FURNITURE,1882.82,DELIVERED
SHP-01314,CUST-1241,USSAV,HKHKG,VSL-0012,2025-08-10 10:00:00,2025-08-21 10:00:00,2025-08-21 14:00:00,2025-09-20 10:00:00,2025-09-20 04:00:00,23,Consumer Goods,1069.9,DELIVERED
SHP-03418,CUST-1014,PKKAR,EGPSD,VSL-0080,2025-04-08 02:00:00,2025-04-17 02:00:00,2025-04-17 06:00:00,2025-05-16 02:00:00,2025-05-15 22:00:00,2,Electronics,2093.13,DELIVERED
SHP-04726,CUST-1047,JPYOK,BEANR,VSL-0004,2025-07-29 11:00:00,2025-08-10 11:00:00,2025-08-10 14:00:00,2025-08-25 11:00:00,2025-08-25 19:00:00,16,Machinery,2534.56,DELIVERED
SHP-00278,CUST-1201,BEANR,USLAX,VSL-0057,2024-08-29 11:00:00,2024-09-03 11:00:00,2024-09-03 17:00:00,2024-09-29 11:00:00,2024-09-29 18:00:00,39,Pharmaceuticals,2281.07,DELIVERED
SHP-02465,CUST-1075,EGPSD,USNYC,VSL-0079,2025-01-03 05:00:00,2025-01-17 05:00:00,2025-01-17 11:00:00,2025-02-08 05:00:00,2025-02-08 15:00:00,12,Furniture,254.85,DELIVERED
SHP-00186,CUST-1138,ESVLC,KRPUS,VSL-0047,2024-07-19 11:00:00,2024-07-23 11:00:00,2024-07-23 16:00:00,2024-08-07 11:00:00,2024-08-09 01:00:00,34,Machinery,371.98,DELAYED
SHP-04666,CUST-1111,USLAX,CNSHA,VSL-0070,2025-03-05 19:00:00,2025-03-09 19:00:00,2025-03-09 16:00:00,2025-04-05 19:00:00,2025-04-05 13:00:00,33,Consumer Goods,2717.1,DELIVERED
SHP-02573,CUST-1207,USLAX,INMUN,VSL-0027,2025-02-19 08:00:00,2025-03-05 08:00:00,2025-03-05 05:00:00,2025-03-23 08:00:00,2025-03-23 15:00:00,34,Electronics,2064.83,DELIVERED
SHP-04976,CUST-1127,KRPUS,INNSA,VSL-0001,2025-05-31 09:00:00,2025-06-13 09:00:00,2025-06-14 04:00:00,2025-06-23 09:00:00,2025-06-27 13:00:00,30,Automotive Parts,380.74,DELAYED
SHP-00478,CUST-1112,ZADUR,JPYOK,VSL-0078,2025-07-22 03:00:00,2025-07-27 03:00:00,2025-07-28 19:00:00,2025-08-13 03:00:00,2025-08-14 21:00:00,17,Automotive Parts,2610.89,DELAYED
SHP-01731,CUST-1076,USLAX,MYPKG,VSL-0067,2024-11-07 17:00:00,2024-11-20 17:00:00,2024-11-20 19:00:00,2024-12-23 17:00:00,2024-12-26 17:00:00,32,Consumer Goods,646.34,DELAYED
SHP-02200,CUST-1041,BRSSZ,INNSA,VSL-0057,2024-06-10 16:00:00,2024-06-22 16:00:00,2024-06-23 08:00:00,2024-07-07 16:00:00,2024-07-08 22:00:00,13,Raw Materials,1663.24,DELAYED
SHP-01367,CUST-1061,AEDXB,INMUN,VSL-0075,2025-03-28 02:00:00,2025-04-08 02:00:00,2025-04-08 02:00:00,2025-05-12 02:00:00,2025-05-11 22:00:00,21,Pharmaceuticals,384.28,DELIVERED
SHP-03660,CUST-1132,KRPUS,CNSHA,VSL-0030,2025-07-04 05:00:00,2025-07-11 05:00:00,2025-07-13 02:00:00,2025-07-15 05:00:00,2025-07-17 12:00:00,4,Consumer Goods,541.96,DELAYED
SHP-02669,CUST-1038,USNYC,BRSSZ,VSL-0009,2024-07-16 10:00:00,2024-07-30 10:00:00,2024-07-31 20:00:00,2024-08-02 10:00:00,2024-08-06 03:00:00,23,Furniture,1534.51,DELAYED
SHP-02338,CUST-1007,USLAX,BRSSZ,VSL-0005,2025-03-29 05:00:00,2025-04-08 05:00:00,2025-04-08 05:00:00,2025-04-13 05:00:00,2025-04-13 02:00:00,8,Automotive Parts,1151.78,DELIVERED
SHP-01751,CUST-1246,INMUN,JPYOK,VSL-0011,2024-06-14 07:00:00,2024-06-20 07:00:00,2024-06-20 20:00:00,2024-06-28 07:00:00,2024-06-29 20:00:00,17,Raw Materials,1723.14,DELAYED
SHP-02306,CUST-1052,PKKAR,USLAX,VSL-0068,2025-03-19 00:00:00,2025-03-25 00:00:00,2025-03-25 05:00:00,2025-04-15 00:00:00,2025-04-15 10:00:00,27,machinery ,648.71,DELIVERED
SHP-01586,CUST-1167,PKKAR,SGSIN,VSL-0034,2025-02-03 21:00:00,2025-02-11 21:00:00,2025-02-14 00:00:00,2025-02-16 21:00:00,2025-02-21 08:00:00,6,Electronics,2696.1,DELAYED
SHP-04264,CUST-1036,AEDXB,CNNGB,VSL-0002,2024-11-08 11:00:00,2024-11-13 11:00:00,2024-11-15 20:00:00,2024-12-13 11:00:00,2024-12-16 06:00:00,31,Automotive Parts,1389.67,DELAYED
SHP-03883,CUST-1197,USNYC,NLRTM,VSL-0048,2025-03-13 09:00:00,2025-03-20 09:00:00,2025-03-20 14:00:00,2025-04-12 09:00:00,2025-04-12 14:00:00,21,Chemicals,2682.13,DELIVERED
SHP-04868,CUST-1144,USNYC,INMUN,VSL-0059,2024-09-16 21:00:00,2024-09-21 21:00:00,2024-09-16 06:00:00,2024-10-05 21:00:00,2024-10-05 23:00:00,26,Furniture,328.0,DELIVERED
SHP-00113,CUST-1098,PKKAR,USLAX,VSL-0044,2025-09-23 06:00:00,2025-10-03 06:00:00,2025-10-03 02:00:00,2025-10-29 06:00:00,2025-10-29 13:00:00,11,Furniture,2284.38,DELIVERED
SHP-02592,CUST-1045,USNYC,CNSHA,VSL-0026,2025-07-23 10:00:00,2025-07-27 10:00:00,2025-07-27 14:00:00,2025-08-10 10:00:00,2025-08-10 19:00:00,16,Apparel,1208.19,DELIVERED
SHP-04338,CUST-1003,USSAV,THBKK,VSL-0077,2025-02-25 16:00:00,2025-03-06 16:00:00,2025-03-06 18:00:00,2025-03-26 16:00:00,2025-03-26 13:00:00,5,Furniture,694.18,DELIVERED
SHP-00230,CUST-1222,AEDXB,INNSA,VSL-0052,2024-10-28 10:00:00,2024-11-08 10:00:00,2024-11-08 06:00:00,2024-12-08 10:00:00,2024-12-08 20:00:00,29,Chemicals,2780.84,DELIVERED
SHP-03016,CUST-1076,INMUN,CNSZX,VSL-0022,2024-06-29 21:00:00,2024-07-02 21:00:00,2024-07-02 22:00:00,2024-07-08 21:00:00,2024-07-08 23:00:00,16,Pharmaceuticals,1840.5,DELIVERED
SHP-04786,CUST-1087,THBKK,AEDXB,VSL-0022,2024-07-28 15:00:00,2024-08-05 15:00:00,2024-08-06 06:00:00,2024-08-19 15:00:00,2024-08-22 03:00:00,32,Consumer Goods,2395.86,DELAYED
SHP-02287,CUST-1101,USLAX,HKHKG,VSL-0034,2024-09-28 07:00:00,2024-10-11 07:00:00,2024-10-11 05:00:00,2024-11-05 07:00:00,2024-11-05 09:00:00,31,Consumer Goods,2139.14,DELIVERED
SHP-02392,CUST-1221,INMUN,EGPSD,VSL-0045,2025-01-24 11:00:00,2025-02-02 11:00:00,2025-01-23 06:00:00,2025-02-23 11:00:00,2025-02-26 06:00:00,34,Food & Beverage,159.55,DELAYED
SHP-02201,CUST-1019,USLAX,BEANR,VSL-0065,2024-07-28 23:00:00,2024-08-05 23:00:00,2024-08-08 16:00:00,2024-08-31 23:00:00,2024-09-03 21:00:00,29,Raw Materials,1182.65,DELAYED
SHP-02948,CUST-1201,USSAV,INMUN,VSL-0053,2025-06-13 01:00:00,2025-06-25 01:00:00,2025-06-27 12:00:00,2025-07-20 01:00:00,2025-07-25 22:00:00,40,Apparel,448.02,DELAYED
SHP-02647,CUST-1239,HKHKG,CNSHA,VSL-0015,2024-10-19 07:00:00,2024-10-28 07:00:00,2024-10-28 06:00:00,2024-11-06 07:00:00,2024-11-06 05:00:00,8,Apparel,528.88,DELIVERED
SHP-01880,CUST-1033,USSAV,HKHKG,VSL-0038,2025-01-28 19:00:00,2025-02-02 19:00:00,2025-02-03 12:00:00,2025-03-07 19:00:00,2025-03-10 02:00:00,6,Furniture,1856.3,DELAYED
SHP-03551,CUST-1025,PKKAR,INMUN,VSL-0067,2025-09-02 19:00:00,2025-09-12 19:00:00,2025-09-12 21:00:00,2025-09-17 19:00:00,2025-09-17 21:00:00,28,Pharmaceuticals,1114.6,DELIVERED
SHP-04357,CUST-1017,UNKNW,CNNGB,VSL-0013,2025-04-03 10:00:00,2025-04-12 10:00:00,2025-04-14 15:00:00,2025-04-15 10:00:00,2025-04-18 00:00:00,38,Automotive Parts,556.5,DELAYED
SHP-02915,CUST-1057,GBFXT,SGSIN,VSL-0035,2025-01-11 07:00:00,2025-01-15 07:00:00,2025-01-18 02:00:00,2025-01-30 07:00:00,2025-02-02 13:00:00,38,Electronics,1594.65,DELAYED
SHP-04731,CUST-1081,USSAV,GBFXT,VSL-0062,2024-11-27 15:00:00,2024-12-01 15:00:00,2024-12-04 14:00:00,2024-12-16 15:00:00,2024-12-22 04:00:00,27,Furniture,306.57,DELAYED
SHP-04287,CUST-1037,USNYC,GBFXT,VSL-0061,2025-05-08 16:00:00,2025-05-19 16:00:00,2025-05-20 08:00:00,2025-06-06 16:00:00,2025-06-09 03:00:00,15,Chemicals,1479.23,DELAYED
SHP-03306,CUST-1051,GBFXT,JPYOK,VSL-0072,2024-08-25 12:00:00,2024-09-06 12:00:00,2024-09-06 15:00:00,2024-09-22 12:00:00,2024-09-22 19:00:00,40,Consumer Goods,626.44,DELIVERED
SHP-04583,CUST-1052,PKKAR,USNYC,VSL-0065,2024-12-02 11:00:00,2024-12-05 11:00:00,2024-12-07 11:00:00,2025-01-03 11:00:00,2025-01-05 06:00:00,7,Machinery,2663.25,DELAYED
SHP-02126,CUST-1057,USLAX,ESVLC,VSL-0053,2025-05-16 09:00:00,2025-05-19 09:00:00,2025-05-19 12:00:00,2025-06-08 09:00:00,2025-06-08 05:00:00,11,Machinery,1853.09,DELIVERED
SHP-01334,CUST-1223,USNYC,THBKK,VSL-0032,2024-08-08 02:00:00,2024-08-18 02:00:00,2024-08-17 22:00:00,2024-09-21 02:00:00,2024-09-20 19:00:00,26,Electronics,1402.46,DELIVERED
SHP-03823,CUST-1108,CNSZX,USNYC,VSL-0032,2025-07-29 22:00:00,2025-08-12 22:00:00,2025-08-13 00:00:00,2025-09-02 22:00:00,2025-09-02 17:00:00,8,Pharmaceuticals,1272.03,DELIVERED
SHP-03245,CUST-1125,SGSIN,CNSZX,VSL-0023,2024-07-31 01:00:00,2024-08-11 01:00:00,2024-08-11 01:00:00,2024-08-17 01:00:00,2024-08-16 18:00:00,36,Chemicals,2564.81,DELIVERED
SHP-01269,CUST-1053,MYPKG,KRPUS,VSL-0042,2025-05-04 23:00:00,2025-05-10 23:00:00,2025-05-11 03:00:00,2025-05-17 23:00:00,2025-05-18 02:00:00,27,Apparel,564.3,DELIVERED
SHP-02135,CUST-1171,USLAX,CNNGB,VSL-0015,2024-06-03 20:00:00,2024-06-15 20:00:00,2024-06-16 00:00:00,2024-06-29 20:00:00,2024-06-30 06:00:00,29,Automotive Parts,207.12,DELIVERED
SHP-03944,CUST-1049,CNNGB,SGSIN,VSL-0078,2025-04-23 11:00:00,2025-05-02 11:00:00,,2025-05-08 11:00:00,,14,Food & Beverage,1142.06,CANCELLED
SHP-03791,CUST-1142,USLAX,ZADUR,VSL-0069,2025-02-09 21:00:00,2025-02-15 21:00:00,2025-02-17 19:00:00,2025-03-18 21:00:00,2025-03-21 03:00:00,16,Apparel,336.02,DELAYED
SHP-04614,CUST-1241,KRPUS,CNNGB,VSL-0035,2025-03-10 00:00:00,2025-03-24 00:00:00,2025-03-26 20:00:00,2025-03-29 00:00:00,2025-04-01 11:00:00,11,Chemicals,1395.42,DELAYED
SHP-04305,CUST-1179,EGPSD,CNSHA,VSL-0049,2025-08-23 13:00:00,2025-09-04 13:00:00,2025-09-05 16:00:00,2025-09-21 13:00:00,2025-09-24 16:00:00,26,Furniture,2289.35,DELAYED
SHP-00789,CUST-1189,THBKK,NLRTM,VSL-0048,2025-02-05 19:00:00,2025-02-13 19:00:00,2025-02-13 20:00:00,2025-03-12 19:00:00,2025-03-12 18:00:00,17,Chemicals,2667.83,DELIVERED
SHP-02667,CUST-1144,USSAV,AEDXB,VSL-0008,2025-06-28 04:00:00,2025-07-07 04:00:00,2025-07-07 04:00:00,2025-07-22 04:00:00,2025-07-22 02:00:00,13,Machinery,938.57,DELIVERED
SHP-04186,CUST-1003,ZADUR,CNNGB,VSL-0053,2025-05-14 15:00:00,2025-05-17 15:00:00,,2025-06-15 15:00:00,,20,electronics,1119.54,Complete
SHP-04841,CUST-1107,SGSIN,HKHKG,VSL-0066,2025-08-11 12:00:00,2025-08-23 12:00:00,2025-08-26 10:00:00,2025-08-28 12:00:00,2025-09-01 22:00:00,36,Pharmaceuticals,1817.47,DELAYED
SHP-04083,CUST-1198,MYPKG,USSAV,VSL-0065,2024-10-23 07:00:00,2024-10-30 07:00:00,2024-10-31 16:00:00,2024-11-24 07:00:00,2024-11-29 06:00:00,0,Machinery,1504.83,DELAYED
SHP-03469,CUST-1236,USSAV,INMUN,VSL-0052,2025-01-22 04:00:00,2025-01-25 04:00:00,2025-01-25 11:00:00,2025-02-28 04:00:00,2025-03-03 05:00:00,30,Automotive Parts,304.78,DELAYED
SHP-00676,CUST-1050,NLRTM,ZADUR,VSL-0047,2025-03-19 18:00:00,2025-03-22 18:00:00,2025-03-23 10:00:00,2025-04-13 18:00:00,2025-04-17 08:00:00,10,Electronics,2785.81,DELAYED
SHP-01966,CUST-1042,INMUN,HKHKG,VSL-0071,2025-03-11 11:00:00,2025-03-22 11:00:00,,2025-03-27 11:00:00,,9,Furniture,540.58,CANCELLED
SHP-03322,CUST-1043,KRPUS,JPYOK,VSL-0072,2024-07-22 02:00:00,2024-08-05 02:00:00,2024-08-05 06:00:00,2024-08-15 02:00:00,2024-08-15 08:00:00,7,Chemicals,1098.72,DELIVERED
SHP-04236,CUST-1238,CNNGB,BEANR,VSL-0075,2024-10-17 18:00:00,2024-10-22 18:00:00,2024-10-24 08:00:00,2024-11-23 18:00:00,2024-11-28 23:00:00,3,Apparel,435.5,DELAYED
SHP-04555,CUST-1000,EGPSD,CNSZX,VSL-0040,2025-10-05 23:00:00,2025-10-09 23:00:00,2025-10-09 22:00:00,2025-11-04 23:00:00,2025-11-05 11:00:00,29,Electronics,175.2,DELIVERED
SHP-02327,CUST-1041,MYPKG,INNSA,VSL-0049,2024-06-10 04:00:00,2024-06-14 04:00:00,2024-06-08 08:00:00,2024-06-17 04:00:00,2024-06-21 14:00:00,16,Food & Beverage,450.05,DELAYED
SHP-03629,CUST-1150,SGSIN,DEHAM,VSL-0060,2025-02-26 09:00:00,2025-03-04 09:00:00,2025-03-06 00:00:00,2025-04-06 09:00:00,2025-04-07 21:00:00,30,Raw Materials,2075.15,DELAYED
SHP-01604,CUST-1007,USSAV,JPYOK,VSL-0077,2024-07-09 22:00:00,2024-07-23 22:00:00,2024-07-24 00:00:00,2024-08-08 22:00:00,2024-08-09 09:00:00,17,Furniture,1320.77,DELIVERED
SHP-01290,CUST-1114,KRPUS,INNSA,VSL-0018,2024-06-15 23:00:00,2024-06-26 23:00:00,2024-06-27 04:00:00,2024-07-04 23:00:00,2024-07-05 10:00:00,14,Raw Materials,2465.98,DELIVERED
SHP-00323,CUST-1152,BEANR,THBKK,VSL-0006,2025-07-06 01:00:00,2025-07-13 01:00:00,2025-07-14 03:00:00,2025-07-30 01:00:00,2025-08-03 06:00:00,18,Apparel,1208.51,DELAYED
SHP-00392,CUST-1137,CNSHA,THBKK,VSL-0021,2025-10-01 08:00:00,2025-10-09 08:00:00,2025-10-11 03:00:00,2025-10-12 08:00:00,2025-10-14 09:00:00,34,Food & Beverage,138.88,DELAYED
SHP-01920,CUST-1199,ZADUR,USSAV,VSL-0050,2025-06-27 23:00:00,2025-07-02 23:00:00,2025-07-03 19:00:00,2025-07-26 23:00:00,2025-07-29 19:00:00,29,Apparel,92.29,DELAYED
SHP-04310,CUST-1086,CNSHA,INNSA,VSL-0029,2024-11-08 09:00:00,2024-11-22 09:00:00,2024-11-24 13:00:00,2024-11-26 09:00:00,2024-11-28 22:00:00,26,Furniture,78.1,DELAYED
SHP-01782,CUST-1104,NLRTM,CNSZX,VSL-0059,2025-03-13 11:00:00,2025-03-24 11:00:00,2025-03-26 19:00:00,2025-04-17 11:00:00,2025-04-22 18:00:00,12,Consumer Goods,2362.36,DELAYED
SHP-02871,CUST-1124,MYPKG,BEANR,VSL-0014,2025-09-16 22:00:00,2025-09-19 22:00:00,,2025-10-23 22:00:00,,26,Raw Materials,1000.23,CANCELLED
SHP-02881,CUST-1222,USNYC,KRPUS,VSL-0014,2025-05-04 11:00:00,2025-05-13 11:00:00,2025-05-13 08:00:00,2025-06-13 11:00:00,2025-06-13 13:00:00,40,Pharmaceuticals,190.04,DELIVERED
SHP-03333,CUST-1160,EGPSD,BEANR,VSL-0041,2025-07-22 02:00:00,2025-07-31 02:00:00,2025-08-01 20:00:00,2025-08-16 02:00:00,2025-08-19 10:00:00,0,Chemicals,537.48,DELAYED
SHP-02161,CUST-1161,HKHKG,EGPSD,VSL-0024,2025-06-04 19:00:00,2025-06-14 19:00:00,2025-06-14 18:00:00,2025-07-12 19:00:00,2025-07-13 07:00:00,30,Pharmaceuticals,1856.09,DELIVERED
SHP-03235,CUST-1088,SGSIN,GBFXT,VSL-0040,2024-09-04 22:00:00,2024-09-09 22:00:00,2024-09-11 13:00:00,2024-09-30 22:00:00,2024-10-06 12:00:00,29,Machinery,1097.35,DELAYED
SHP-00791,CUST-1188,HKHKG,INMUN,VSL-0049,2024-08-01 09:00:00,2024-08-08 09:00:00,2024-08-08 09:00:00,2024-08-16 09:00:00,2024-08-16 15:00:00,2,Machinery,1156.96,DELIVERED
SHP-04170,CUST-1162,INMUN,USLAX,VSL-0057,2025-01-10 03:00:00,2025-01-16 03:00:00,2025-01-16 10:00:00,2025-02-05 03:00:00,2025-02-07 13:00:00,23,Automotive Parts,1927.53,DELAYED
SHP-04237,CUST-1125,ESVLC,USLAX,VSL-0029,2025-08-24 04:00:00,2025-09-01 04:00:00,2025-09-01 09:00:00,2025-09-25 04:00:00,2025-09-25 10:00:00,5,Machinery,2712.03,DELIVERED
SHP-00995,CUST-1203,USSAV,SGSIN,VSL-0003,2024-07-13 16:00:00,2024-07-22 16:00:00,2024-07-22 17:00:00,2024-08-11 16:00:00,2024-08-11 16:00:00,1,Chemicals,1745.16,DELIVERED
SHP-03156,CUST-1131,EGPSD,INNSA,VSL-0069,2025-04-16 14:00:00,2025-04-21 14:00:00,2025-04-22 01:00:00,2025-05-17 14:00:00,2025-05-20 20:00:00,14,Consumer Goods,1714.2,DELAYED
SHP-00658,CUST-1014,NLRTM,CNSZX,VSL-0016,2024-12-01 00:00:00,2024-12-13 00:00:00,2024-12-15 03:00:00,2025-01-08 00:00:00,2025-01-13 22:00:00,3,Electronics,92.62,DELAYED
SHP-04964,CUST-1001,MYPKG,NLRTM,VSL-0063,2025-10-09 01:00:00,2025-10-19 01:00:00,2025-10-19 01:00:00,2025-11-02 01:00:00,2025-11-02 08:00:00,25,Consumer Goods,1192.58,DELIVERED
SHP-00475,CUST-1009,INNSA,EGPSD,VSL-0034,2025-07-28 21:00:00,2025-08-04 21:00:00,2025-08-05 02:00:00,2025-08-30 21:00:00,2025-08-31 08:00:00,8,Raw Materials,2056.42,DELIVERED
SHP-02978,CUST-1009,ESVLC,AEDXB,VSL-0076,2025-01-28 00:00:00,2025-02-01 00:00:00,2025-01-31 22:00:00,2025-02-15 00:00:00,2025-02-15 08:00:00,28,Apparel,2093.69,DELIVERED
SHP-01146,CUST-1203,DEHAM,USNYC,VSL-0054,2025-04-02 19:00:00,2025-04-12 19:00:00,2025-04-13 01:00:00,2025-05-02 19:00:00,2025-05-03 03:00:00,16,Automotive Parts,,DELIVERED
SHP-04929,CUST-1014,SGSIN,UNKNW,VSL-0002,2025-01-22 03:00:00,2025-01-29 03:00:00,2025-01-30 23:00:00,2025-02-14 03:00:00,2025-02-18 16:00:00,31,Food & Beverage,1358.61,DELAYED
SHP-04672,CUST-1063,AEDXB,ZADUR,VSL-0080,2024-06-22 16:00:00,2024-06-30 16:00:00,2024-06-30 21:00:00,2024-07-06 16:00:00,2024-07-06 18:00:00,19,Pharmaceuticals,1057.35,DELIVERED
SHP-03505,CUST-1035,INMUN,BEANR,VSL-0036,2024-10-02 20:00:00,2024-10-11 20:00:00,2024-10-11 18:00:00,2024-11-06 20:00:00,2024-11-06 14:00:00,28,Electronics,1363.09,DELIVERED
SHP-01615,CUST-1066,NLRTM,USLAX,VSL-0013,2025-06-17 18:00:00,2025-06-23 18:00:00,2025-06-26 14:00:00,2025-07-09 18:00:00,2025-07-16 05:00:00,32,Electronics,2296.82,DELAYED
SHP-03050,CUST-1072,EGPSD,CNSHA,VSL-0025,2025-07-24 12:00:00,2025-08-02 12:00:00,2025-08-02 17:00:00,2025-08-23 12:00:00,2025-08-23 18:00:00,24,Furniture,2744.09,DELIVERED
SHP-02022,CUST-1241,CNSHA,USLAX,VSL-0075,2025-05-15 04:00:00,2025-05-29 04:00:00,2025-05-31 08:00:00,2025-06-23 04:00:00,2025-06-25 10:00:00,24,Automotive Parts,1846.5,DELAYED
SHP-04413,CUST-1094,CNNGB,INMUN,VSL-0026,2025-01-17 21:00:00,2025-01-22 21:00:00,2025-01-22 23:00:00,2025-01-31 21:00:00,2025-01-31 21:00:00,35,Raw Materials,349.66,DELIVERED
SHP-02155,CUST-1090,MYPKG,THBKK,VSL-0065,2024-06-20 15:00:00,2024-07-01 15:00:00,2024-07-02 06:00:00,2024-07-08 15:00:00,2024-07-12 10:00:00,12,Chemicals,779.86,DELAYED
SHP-02438,CUST-1104,NLRTM,USSAV,VSL-0049,2024-06-22 08:00:00,2024-06-30 08:00:00,2024-06-30 08:00:00,2024-07-14 08:00:00,2024-07-14 16:00:00,33,Automotive Parts,1001.32,DELIVERED
SHP-02275,CUST-1242,HKHKG,USNYC,VSL-0061,2024-11-01 23:00:00,2024-11-07 23:00:00,2024-11-07 23:00:00,2024-12-04 23:00:00,2024-12-04 16:00:00,29,Consumer Goods,1832.38,DELIVERED
SHP-01340,CUST-1092,GBFXT,INNSA,VSL-0006,2025-03-07 21:00:00,2025-03-17 21:00:00,2025-03-17 17:00:00,2025-04-18 21:00:00,2025-04-18 19:00:00,3,Consumer Goods,2560.81,DELIVERED
SHP-00306,CUST-1119,CNNGB,ESVLC,VSL-0071,2025-09-02 07:00:00,2025-09-09 07:00:00,2025-09-10 18:00:00,2025-09-29 07:00:00,2025-09-30 23:00:00,38,Pharmaceuticals,756.57,DELAYED
SHP-02488,CUST-1079,INMUN,EGPSD,VSL-0036,2024-10-30 05:00:00,2024-11-09 05:00:00,2024-11-09 10:00:00,2024-12-08 05:00:00,2024-12-07 23:00:00,2,Consumer Goods,1316.67,DELIVERED
SHP-03057,CUST-1036,NLRTM,USNYC,VSL-0078,2024-10-06 20:00:00,2024-10-11 20:00:00,2024-10-11 21:00:00,2024-10-27 20:00:00,2024-10-27 22:00:00,32,Food & Beverage,362.15,DELIVERED
SHP-04326,CUST-1061,PKKAR,BEANR,VSL-0041,2024-11-16 06:00:00,2024-11-26 06:00:00,2024-11-28 09:00:00,2024-12-28 06:00:00,2024-12-30 03:00:00,19,Food & Beverage,66.81,DELAYED
SHP-03962,CUST-1241,PKKAR,AEDXB,VSL-0042,2025-03-15 13:00:00,2025-03-18 13:00:00,2025-03-18 17:00:00,2025-04-22 13:00:00,2025-04-22 10:00:00,29,Automotive parts,2273.31,DELIVERED
SHP-01406,CUST-1087,USLAX,GBFXT,VSL-0067,2024-06-18 11:00:00,2024-06-25 11:00:00,2024-06-25 15:00:00,2024-07-21 11:00:00,2024-07-21 20:00:00,28,Electronics,1277.15,DELIVERED
SHP-01611,CUST-1200,THBKK,PKKAR,VSL-0011,2024-08-24 09:00:00,2024-09-04 09:00:00,2024-09-04 11:00:00,2024-09-08 09:00:00,2024-09-10 07:00:00,39, Chemicals,-93.72,DELAYED
SHP-03199,CUST-1181,THBKK,KRPUS,VSL-0055,2025-09-18 08:00:00,2025-09-21 08:00:00,2025-09-21 08:00:00,2025-09-25 08:00:00,2025-09-25 15:00:00,11,Furniture,54.69,DELIVERED
SHP-03676,CUST-1146,USSAV,INNSA,VSL-0035,2024-06-24 09:00:00,2024-06-29 09:00:00,2024-06-29 13:00:00,2024-07-30 09:00:00,2024-07-30 06:00:00,38,Furniture,746.99,DELIVERED
SHP-01331,CUST-1164,SGSIN,NLRTM,VSL-0038,2025-01-17 15:00:00,2025-01-20 15:00:00,2025-01-20 12:00:00,2025-02-19 15:00:00,2025-02-19 23:00:00,14,Pharmaceuticals,1440.47,DELIVERED
SHP-04993,CUST-1030,USLGB,GBFXT,VSL-0008,2025-05-26 13:00:00,2025-06-07 13:00:00,2025-06-07 15:00:00,2025-07-11 13:00:00,2025-07-11 19:00:00,34,Chemicals,2749.4,DELIVERED
SHP-02675,CUST-1099,AEDXB,THBKK,VSL-0051,2024-06-01 10:00:00,2024-06-07 10:00:00,2024-06-07 16:00:00,2024-07-11 10:00:00,2024-07-11 02:00:00,31,Furniture,2252.58,DELIVERED
SHP-04324,CUST-1134,INNSA,KRPUS,VSL-0060,2024-07-14 11:00:00,2024-07-18 11:00:00,2024-07-18 15:00:00,2024-07-23 11:00:00,2024-07-23 05:00:00,21,Automotive Parts,,DELIVERED
SHP-01507,CUST-1001,ESVLC,MYPKG,VSL-0077,2025-08-30 20:00:00,2025-09-08 20:00:00,2025-08-29 23:00:00,2025-09-24 20:00:00,2025-09-25 00:00:00,28,Raw Materials,1379.71,DELIVERED
SHP-04645,CUST-1098,PKKAR,INNSA,VSL-0074,2024-10-13 13:00:00,2024-10-18 13:00:00,2024-10-18 10:00:00,2024-10-24 13:00:00,2024-10-24 17:00:00,40, Chemicals,1698.93,DELIVERED
SHP-00093,CUST-1037,AEDXB,HKHKG,VSL-0010,2024-06-01 13:00:00,2024-06-09 13:00:00,2024-06-10 12:00:00,2024-06-30 13:00:00,2024-07-04 01:00:00,12,Apparel,550.46,DELAYED
SHP-00232,CUST-1226,BEANR,USLGB,VSL-0032,2025-10-05 15:00:00,2025-10-12 15:00:00,2025-10-14 23:00:00,2025-11-16 15:00:00,2025-11-21 15:00:00,13,Automotive Parts,1584.18,DELAYED
SHP-01711,CUST-1240,ZADUR,AEDXB,VSL-0043,2025-09-28 09:00:00,2025-10-01 09:00:00,2025-10-04 01:00:00,2025-10-05 09:00:00,2025-10-08 10:00:00,613,Food & Beverage,2346.02,DELAYED
SHP-04452,CUST-1250,USSAV,MYPKG,VSL-0015,2025-06-22 10:00:00,2025-06-29 10:00:00,2025-06-29 11:00:00,2025-08-03 10:00:00,2025-08-03 11:00:00,28,Automotive Parts,2101.55,DELIVERED
SHP-00217,CUST-1023,GBFXT,PKKAR,VSL-0041,2024-06-11 18:00:00,2024-06-18 18:00:00,2024-06-18 22:00:00,2024-07-06 18:00:00,2024-07-06 10:00:00,21,machinery ,1164.08,DELIVERED
SHP-03042,CUST-1171,JPYOK,MYPKG,VSL-0078,2024-07-11 02:00:00,2024-07-23 02:00:00,2024-07-24 05:00:00,2024-07-28 02:00:00,2024-08-01 17:00:00,28, Chemicals,301.94,DELAYED
SHP-02207,CUST-1080,USLAX,CNSZX,VSL-0071,2024-11-27 05:00:00,2024-12-05 05:00:00,2024-12-05 11:00:00,2025-01-05 05:00:00,2025-01-06 03:00:00,7,Food & Beverage,2542.49,DELIVERED
SHP-01505,CUST-1191,EGPSD,PKKAR,VSL-0005,2024-12-01 03:00:00,2024-12-07 03:00:00,2024-12-07 05:00:00,2025-01-06 03:00:00,2025-01-06 15:00:00,19,Machinery,1949.03,DELIVERED
SHP-03996,CUST-1246,CNSHA,USNYC,VSL-0078,2024-12-16 06:00:00,2024-12-19 06:00:00,2024-12-19 09:00:00,2025-01-11 06:00:00,2025-01-11 10:00:00,7,Automotive Parts,1675.88,DELIVERED
SHP-02920,CUST-1135,KRPUS,BRSSZ,VSL-0055,2025-09-11 05:00:00,2025-09-25 05:00:00,,2025-10-25 05:00:00,,23,Electronics,1894.2,delivered
SHP-04894,CUST-1043,ESVLC,GBFXT,VSL-0023,2025-03-28 04:00:00,2025-04-11 04:00:00,2025-04-11 05:00:00,2025-04-20 04:00:00,2025-04-20 07:00:00,20,Furniture,598.35,DELIVERED
SHP-04616,CUST-1176,USLGB,KRPUS,VSL-0021,2025-06-08 16:00:00,2025-06-20 16:00:00,2025-06-20 16:00:00,2025-07-11 16:00:00,2025-07-11 23:00:00,20,Consumer Goods,1137.35,DELIVERED
SHP-03491,CUST-1144,USSAV,JPYOK,VSL-0023,2024-06-19 14:00:00,2024-06-26 14:00:00,2024-06-26 12:00:00,2024-07-10 14:00:00,2024-07-11 00:00:00,11,Apparel,884.68,DELIVERED
SHP-03822,CUST-1143,AEDXB,USSAV,VSL-0058,2024-07-18 20:00:00,2024-07-22 20:00:00,2024-07-23 00:00:00,2024-08-07 20:00:00,2024-08-07 20:00:00,15,Food & Beverage,893.69,DELIVERED
SHP-00042,CUST-1141,MYPKG,INMUN,VSL-0017,2025-10-05 10:00:00,2025-10-19 10:00:00,2025-10-21 02:00:00,2025-10-26 10:00:00,2025-10-30 16:00:00,15,Apparel,356.5,DELAYED
SHP-00844,CUST-1231,HKHKG,DEHAM,VSL-0045,2025-06-13 00:00:00,2025-06-21 00:00:00,2025-06-21 01:00:00,2025-07-19 00:00:00,2025-07-19 00:00:00,8,Machinery,535.07,DELIVERED
SHP-03935,CUST-1146,USSAV,ZZZZZ,VSL-0049,2025-08-18 08:00:00,2025-08-28 08:00:00,,2025-10-02 08:00:00,,1,Electronics,198.26,delivered
SHP-01479,CUST-1042,INMUN,KRPUS,VSL-0036,2024-10-25 03:00:00,2024-11-03 03:00:00,2024-11-04 09:00:00,2024-11-06 03:00:00,2024-11-09 10:00:00,28,Consumer Goods,2680.65,DELAYED
SHP-02623,CUST-1235,INNSA,SGSIN,VSL-0050,2025-08-07 11:00:00,2025-08-14 11:00:00,2025-08-14 22:00:00,2025-08-17 11:00:00,2025-08-18 08:00:00,13,Furniture,2187.35,DELIVERED
SHP-01994,CUST-1099,USSAV,DEHAM,VSL-0049,2025-05-13 00:00:00,2025-05-24 00:00:00,2025-05-24 05:00:00,2025-06-22 00:00:00,2025-06-22 10:00:00,27,Pharmaceuticals,159.23,DELIVERED
SHP-01947,CUST-1055,CNSZX,DEHAM,VSL-0049,2025-09-15 22:00:00,2025-09-28 22:00:00,2025-09-28 22:00:00,2025-10-24 22:00:00,2025-10-25 04:00:00,29,Machinery,2467.57,DELIVERED
SHP-01195,CUST-1146,JPYOK,SGSIN,VSL-0021,2024-06-05 13:00:00,2024-06-18 13:00:00,2024-06-18 17:00:00,2024-06-23 13:00:00,2024-06-23 15:00:00,31,Apparel,732.28,DELIVERED
SHP-03178,CUST-1058,INNSA,AEDXB,VSL-0038,2025-09-24 10:00:00,2025-10-02 10:00:00,2025-10-02 13:00:00,2025-10-17 10:00:00,2025-10-17 21:00:00,35,Furniture,1280.26,DELIVERED
SHP-04506,CUST-1249,USNYC,DEHAM,VSL-0065,2025-08-09 16:00:00,2025-08-16 16:00:00,2025-08-16 12:00:00,2025-09-09 16:00:00,2025-09-09 08:00:00,32,Pharmaceuticals,2653.95,DELIVERED
SHP-01902,CUST-1034,SGSIN,AEDXB,VSL-0041,2025-07-16 09:00:00,2025-07-21 09:00:00,2025-07-21 06:00:00,2025-08-07 09:00:00,2025-08-07 08:00:00,18,Furniture,2005.19,DELIVERED
SHP-03289,CUST-1037,MYPKG,CNSZX,VSL-0071,2024-11-19 20:00:00,2024-11-29 20:00:00,2024-11-30 02:00:00,2024-12-06 20:00:00,2024-12-06 23:00:00,32,Chemicals,1794.53,DELIVERED
SHP-01543,CUST-1010,USNYC,HKHKG,VSL-0016,2025-07-09 10:00:00,2025-07-21 10:00:00,2025-07-21 15:00:00,2025-08-08 10:00:00,2025-08-10 15:00:00,14,Electronics,924.31,DELAYED
SHP-02910,CUST-1183,JPYOK,ZADUR,VSL-0064,2025-01-10 18:00:00,2025-01-21 18:00:00,2025-01-21 16:00:00,2025-02-25 18:00:00,2025-02-26 06:00:00,26,Food & Beverage,2296.43,DELIVERED
SHP-02789,CUST-1169,INMUN,KRPUS,VSL-0031,2025-02-19 12:00:00,2025-02-24 12:00:00,2025-02-24 09:00:00,2025-03-05 12:00:00,2025-03-05 07:00:00,22,Furniture,1176.18,DELIVERED
SHP-03159,CUST-1040,KRPUS,NLRTM,VSL-0047,2025-09-16 11:00:00,2025-09-25 11:00:00,2025-09-25 08:00:00,2025-10-29 11:00:00,2025-10-29 17:00:00,7,Raw Materials,1086.82,DELIVERED
SHP-04373,CUST-1174,USLGB,ESVLC,VSL-0043,2024-09-05 14:00:00,2024-09-08 14:00:00,2024-09-08 10:00:00,2024-09-23 14:00:00,2024-09-23 09:00:00,31,Chemicals,2163.68,DELIVERED
SHP-01462,CUST-1008,USNYC,SGSIN,VSL-0064,2025-06-24 05:00:00,2025-07-02 05:00:00,2025-07-04 15:00:00,2025-08-02 05:00:00,2025-08-04 09:00:00,31,Electronics,2438.4,DELAYED
SHP-02635,CUST-1201,SGSIN,PKKAR,VSL-0013,2024-11-20 12:00:00,2024-11-30 12:00:00,2024-11-30 13:00:00,2024-12-06 12:00:00,2024-12-06 14:00:00,13,Pharmaceuticals,1780.71,DELIVERED
SHP-04773,CUST-1147,MYPKG,USSAV,VSL-0053,2025-08-18 06:00:00,2025-08-22 06:00:00,2025-08-22 06:00:00,2025-09-14 06:00:00,2025-09-14 02:00:00,4,Chemicals,2587.33,DELIVERED
SHP-00762,CUST-1009,HKHKG,USSAV,VSL-0074,2025-03-25 23:00:00,2025-04-03 23:00:00,2025-04-04 05:00:00,2025-04-28 23:00:00,2025-04-28 17:00:00,13,Raw Materials,1190.55,DELIVERED
SHP-00209,CUST-1011,MYPKG,DEHAM,VSL-0061,2024-07-01 15:00:00,2024-07-09 15:00:00,2024-07-09 20:00:00,2024-08-09 15:00:00,2024-08-10 00:00:00,30,Electronics,2310.69,DELIVERED
SHP-04994,CUST-1200,USLAX,MYPKG,VSL-0036,2024-11-25 14:00:00,2024-12-08 14:00:00,2024-12-11 07:00:00,2024-12-22 14:00:00,2024-12-27 09:00:00,11,Furniture,1588.45,DELAYED
SHP-00048,CUST-1192,CNSZX,BRSSZ,VSL-0062,2025-09-09 08:00:00,2025-09-13 08:00:00,2025-09-13 04:00:00,2025-10-04 08:00:00,2025-10-04 19:00:00,30,Consumer Goods,747.97,DELIVERED
SHP-01689,CUST-1243,ESVLC,USLAX,VSL-0079,2025-08-11 02:00:00,2025-08-21 02:00:00,2025-08-21 03:00:00,2025-09-15 02:00:00,2025-09-15 00:00:00,1,Electronics,1254.78,DELIVERED
SHP-04290,CUST-1116,THBKK,DEHAM,VSL-0066,2024-12-12 00:00:00,2024-12-17 00:00:00,2024-12-19 01:00:00,2025-01-06 00:00:00,2025-01-08 20:00:00,17,Electronics,1660.1,DELAYED
SHP-04015,CUST-1160,ESVLC,INMUN,VSL-0029,2025-06-18 18:00:00,2025-06-23 18:00:00,2025-06-23 18:00:00,2025-07-24 18:00:00,2025-07-25 06:00:00,9,Machinery,977.7,DELIVERED
SHP-04769,CUST-1010,CNSHA,INNSA,VSL-0079,2025-07-28 00:00:00,2025-08-08 00:00:00,2025-08-11 00:00:00,2025-08-17 00:00:00,2025-08-23 15:00:00,17,Electronics,744.23,DELAYED
SHP-00298,CUST-1071,XXTST,KRPUS,VSL-0029,2024-06-10 05:00:00,2024-06-19 05:00:00,,2024-06-28 05:00:00,,28,Electronics,290.49,CANCELLED
SHP-04125,CUST-1096,USLAX,ESVLC,VSL-0060,2025-08-01 20:00:00,2025-08-14 20:00:00,2025-08-17 09:00:00,2025-09-06 20:00:00,2025-09-09 03:00:00,28,Raw Materials,2268.96,DELAYED
SHP-04927,CUST-1206,DEHAM,USSAV,VSL-0070,2025-06-24 19:00:00,2025-06-27 19:00:00,2025-06-27 21:00:00,2025-07-30 19:00:00,2025-07-30 23:00:00,30,Raw Materials,78.13,DELIVERED
SHP-01391,CUST-1152,BRSSZ,INNSA,VSL-0070,2024-09-04 01:00:00,2024-09-12 01:00:00,2024-09-14 20:00:00,2024-09-26 01:00:00,2024-10-02 12:00:00,11,Apparel,2775.63,DELAYED
SHP-02060,CUST-1121,THBKK,BEANR,VSL-0041,2025-06-29 04:00:00,2025-07-05 04:00:00,2025-07-05 05:00:00,2025-08-01 04:00:00,2025-08-01 11:00:00,21,Raw Materials,1457.46,DELIVERED
SHP-01297,CUST-1068,AEDXB,USSAV,VSL-0047,2025-01-14 05:00:00,2025-01-17 05:00:00,2025-01-17 04:00:00,2025-02-01 05:00:00,2025-02-01 12:00:00,26,Chemicals,242.77,DELIVERED
SHP-02779,CUST-1112,XXTST,ZADUR,VSL-0014,2025-04-13 20:00:00,2025-04-21 20:00:00,2025-04-23 08:00:00,2025-05-14 20:00:00,2025-05-16 23:00:00,28,Machinery,974.86,DELAYED
SHP-04986,CUST-1055,USSAV,EGPSD,VSL-0065,2024-12-21 02:00:00,2024-12-24 02:00:00,2024-12-24 04:00:00,2025-01-15 02:00:00,2025-01-15 03:00:00,14,APPAREL,2223.92,DELIVERED
SHP-01182,CUST-1121,KRPUS,UNKNW,VSL-0043,2025-08-02 11:00:00,2025-08-09 11:00:00,2025-08-09 17:00:00,2025-08-29 11:00:00,2025-08-29 08:00:00,1,Food & Beverage,2712.26,DELIVERED
SHP-04883,CUST-1181,DEHAM,USNYC,VSL-0026,2024-07-16 16:00:00,2024-07-19 16:00:00,2024-07-21 12:00:00,2024-08-04 16:00:00,2024-08-07 10:00:00,31,Machinery,1863.89,DELAYED
SHP-04051,CUST-1120,HKHKG,INNSA,VSL-0054,2024-12-27 23:00:00,2024-12-31 23:00:00,2025-01-01 20:00:00,2025-01-06 23:00:00,2025-01-08 04:00:00,27,electronics,2027.64,DELAYED
SHP-02164,CUST-1129,AEDXB,THBKK,VSL-0068,2025-07-17 22:00:00,2025-07-24 22:00:00,2025-07-24 21:00:00,2025-08-15 22:00:00,2025-08-16 06:00:00,29,Electronics,679.72,DELIVERED
SHP-02732,CUST-1205,ZADUR,CNNGB,VSL-0046,2024-11-05 17:00:00,2024-11-18 17:00:00,2024-11-21 17:00:00,2024-12-05 17:00:00,2024-12-11 04:00:00,19,Pharmaceuticals,1216.03,DELAYED
SHP-02345,CUST-1158,ZADUR,USLGB,VSL-0060,2025-05-05 18:00:00,2025-05-17 18:00:00,2025-05-18 00:00:00,2025-06-11 18:00:00,2025-06-11 11:00:00,9,Raw Materials,447.13,DELIVERED
SHP-04689,CUST-1092,USSAV,CNSZX,VSL-0056,2024-06-19 05:00:00,2024-06-28 05:00:00,2024-07-01 03:00:00,2024-07-20 05:00:00,2024-07-23 02:00:00,6,Automotive Parts,2650.26,DELAYED
SHP-00341,CUST-1022,MYPKG,SGSIN,VSL-0002,2024-08-19 22:00:00,2024-08-24 22:00:00,2024-08-24 23:00:00,2024-08-31 22:00:00,2024-09-01 09:00:00,35,Electronics,1188.83,DELIVERED
SHP-04042,CUST-1170,NLRTM,UNKNW,VSL-0069,2025-01-05 22:00:00,2025-01-14 22:00:00,2025-01-14 22:00:00,2025-02-10 22:00:00,2025-02-11 05:00:00,8,Chemicals,1348.23,DELIVERED
SHP-02633,CUST-1090,CNNGB,AEDXB,VSL-0018,2025-07-28 03:00:00,2025-08-11 03:00:00,2025-08-14 03:00:00,2025-09-12 03:00:00,2025-09-18 02:00:00,31,Electronics,1624.73,DELAYED
SHP-01733,CUST-1020,THBKK,MYPKG,VSL-0014,2025-10-08 13:00:00,2025-10-21 13:00:00,2025-10-23 21:00:00,2025-10-28 13:00:00,2025-11-02 04:00:00,16,Pharmaceuticals,1183.49,DELAYED
SHP-03196,CUST-1185,INNSA,ZADUR,VSL-0019,2024-11-19 13:00:00,2024-11-22 13:00:00,2024-11-23 22:00:00,2024-12-16 13:00:00,2024-12-21 04:00:00,16,Raw Materials,983.2,DELAYED
SHP-00027,CUST-1178,USNYC,THBKK,VSL-0042,2025-04-25 06:00:00,2025-04-29 06:00:00,,2025-06-01 06:00:00,,14,Automotive Parts,2707.4,CANCELLED
SHP-00804,CUST-1080,USSAV,CNSHA,VSL-0059,2024-12-18 17:00:00,2024-12-23 17:00:00,2024-12-23 14:00:00,2025-01-19 17:00:00,2025-01-19 15:00:00,20,Automotive Parts,1576.59,DELIVERED
SHP-04515,CUST-1183,USSAV,BRSSZ,VSL-0046,2025-06-04 15:00:00,2025-06-07 15:00:00,2025-06-07 17:00:00,2025-06-14 15:00:00,2025-06-14 07:00:00,16,Electronics,2310.17,DELIVERED
SHP-02552,CUST-1227,USSAV,KRPUS,VSL-0005,2024-07-07 01:00:00,2024-07-20 01:00:00,2024-07-20 03:00:00,2024-08-06 01:00:00,2024-08-05 22:00:00,13,Apparel,-143.56,DELIVERED
SHP-00079,CUST-1052,PKKAR,INMUN,VSL-0049,2024-07-20 18:00:00,2024-07-26 18:00:00,2024-07-26 17:00:00,2024-08-02 18:00:00,2024-08-02 22:00:00,29,Raw Materials,446.94,DELIVERED
SHP-03532,CUST-1128,CNSHA,NLRTM,VSL-0007,2025-04-06 02:00:00,2025-04-20 02:00:00,2025-04-20 07:00:00,2025-05-22 02:00:00,2025-05-22 10:00:00,9,Automotive Parts,2005.37,DELIVERED
SHP-03168,CUST-1054,USNYC,DEHAM,VSL-0045,2025-04-13 10:00:00,2025-04-18 10:00:00,2025-04-20 22:00:00,2025-05-12 10:00:00,2025-05-17 19:00:00,35,Apparel,1479.78,DELAYED
SHP-01275,CUST-1132,INMUN,ESVLC,VSL-0003,2025-10-13 03:00:00,2025-10-19 03:00:00,2025-10-18 23:00:00,2025-11-18 03:00:00,2025-11-18 10:00:00,32,Food & Beverage,600.42,DELIVERED
SHP-00916,CUST-1221,HKHKG,GBFXT,VSL-0049,2025-06-23 20:00:00,2025-07-04 20:00:00,2025-07-06 12:00:00,2025-08-08 20:00:00,2025-08-11 20:00:00,12,Apparel,155.0,DELAYED
SHP-04628,CUST-1236,HKHKG,CNSZX,VSL-0078,2025-09-05 18:00:00,2025-09-10 18:00:00,2025-09-11 00:00:00,2025-09-16 18:00:00,2025-09-16 22:00:00,13,Apparel,856.36,DELIVERED
SHP-01337,CUST-1124,USSAV,PKKAR,VSL-0035,2024-09-24 08:00:00,2024-10-06 08:00:00,2024-10-06 06:00:00,2024-11-05 08:00:00,2024-11-05 08:00:00,33,Raw Materials,2235.4,DELIVERED
SHP-02603,CUST-1147,SGSIN,INMUN,VSL-0030,2024-09-18 05:00:00,2024-09-30 05:00:00,,2024-10-03 05:00:00,,32,Electronics,420.73,N/A
SHP-00339,CUST-1160,EGPSD,USNYC,VSL-0031,2025-06-10 14:00:00,2025-06-17 14:00:00,,2025-07-11 14:00:00,,14,Chemicals,2333.98,CANCELLED
SHP-01760,CUST-1150,PKKAR,KRPUS,VSL-0052,2025-03-27 15:00:00,2025-04-07 15:00:00,2025-04-07 22:00:00,2025-04-12 15:00:00,2025-04-13 13:00:00,7,Electronics,2636.61,DELIVERED
SHP-00115,CUST-1060,GBFXT,NLRTM,VSL-0062,2024-11-11 13:00:00,2024-11-18 13:00:00,2024-11-18 10:00:00,2024-11-25 13:00:00,2024-11-25 05:00:00,24,Electronics,2141.48,DELIVERED
SHP-03005,CUST-1179,JPYOK,HKHKG,VSL-0024,2025-01-06 05:00:00,2025-01-12 05:00:00,2025-01-13 17:00:00,2025-01-16 05:00:00,2025-01-18 09:00:00,15,Automotive Parts,2283.96,DELAYED
SHP-00913,CUST-1036,NLRTM,BRSSZ,VSL-0068,2025-01-01 15:00:00,2025-01-10 15:00:00,2025-01-10 17:00:00,2025-02-13 15:00:00,2025-02-13 09:00:00,31,Chemicals,2701.35,DELIVERED
SHP-00412,CUST-1021,KRPUS,CNSZX,VSL-0069,2025-07-26 21:00:00,2025-08-02 21:00:00,2025-08-05 19:00:00,2025-08-12 21:00:00,2025-08-19 19:00:00,10,Pharmaceuticals,1511.85,DELAYED
SHP-02144,CUST-1219,CNNGB,GBFXT,VSL-0055,2024-11-14 02:00:00,2024-11-28 02:00:00,2024-11-27 23:00:00,2024-12-15 02:00:00,2024-12-15 13:00:00,9,Electronics,2628.67,DELIVERED
SHP-04234,CUST-1028,ESVLC,INNSA,VSL-0054,2025-05-20 05:00:00,2025-05-27 05:00:00,2025-05-28 17:00:00,2025-06-20 05:00:00,2025-06-25 11:00:00,35,Automotive Parts,360.62,DELAYED
SHP-04306,CUST-1023,SGSIN,PKKAR,VSL-0044,2024-08-08 22:00:00,2024-08-22 22:00:00,2024-08-22 19:00:00,2024-09-01 22:00:00,2024-09-01 23:00:00,23,Food & Beverage,218.09,DELIVERED
SHP-04059,CUST-1203,USSAV,ESVLC,VSL-0013,2025-10-09 05:00:00,2025-10-12 05:00:00,2025-10-14 18:00:00,2025-10-30 05:00:00,2025-11-04 20:00:00,6,Consumer Goods,354.71,DELAYED
SHP-00285,CUST-1174,DEHAM,BEANR,VSL-0074,2024-10-20 21:00:00,2024-10-27 21:00:00,2024-10-30 00:00:00,2024-11-01 21:00:00,2024-11-04 02:00:00,5,Automotive Parts,973.71,DELAYED
SHP-04008,CUST-1182,DEHAM,CNSZX,VSL-0005,2025-10-05 12:00:00,2025-10-08 12:00:00,2025-10-08 08:00:00,2025-11-01 12:00:00,2025-11-01 15:00:00,25,Chemicals,1072.67,DELIVERED
SHP-01535,CUST-1031,PKKAR,DEHAM,VSL-0049,2025-09-24 13:00:00,2025-10-02 13:00:00,,2025-10-20 13:00:00,,7,Chemicals,750.74,CANCELLED
SHP-01123,CUST-1021,DEHAM,THBKK,VSL-0030,2025-10-08 12:00:00,2025-10-15 12:00:00,,2025-11-03 12:00:00,,29,Chemicals,213.32,CANCELLED
SHP-03045,CUST-1207,USNYC,JPYOK,VSL-0019,2024-12-26 07:00:00,2025-01-01 07:00:00,2025-01-01 06:00:00,2025-01-31 07:00:00,2025-01-31 13:00:00,6,Food & Beverage,2082.73,DELIVERED
SHP-01997,CUST-1064,CNSHA,AEDXB,VSL-0068,2024-07-02 09:00:00,2024-07-08 09:00:00,2024-07-08 11:00:00,2024-07-29 09:00:00,2024-07-29 18:00:00,26,Raw Materials,2333.71,DELIVERED
SHP-03809,CUST-1131,PKKAR,EGPSD,VSL-0075,2025-04-03 20:00:00,2025-04-12 20:00:00,2025-04-13 18:00:00,2025-05-12 20:00:00,2025-05-16 03:00:00,5,Furniture,2000.64,DELAYED
SHP-02056,CUST-1148,CNSHA,CNSZX,VSL-0039,2025-09-19 11:00:00,2025-09-25 11:00:00,2025-09-28 11:00:00,2025-09-30 11:00:00,2025-10-04 21:00:00,13,Automotive Parts,1009.7,DELAYED
SHP-03573,CUST-1157,MYPKG,KRPUS,VSL-0080,2024-10-12 21:00:00,2024-10-20 21:00:00,2024-10-20 23:00:00,2024-10-27 21:00:00,2024-10-30 21:00:00,23,Pharmaceuticals,417.2,DELAYED
SHP-02935,CUST-1002,ZADUR,JPYOK,VSL-0048,2025-05-02 15:00:00,2025-05-05 15:00:00,2025-05-05 17:00:00,2025-05-24 15:00:00,2025-05-25 01:00:00,24,Pharmaceuticals,1566.25,DELIVERED
SHP-03071,CUST-1145,THBKK,JPYOK,VSL-0046,2025-06-12 06:00:00,2025-06-20 06:00:00,2025-06-20 03:00:00,2025-06-26 06:00:00,2025-06-26 11:00:00,32,Furniture,,DELIVERED
SHP-02455,CUST-1129,NLRTM,JPYOK,VSL-0015,2025-04-14 01:00:00,2025-04-22 01:00:00,2025-04-21 21:00:00,2025-05-11 01:00:00,2025-05-10 21:00:00,19,Pharmaceuticals,571.67,DELIVERED
SHP-04458,CUST-1132,MYPKG,USLGB,VSL-0014,2025-04-21 09:00:00,2025-05-04 09:00:00,2025-05-04 14:00:00,2025-05-27 09:00:00,2025-05-27 17:00:00,36,Pharmaceuticals,2159.31,DELIVERED
SHP-00368,CUST-1210,USLAX,GBFXT,VSL-0020,2025-03-05 09:00:00,2025-03-19 09:00:00,2025-03-21 15:00:00,2025-04-17 09:00:00,2025-04-23 14:00:00,12,Machinery,865.99,DELAYED
SHP-03126,CUST-1005,KRPUS,BEANR,VSL-0020,2025-09-20 02:00:00,2025-10-04 02:00:00,2025-10-04 06:00:00,2025-10-24 02:00:00,2025-10-24 09:00:00,3,Electronics,718.71,DELIVERED
SHP-01982,CUST-1059,NLRTM,DEHAM,VSL-0069,2024-11-08 04:00:00,2024-11-20 04:00:00,2024-11-23 03:00:00,2024-11-25 04:00:00,2024-11-30 10:00:00,9,Electronics,1620.13,DELAYED
SHP-02696,CUST-1110,HKHKG,USLAX,VSL-0014,2025-09-22 08:00:00,2025-10-04 08:00:00,2025-10-04 09:00:00,2025-10-18 08:00:00,2025-10-18 17:00:00,33,Automotive Parts,2583.58,DELIVERED
SHP-04687,CUST-1040,PKKAR,AEDXB,VSL-0032,2025-09-29 13:00:00,2025-10-05 13:00:00,2025-10-08 12:00:00,2025-10-30 13:00:00,2025-11-05 22:00:00,8,Consumer Goods,2167.47,DELAYED
SHP-00548,CUST-1096,ESVLC,JPYOK,VSL-0034,2025-03-21 07:00:00,2025-03-27 07:00:00,2025-03-27 03:00:00,2025-04-11 07:00:00,2025-04-11 01:00:00,8,Machinery,1967.84,DELIVERED
SHP-02080,CUST-1055,USSAV,USLAX,VSL-0077,2025-02-24 00:00:00,2025-03-04 00:00:00,2025-03-04 06:00:00,2025-03-12 00:00:00,2025-03-11 19:00:00,22,Pharmaceuticals,610.25,DELIVERED
SHP-01170,CUST-1000,CNNGB,ZADUR,VSL-0013,2024-11-16 03:00:00,2024-11-30 03:00:00,2024-12-01 12:00:00,2024-12-18 03:00:00,2024-12-20 23:00:00,5,Machinery,1763.64,DELAYED
SHP-01984,CUST-1021,HKHKG,MYPKG,VSL-0069,2024-10-08 10:00:00,2024-10-13 10:00:00,2024-10-14 00:00:00,2024-10-20 10:00:00,2024-10-23 13:00:00,11,Pharmaceuticals,1009.04,DELAYED
SHP-00822,CUST-1051,USNYC,NLRTM,VSL-0047,2024-12-14 07:00:00,2024-12-27 07:00:00,2024-12-27 04:00:00,2025-01-30 07:00:00,2025-01-30 04:00:00,26,Food & Beverage,1264.23,DELIVERED
SHP-00342,CUST-1200,INMUN,CNSZX,VSL-0064,2024-08-13 07:00:00,2024-08-25 07:00:00,2024-08-25 13:00:00,2024-08-31 07:00:00,2024-08-31 02:00:00,31,Apparel,1922.67,DELIVERED
SHP-03607,CUST-1001,CNNGB,USLAX,VSL-0055,2025-02-13 16:00:00,2025-02-19 16:00:00,2025-02-22 02:00:00,2025-03-21 16:00:00,2025-03-27 02:00:00,14,Machinery,2303.85,DELAYED
SHP-04002,CUST-1017,SGSIN,ESVLC,VSL-0037,2025-09-29 12:00:00,2025-10-11 12:00:00,2025-10-11 15:00:00,2025-11-05 12:00:00,2025-11-06 00:00:00,6,Furniture,2308.69,DELIVERED
SHP-04501,CUST-1137,BEANR,CNSHA,VSL-0008,2025-02-27 14:00:00,2025-03-05 14:00:00,2025-03-07 17:00:00,2025-04-02 14:00:00,2025-04-08 16:00:00,17,Automotive Parts,1719.34,DELAYED
SHP-00453,CUST-1156,CNSZX,DEHAM,VSL-0015,2025-07-17 12:00:00,2025-07-29 12:00:00,2025-07-29 12:00:00,2025-08-29 12:00:00,2025-08-29 11:00:00,9,Furniture,2314.99,DELIVERED
SHP-01313,CUST-1026,HKHKG,BEANR,VSL-0039,2024-09-09 19:00:00,2024-09-12 19:00:00,2024-09-13 01:00:00,2024-10-09 19:00:00,2024-10-09 19:00:00,3,Furniture,1443.29,DELIVERED
SHP-00952,CUST-1065,EGPSD,PKKAR,VSL-0028,2024-10-28 01:00:00,2024-10-31 01:00:00,2024-11-01 08:00:00,2024-11-14 01:00:00,2024-11-18 11:00:00,29,Electronics,1859.7,DELAYED
SHP-04444,CUST-1161,THBKK,USLAX,VSL-0037,2024-08-01 07:00:00,2024-08-10 07:00:00,2024-08-10 09:00:00,2024-09-04 07:00:00,2024-09-05 22:00:00,6,Pharmaceuticals,801.92,DELAYED
SHP-02642,CUST-1019,CNSZX,HKHKG,VSL-0076,2024-10-27 01:00:00,2024-11-01 01:00:00,2024-11-02 04:00:00,2024-11-05 01:00:00,2024-11-07 15:00:00,36,Electronics,530.44,DELAYED
SHP-01709,CUST-1105,USNYC,EGPSD,VSL-0060,2024-07-20 01:00:00,2024-07-23 01:00:00,2024-07-23 00:00:00,2024-08-08 01:00:00,2024-08-07 21:00:00,34,Furniture,1724.04,DELIVERED
SHP-00068,CUST-1148,KRPUS,GBFXT,VSL-0043,2024-07-20 14:00:00,2024-08-01 14:00:00,,2024-08-29 14:00:00,,16,Consumer Goods,919.06,CANCELLED
SHP-02510,CUST-1168,ZZZZZ,KRPUS,VSL-0064,2024-06-16 20:00:00,2024-06-21 20:00:00,2024-06-22 10:00:00,2024-06-26 20:00:00,2024-06-29 05:00:00,40,Consumer Goods,2789.92,DELAYED
SHP-00705,CUST-1105,DEHAM,USLGB,VSL-0003,2025-04-20 20:00:00,2025-04-30 20:00:00,2025-05-01 00:00:00,2025-05-16 20:00:00,2025-05-16 19:00:00,1,Electronics,1093.19,DELIVERED
SHP-01246,CUST-1123,JPYOK,USLAX,VSL-0046,2024-07-04 20:00:00,2024-07-08 20:00:00,2024-07-10 06:00:00,2024-07-30 20:00:00,2024-08-03 05:00:00,32,Apparel,2444.15,DELAYED
SHP-03350,CUST-1004,BEANR,INNSA,VSL-0076,2025-01-07 18:00:00,2025-01-13 18:00:00,2025-01-13 15:00:00,2025-01-28 18:00:00,2025-01-28 10:00:00,7,Automotive Parts,-44.97,DELIVERED
SHP-02594,CUST-1154,BEANR,PKKAR,VSL-0033,2025-01-24 13:00:00,2025-02-06 13:00:00,2025-02-08 15:00:00,2025-02-28 13:00:00,2025-03-05 08:00:00,25,Chemicals,1118.88,DELAYED
SHP-03303,CUST-1035,USLGB,NLRTM,VSL-0040,2024-11-05 14:00:00,2024-11-12 14:00:00,,2024-12-02 14:00:00,,23,Furniture,2387.22,
SHP-00829,CUST-1011,CNNGB,USLAX,VSL-0039,2024-07-30 02:00:00,2024-08-03 02:00:00,2024-08-03 06:00:00,2024-08-28 02:00:00,2024-08-28 09:00:00,11,Automotive Parts,1257.33,DELIVERED
SHP-03457,CUST-1104,CNNGB,MYPKG,VSL-0057,2024-06-10 07:00:00,2024-06-17 07:00:00,2024-06-17 04:00:00,2024-06-23 07:00:00,2024-06-23 10:00:00,40,Furniture,1882.84,DELIVERED
SHP-01870,CUST-1094,GBFXT,BRSSZ,VSL-0034,2024-11-22 05:00:00,2024-11-30 05:00:00,2024-11-30 01:00:00,2025-01-01 05:00:00,2025-01-01 09:00:00,10,Apparel,-166.83,DELIVERED
SHP-03240,CUST-1046,HKHKG,ZADUR,VSL-0026,2025-03-28 17:00:00,2025-03-31 17:00:00,2025-03-31 13:00:00,2025-05-03 17:00:00,2025-05-03 21:00:00,6,Furniture,1643.44,DELIVERED
SHP-01423,CUST-1135,NLRTM,EGPSD,VSL-0060,2025-02-04 17:00:00,2025-02-08 17:00:00,2025-02-08 13:00:00,2025-03-04 17:00:00,2025-03-04 23:00:00,17,Food & Beverage,398.76,DELIVERED
SHP-01989,CUST-1011,SGSIN,USLGB,VSL-0008,2024-12-20 00:00:00,2024-12-28 00:00:00,2024-12-28 12:00:00,2025-01-17 00:00:00,2025-01-21 06:00:00,9,Chemicals,1139.43,DELAYED
SHP-04816,CUST-1054,NLRTM,MYPKG,VSL-0074,2025-02-03 14:00:00,2025-02-06 14:00:00,2025-02-06 14:00:00,2025-03-02 14:00:00,2025-03-02 18:00:00,40,Machinery,614.93,DELIVERED
SHP-02148,CUST-1240,INMUN,BEANR,VSL-0071,2024-09-21 09:00:00,2024-10-04 09:00:00,2024-10-04 07:00:00,2024-10-25 09:00:00,2024-10-25 03:00:00,10,Machinery,659.36,DELIVERED
SHP-01999,CUST-1166,INNSA,USLAX,VSL-0060,2024-07-24 10:00:00,2024-07-28 10:00:00,2024-07-28 11:00:00,2024-08-13 10:00:00,2024-08-13 21:00:00,21,FURNITURE,2684.81,DELIVERED
SHP-01380,CUST-1236,CNSZX,USNYC,VSL-0021,2025-01-09 21:00:00,2025-01-12 21:00:00,2025-01-13 03:00:00,2025-02-09 21:00:00,2025-02-10 06:00:00,40,Pharmaceuticals,2138.44,DELIVERED
SHP-03170,CUST-1199,MYPKG,THBKK,VSL-0076,2024-10-19 04:00:00,2024-10-28 04:00:00,,2024-11-03 04:00:00,,5,Raw Materials,1981.41,CANCELLED
SHP-03985,CUST-1202,SGSIN,DEHAM,VSL-0024,2025-06-11 18:00:00,2025-06-16 18:00:00,2025-06-17 08:00:00,2025-07-03 18:00:00,2025-07-07 22:00:00,31,Furniture,463.14,DELAYED
SHP-04944,CUST-1206,SGSIN,AEDXB,VSL-0045,2025-05-29 22:00:00,2025-06-02 22:00:00,2025-06-03 03:00:00,2025-06-16 22:00:00,2025-06-16 16:00:00,33,Machinery,1515.72,DELIVERED
SHP-01369,CUST-1178,BRSSZ,USLAX,VSL-0055,2025-08-08 00:00:00,2025-08-17 00:00:00,2025-08-17 02:00:00,2025-08-24 00:00:00,2025-08-26 04:00:00,7,Automotive Parts,830.55,DELAYED
SHP-00596,CUST-1209,THBKK,ESVLC,VSL-0067,2024-06-23 05:00:00,2024-06-29 05:00:00,,2024-07-31 05:00:00,,34,Machinery,1817.31,delivered
SHP-01645,CUST-1179,INMUN,USLGB,VSL-0025,2025-07-10 04:00:00,2025-07-14 04:00:00,2025-07-14 05:00:00,2025-08-12 04:00:00,2025-08-12 07:00:00,14,Pharmaceuticals,2183.42,DELIVERED
SHP-04692,CUST-1021,USLAX,BEANR,VSL-0054,2025-03-24 12:00:00,2025-04-07 12:00:00,2025-04-07 08:00:00,2025-04-22 12:00:00,2025-04-22 05:00:00,36,Food & Beverage,1443.01,DELIVERED
SHP-04570,CUST-1027,ZADUR,NLRTM,VSL-0056,2024-06-08 19:00:00,2024-06-14 19:00:00,2024-06-15 00:00:00,2024-07-08 19:00:00,2024-07-09 06:00:00,36,Apparel,992.11,DELIVERED
SHP-01728,CUST-1169,BRSSZ,MYPKG,VSL-0054,2025-08-22 17:00:00,2025-09-04 17:00:00,2025-09-04 23:00:00,2025-09-26 17:00:00,2025-09-26 11:00:00,27,Furniture,1981.54,DELIVERED
SHP-02659,CUST-1240,CNNGB,GBFXT,VSL-0046,2025-07-11 04:00:00,2025-07-21 04:00:00,2025-07-21 01:00:00,2025-08-20 04:00:00,2025-08-19 23:00:00,0,Consumer Goods,2002.28,DELIVERED
SHP-04569,CUST-1117,USLAX,BRSSZ,VSL-0073,2025-05-16 15:00:00,2025-05-22 15:00:00,2025-05-22 15:00:00,2025-05-29 15:00:00,2025-05-29 14:00:00,19,Food & Beverage,1393.4,DELIVERED
SHP-03812,CUST-1196,EGPSD,SGSIN,VSL-0040,2024-11-20 14:00:00,2024-12-02 14:00:00,2024-12-04 17:00:00,2025-01-06 14:00:00,2025-01-09 06:00:00,4,Machinery,442.0,DELAYED
SHP-03152,CUST-1149,USNYC,BEANR,VSL-0039,2024-10-21 20:00:00,2024-10-26 20:00:00,2024-10-27 21:00:00,2024-11-18 20:00:00,2024-11-21 03:00:00,31,Chemicals,915.2,DELAYED
SHP-00703,CUST-1024,THBKK,BRSSZ,VSL-0046,2025-08-01 00:00:00,2025-08-07 00:00:00,2025-08-07 05:00:00,2025-08-28 00:00:00,2025-08-27 19:00:00,38,Electronics,1077.22,DELIVERED
SHP-03149,CUST-1177,ZADUR,INMUN,VSL-0015,2024-10-07 23:00:00,2024-10-21 23:00:00,2024-10-21 22:00:00,2024-11-22 23:00:00,2024-11-22 17:00:00,17,Apparel,737.98,DELIVERED
SHP-03614,CUST-1060,USSAV,BEANR,VSL-0064,2024-09-19 16:00:00,2024-10-03 16:00:00,2024-10-03 17:00:00,2024-10-17 16:00:00,2024-10-17 10:00:00,36,Food & Beverage,787.45,DELIVERED
SHP-02368,CUST-1029,USSAV,USLAX,VSL-0072,2024-12-08 21:00:00,2024-12-18 21:00:00,2024-12-21 19:00:00,2024-12-23 21:00:00,2024-12-28 01:00:00,4,Furniture,878.33,DELAYED
SHP-02713,CUST-1079,BEANR,GBFXT,VSL-0069,2025-01-06 14:00:00,2025-01-13 14:00:00,2025-01-06 10:00:00,2025-01-17 14:00:00,2025-01-17 20:00:00,34,Pharmaceuticals,1070.61,DELIVERED
SHP-02261,CUST-1102,USSAV,EGPSD,VSL-0026,2025-02-16 09:00:00,2025-03-02 09:00:00,2025-03-05 09:00:00,2025-03-16 09:00:00,2025-03-20 19:00:00,10,Machinery,2356.65,DELAYED
SHP-04856,CUST-1091,USNYC,NLRTM,VSL-0067,2024-08-12 12:00:00,2024-08-18 12:00:00,2024-08-18 13:00:00,2024-09-08 12:00:00,2024-09-08 06:00:00,40,Automotive Parts,528.21,DELIVERED
SHP-04323,CUST-1028,AEDXB,MYPKG,VSL-0016,2025-02-20 15:00:00,2025-03-02 15:00:00,2025-03-02 13:00:00,2025-03-23 15:00:00,2025-03-23 20:00:00,14,Consumer Goods,665.94,DELIVERED
SHP-01373,CUST-1084,PKKAR,ZADUR,VSL-0070,2025-03-16 12:00:00,2025-03-20 12:00:00,2025-03-23 05:00:00,2025-04-18 12:00:00,2025-04-23 10:00:00,37,Raw Materials,1016.71,DELAYED
SHP-00154,CUST-1209,MYPKG,INNSA,VSL-0015,2025-05-25 01:00:00,2025-06-03 01:00:00,2025-06-03 07:00:00,2025-06-08 01:00:00,2025-06-11 12:00:00,29,Consumer Goods,1818.96,DELAYED
SHP-00692,CUST-1113,USLGB,THBKK,VSL-0036,2024-10-04 17:00:00,2024-10-15 17:00:00,2024-10-15 17:00:00,2024-11-15 17:00:00,2024-11-15 22:00:00,40,Chemicals,808.26,DELIVERED
SHP-01165,CUST-1080,USLGB,HKHKG,VSL-0068,2024-08-24 21:00:00,2024-09-03 21:00:00,2024-09-04 22:00:00,2024-10-02 21:00:00,2024-10-05 07:00:00,13,Electronics,2333.76,DELAYED
SHP-00031,CUST-1236,USLGB,USSAV,VSL-0009,2024-10-13 04:00:00,2024-10-19 04:00:00,2024-10-21 06:00:00,2024-10-28 04:00:00,2024-10-30 11:00:00,3,Raw Materials,1424.42,DELAYED
SHP-03171,CUST-1163,CNSHA,BEANR,VSL-0035,2024-08-01 11:00:00,2024-08-11 11:00:00,2024-08-11 12:00:00,2024-08-29 11:00:00,2024-08-29 11:00:00,10,Apparel,792.48,DELIVERED
SHP-04788,CUST-1103,JPYOK,GBFXT,VSL-0061,2025-03-24 03:00:00,2025-03-29 03:00:00,2025-03-31 08:00:00,2025-04-20 03:00:00,2025-04-23 09:00:00,8,Apparel,2759.95,DELAYED
SHP-00345,CUST-1102,BRSSZ,CNNGB,VSL-0042,2025-06-10 02:00:00,2025-06-18 02:00:00,2025-06-20 02:00:00,2025-07-09 02:00:00,2025-07-14 08:00:00,25,Apparel,1792.16,DELAYED
SHP-02517,CUST-1094,USSAV,AEDXB,VSL-0055,2025-08-17 14:00:00,2025-08-25 14:00:00,,2025-09-15 14:00:00,,32,Furniture,2770.98,CANCELLED
SHP-04685,CUST-1128,USLGB,CNNGB,VSL-0006,2024-08-05 14:00:00,2024-08-18 14:00:00,2024-08-18 19:00:00,2024-09-08 14:00:00,2024-09-08 23:00:00,37,Raw Materials,1051.66,DELIVERED
SHP-00669,CUST-1156,AEDXB,GBFXT,VSL-0076,2024-11-04 01:00:00,2024-11-18 01:00:00,2024-11-19 11:00:00,2024-12-03 01:00:00,2024-12-05 23:00:00,8,Electronics,1839.97,DELAYED
SHP-01957,CUST-1098,USLGB,KRPUS,VSL-0004,2024-08-24 11:00:00,2024-09-02 11:00:00,2024-09-02 09:00:00,2024-10-02 11:00:00,2024-10-02 12:00:00,17,Electronics,1863.37,DELIVERED
SHP-01393,CUST-1237,KRPUS,BRSSZ,VSL-0055,2025-10-12 17:00:00,2025-10-23 17:00:00,2025-10-23 13:00:00,2025-11-18 17:00:00,2025-11-18 13:00:00,34,Pharmaceuticals,782.76,DELIVERED
SHP-01398,CUST-1218,EGPSD,SGSIN,VSL-0078,2025-04-23 01:00:00,2025-04-29 01:00:00,2025-05-01 18:00:00,2025-05-13 01:00:00,2025-05-17 22:00:00,32,Chemicals,148.6,DELAYED
SHP-02309,CUST-1135,USSAV,CNSZX,VSL-0004,2025-09-18 01:00:00,2025-09-29 01:00:00,2025-09-29 06:00:00,2025-10-29 01:00:00,2025-10-30 09:00:00,22,Chemicals,1919.94,DELAYED
SHP-00067,CUST-1102,DEHAM,JPYOK,VSL-0016,2025-03-24 23:00:00,2025-04-04 23:00:00,2025-04-04 23:00:00,2025-05-01 23:00:00,2025-05-02 00:00:00,13,Food & Beverage,187.74,DELIVERED
SHP-00289,CUST-1125,USSAV,GBFXT,VSL-0038,2024-10-02 05:00:00,2024-10-11 05:00:00,2024-10-12 09:00:00,2024-11-01 05:00:00,2024-11-03 04:00:00,39,Pharmaceuticals,1335.81,DELAYED
SHP-04846,CUST-1149,INNSA,ZADUR,VSL-0047,2024-10-22 17:00:00,2024-10-31 17:00:00,2024-10-31 15:00:00,2024-11-23 17:00:00,2024-11-23 13:00:00,23,Consumer Goods,1226.24,DELIVERED
SHP-04375,CUST-1106,EGPSD,AEDXB,VSL-0052,2025-06-06 03:00:00,2025-06-20 03:00:00,2025-06-21 02:00:00,2025-06-30 03:00:00,2025-07-01 19:00:00,11,Machinery,443.45,DELAYED
SHP-02339,CUST-1142,MYPKG,INMUN,VSL-0062,2024-09-22 04:00:00,2024-09-25 04:00:00,2024-09-25 06:00:00,2024-10-04 04:00:00,2024-10-04 01:00:00,32,Raw Materials,926.81,DELIVERED
SHP-00125,CUST-1112,HKHKG,MYPKG,VSL-0047,2025-08-01 14:00:00,2025-08-05 14:00:00,,2025-08-09 14:00:00,,15,Food & Beverage,1939.68,CANCELLED
SHP-02035,CUST-1034,CNSZX,MYPKG,VSL-0063,2024-08-02 21:00:00,2024-08-12 21:00:00,2024-08-13 01:00:00,2024-08-22 21:00:00,2024-08-23 09:00:00,17,Machinery,2092.29,DELIVERED
SHP-01842,CUST-1250,NLRTM,INNSA,VSL-0006,2025-07-04 04:00:00,2025-07-10 04:00:00,,2025-08-08 04:00:00,,18,Food & Beverage,230.51,
SHP-03634,CUST-1103,PKKAR,EGPSD,VSL-0016,2024-08-09 15:00:00,2024-08-21 15:00:00,2024-08-23 15:00:00,2024-09-11 15:00:00,2024-09-15 21:00:00,24,Chemicals,218.0,DELAYED
SHP-01050,CUST-1040,DEHAM,CNSZX,VSL-0043,2024-10-02 13:00:00,2024-10-10 13:00:00,,2024-11-13 13:00:00,,10,Electronics,2025.04,CANCELLED
SHP-04889,CUST-1093,USSAV,INNSA,VSL-0015,2024-06-26 22:00:00,2024-07-10 22:00:00,2024-07-10 23:00:00,2024-08-05 22:00:00,2024-08-05 14:00:00,37,Apparel,2135.95,DELIVERED
SHP-04077,CUST-1069,ZADUR,UNKNW,VSL-0057,2025-07-04 16:00:00,2025-07-13 16:00:00,2025-07-13 22:00:00,2025-08-15 16:00:00,2025-08-15 17:00:00,17,Automotive Parts,1547.08,DELIVERED
SHP-03145,CUST-1067,PKKAR,INNSA,VSL-0017,2024-09-26 13:00:00,2024-10-05 13:00:00,2024-10-05 13:00:00,2024-10-08 13:00:00,2024-10-09 01:00:00,4,Raw Materials,1836.73,DELIVERED
SHP-00421,CUST-1088,HKHKG,ZADUR,VSL-0062,2025-07-18 12:00:00,2025-07-26 12:00:00,2025-07-26 09:00:00,2025-08-20 12:00:00,2025-08-20 20:00:00,30,machinery ,267.54,DELIVERED
SHP-02187,CUST-1062,SGSIN,THBKK,VSL-0074,2024-12-12 02:00:00,2024-12-20 02:00:00,2024-12-11 10:00:00,2024-12-24 02:00:00,2024-12-23 23:00:00,6,Chemicals,1929.4,DELIVERED
SHP-02634,CUST-1238,NLRTM,MYPKG,VSL-0037,2024-08-29 10:00:00,2024-09-04 10:00:00,2024-09-04 07:00:00,2024-09-20 10:00:00,2024-09-20 19:00:00,38,Electronics,343.28,DELIVERED
SHP-04504,CUST-1048,INMUN,CNSZX,VSL-0032,2024-09-09 08:00:00,2024-09-16 08:00:00,2024-09-17 21:00:00,2024-09-20 08:00:00,2024-09-24 14:00:00,20,Automotive Parts,736.62,DELAYED
SHP-00886,CUST-1090,CNNGB,AEDXB,VSL-0023,2025-09-06 16:00:00,2025-09-10 16:00:00,2025-09-13 02:00:00,2025-10-11 16:00:00,2025-10-14 14:00:00,7,Furniture,953.55,DELAYED
SHP-04576,CUST-1243,MYPKG,DEHAM,VSL-0027,2024-08-11 12:00:00,2024-08-25 12:00:00,2024-08-25 12:00:00,2024-09-10 12:00:00,2024-09-10 08:00:00,7,Chemicals,2479.35,DELIVERED
SHP-00169,CUST-1185,THBKK,CNSHA,VSL-0023,2025-05-23 00:00:00,2025-05-30 00:00:00,2025-05-30 17:00:00,2025-06-04 00:00:00,2025-06-06 05:00:00,6,Raw Materials,975.83,DELAYED
SHP-03193,CUST-1023,USLGB,BRSSZ,VSL-0066,2024-12-08 06:00:00,2024-12-19 06:00:00,2024-12-21 05:00:00,2024-12-27 06:00:00,2025-01-01 16:00:00,35,Furniture,1361.16,DELAYED
SHP-01896,CUST-1119,INNSA,USNYC,VSL-0063,2025-03-24 09:00:00,2025-04-07 09:00:00,2025-04-07 09:00:00,2025-04-21 09:00:00,2025-04-21 03:00:00,6,Chemicals,803.28,DELIVERED
SHP-04496,CUST-1007,BEANR,ESVLC,VSL-0033,2025-01-30 03:00:00,2025-02-09 03:00:00,2025-02-09 03:00:00,2025-02-13 03:00:00,2025-02-12 22:00:00,34,Machinery,,DELIVERED
SHP-02796,CUST-1157,CNSZX,HKHKG,VSL-0067,2024-06-08 05:00:00,2024-06-18 05:00:00,2024-06-20 15:00:00,2024-06-28 05:00:00,2024-07-02 07:00:00,35,Electronics,1885.1,DELAYED
SHP-03236,CUST-1071,ZADUR,USSAV,VSL-0079,2025-09-29 12:00:00,2025-10-03 12:00:00,2025-10-05 10:00:00,2025-11-07 12:00:00,2025-11-10 12:00:00,40,Electronics,907.57,DELAYED
SHP-01122,CUST-1133,BEANR,CNNGB,VSL-0020,2025-08-03 11:00:00,2025-08-14 11:00:00,2025-08-15 23:00:00,2025-09-09 11:00:00,2025-09-13 17:00:00,28,machinery ,1861.21,DELAYED
SHP-00086,CUST-1118,INMUN,USLAX,VSL-0007,2025-07-30 18:00:00,2025-08-13 18:00:00,2025-08-16 14:00:00,2025-08-27 18:00:00,2025-08-31 02:00:00,2,Electronics,129.77,DELAYED
SHP-04840,CUST-1082,USLAX,THBKK,VSL-0068,2025-08-08 07:00:00,2025-08-19 07:00:00,2025-08-19 04:00:00,2025-09-18 07:00:00,2025-09-18 04:00:00,23,Machinery,883.87,DELIVERED
SHP-01444,CUST-1105,INMUN,PKKAR,VSL-0045,2025-03-22 13:00:00,2025-03-30 13:00:00,2025-03-30 16:00:00,2025-04-05 13:00:00,2025-04-06 01:00:00,13,Consumer Goods,1754.96,DELIVERED
SHP-03120,CUST-1118,MYPKG,CNNGB,VSL-0065,2025-09-16 05:00:00,2025-09-29 05:00:00,2025-09-29 01:00:00,2025-10-03 05:00:00,2025-10-03 14:00:00,17,Consumer Goods,556.26,DELIVERED
SHP-00313,CUST-1199,SGSIN,MYPKG,VSL-0040,2025-05-17 01:00:00,2025-05-29 01:00:00,2025-05-29 02:00:00,2025-06-07 01:00:00,2025-06-07 09:00:00,31,Automotive Parts,705.14,DELIVERED
SHP-00813,CUST-1139,HKHKG,CNNGB,VSL-0011,2024-07-10 15:00:00,2024-07-19 15:00:00,2024-07-19 20:00:00,2024-07-28 15:00:00,2024-07-28 13:00:00,24,Furniture,2277.23,DELIVERED
SHP-00862,CUST-1142,HKHKG,BRSSZ,VSL-0003,2024-10-12 01:00:00,2024-10-17 01:00:00,2024-10-19 04:00:00,2024-11-03 01:00:00,2024-11-05 05:00:00,25,Furniture,1506.01,DELAYED
SHP-01090,CUST-1120,ESVLC,USNYC,VSL-0053,2025-05-16 19:00:00,2025-05-22 19:00:00,2025-05-25 05:00:00,2025-06-08 19:00:00,2025-06-13 13:00:00,35,Automotive Parts,2373.05,DELAYED
SHP-00513,CUST-1135,EGPSD,USNYC,VSL-0021,2025-05-06 09:00:00,2025-05-17 09:00:00,2025-05-06 05:00:00,2025-06-04 09:00:00,2025-06-04 14:00:00,23,Raw Materials,1782.64,DELIVERED
SHP-01256,CUST-1092,JPYOK,USSAV,VSL-0009,2025-06-01 15:00:00,2025-06-10 15:00:00,2025-06-10 17:00:00,2025-07-11 15:00:00,2025-07-11 22:00:00,30,Raw Materials,1274.97,DELIVERED
SHP-02232,CUST-1250,BEANR,USNYC,VSL-0079,2024-09-25 13:00:00,2024-10-02 13:00:00,2024-10-02 10:00:00,2024-10-21 13:00:00,2024-10-22 01:00:00,18,Raw Materials,1518.32,DELIVERED
SHP-04390,CUST-1242,SGSIN,BRSSZ,VSL-0035,2024-08-03 11:00:00,2024-08-10 11:00:00,2024-08-10 22:00:00,2024-08-31 11:00:00,2024-09-04 12:00:00,25,Raw Materials,210.28,DELAYED
SHP-02293,CUST-1221,THBKK,EGPSD,VSL-0004,2025-09-09 07:00:00,2025-09-20 07:00:00,2025-09-22 10:00:00,2025-10-04 07:00:00,2025-10-07 18:00:00,1,Raw Materials,1649.99,DELAYED
SHP-00348,CUST-1130,EGPSD,MYPKG,VSL-0013,2024-08-15 09:00:00,2024-08-19 09:00:00,2024-08-19 21:00:00,2024-09-16 09:00:00,2024-09-20 18:00:00,21,Food & Beverage,2488.71,DELAYED
SHP-03649,CUST-1127,SGSIN,JPYOK,VSL-0035,2025-07-18 18:00:00,2025-07-28 18:00:00,2025-07-28 18:00:00,2025-08-04 18:00:00,2025-08-04 21:00:00,8,Consumer Goods,1478.4,DELIVERED
SHP-01477,CUST-1225,KRPUS,CNSHA,VSL-0052,2024-12-27 21:00:00,2025-01-01 21:00:00,2025-01-02 21:00:00,2025-01-11 21:00:00,2025-01-15 08:00:00,23,Apparel,1914.89,DELAYED
SHP-04246,CUST-1060,AEDXB,USLAX,VSL-0057,2024-12-30 04:00:00,2025-01-10 04:00:00,2025-01-11 18:00:00,2025-02-03 04:00:00,2025-02-07 14:00:00,31,Food & Beverage,72.5,DELAYED
SHP-00933,CUST-1110,EGPSD,HKHKG,VSL-0013,2025-03-05 05:00:00,2025-03-11 05:00:00,2025-03-13 07:00:00,2025-04-10 05:00:00,2025-04-14 23:00:00,19,Electronics,1673.48,DELAYED
SHP-00153,CUST-1182,AEDXB,THBKK,VSL-0061,2025-09-02 11:00:00,2025-09-13 11:00:00,2025-09-13 21:00:00,2025-10-03 11:00:00,2025-10-04 22:00:00,30,Food & Beverage,970.13,DELAYED
SHP-04851,CUST-1153,NLRTM,BRSSZ,VSL-0068,2025-08-13 23:00:00,2025-08-27 23:00:00,2025-08-30 09:00:00,2025-09-23 23:00:00,2025-09-29 18:00:00,20,Consumer Goods,2084.79,DELAYED
SHP-03781,CUST-1247,THBKK,EGPSD,VSL-0059,2024-08-13 06:00:00,2024-08-16 06:00:00,2024-08-16 05:00:00,2024-08-30 06:00:00,2024-08-30 17:00:00,37,Furniture,320.65,DELIVERED
SHP-02331,CUST-1080,USSAV,SGSIN,VSL-0078,2024-06-08 11:00:00,2024-06-16 11:00:00,2024-06-17 12:00:00,2024-07-01 11:00:00,2024-07-03 05:00:00,16,Machinery,624.64,DELAYED
SHP-03329,CUST-1031,GBFXT,KRPUS,VSL-0001,2024-07-26 01:00:00,2024-08-04 01:00:00,2024-08-05 09:00:00,2024-09-06 01:00:00,2024-09-07 12:00:00,21,Electronics,2621.19,DELAYED
SHP-00673,CUST-1058,ESVLC,DEHAM,VSL-0049,2025-09-18 17:00:00,2025-09-21 17:00:00,2025-09-24 00:00:00,2025-09-26 17:00:00,2025-09-29 22:00:00,3,Chemicals,1892.77,DELAYED
SHP-04095,CUST-1190,BRSSZ,ESVLC,VSL-0028,2024-09-10 23:00:00,2024-09-17 23:00:00,2024-09-17 20:00:00,2024-10-13 23:00:00,2024-10-14 00:00:00,21,Pharmaceuticals,2018.5,DELIVERED
SHP-03907,CUST-1117,BRSSZ,PKKAR,VSL-0030,2024-11-04 17:00:00,2024-11-18 17:00:00,2024-11-18 13:00:00,2024-12-09 17:00:00,2024-12-09 16:00:00,3,Pharmaceuticals,194.22,DELIVERED
SHP-01432,CUST-1201,BRSSZ,BEANR,VSL-0011,2025-08-16 04:00:00,2025-08-20 04:00:00,2025-08-20 20:00:00,2025-09-10 04:00:00,2025-09-13 23:00:00,2,Electronics,881.61,DELAYED
SHP-02877,CUST-1104,HKHKG,UNKNW,VSL-0064,2024-12-12 17:00:00,2024-12-15 17:00:00,2024-12-17 03:00:00,2024-12-30 17:00:00,2025-01-04 21:00:00,20,Raw Materials,727.85,DELAYED
SHP-03150,CUST-1247,CNSZX,THBKK,VSL-0072,2025-04-21 22:00:00,2025-05-03 22:00:00,2025-05-04 04:00:00,2025-05-10 22:00:00,2025-05-15 02:00:00,4,Electronics,2634.27,DELAYED
SHP-02211,CUST-1000,CNSZX,CNNGB,VSL-0014,2025-07-20 07:00:00,2025-07-27 07:00:00,2025-07-29 16:00:00,2025-08-04 07:00:00,2025-08-08 12:00:00,35,Consumer Goods,1406.44,DELAYED
SHP-04923,CUST-1040,INMUN,MYPKG,VSL-0066,2024-12-16 21:00:00,2024-12-27 21:00:00,2024-12-29 01:00:00,2025-01-01 21:00:00,2025-01-03 15:00:00,6,Chemicals,1071.09,DELAYED
SHP-02432,CUST-1018,NLRTM,ESVLC,VSL-0029,2024-12-27 22:00:00,2025-01-07 22:00:00,,2025-01-11 22:00:00,,6,Chemicals,1483.77,CANCELLED
SHP-03082,CUST-1118,HKHKG,BEANR,VSL-0008,2025-03-26 17:00:00,2025-04-04 17:00:00,2025-04-04 20:00:00,2025-04-29 17:00:00,2025-04-29 09:00:00,15,Apparel,2491.83,DELIVERED
SHP-04248,CUST-1184,CNNGB,AEDXB,VSL-0044,2024-06-06 02:00:00,2024-06-20 02:00:00,,2024-07-12 02:00:00,,24,Electronics,207.49,N/A
SHP-01473,CUST-1202,ESVLC,BEANR,VSL-0075,2025-03-04 17:00:00,2025-03-15 17:00:00,2025-03-15 23:00:00,2025-03-19 17:00:00,2025-03-19 14:00:00,8,Consumer Goods,2643.78,DELIVERED
SHP-03382,CUST-1008,INNSA,ZADUR,VSL-0070,2024-07-31 03:00:00,2024-08-08 03:00:00,2024-08-09 20:00:00,2024-09-04 03:00:00,2024-09-09 20:00:00,35,Raw Materials,2246.99,DELAYED
SHP-02704,CUST-1242,KRPUS,THBKK,VSL-0070,2025-03-13 05:00:00,2025-03-16 05:00:00,2025-03-18 03:00:00,2025-03-23 05:00:00,2025-03-28 05:00:00,2,Raw Materials,188.79,DELAYED
SHP-03248,CUST-1206,HKHKG,GBFXT,VSL-0011,2025-02-18 10:00:00,2025-03-02 10:00:00,2025-03-03 23:00:00,2025-04-03 10:00:00,2025-04-05 16:00:00,31,Apparel,2101.71,DELAYED
SHP-00851,CUST-1118,DEHAM,NLRTM,VSL-0065,2025-08-08 10:00:00,2025-08-19 10:00:00,2025-08-19 16:00:00,2025-08-25 10:00:00,2025-08-25 14:00:00,23,Chemicals,114.57,DELIVERED
SHP-02731,CUST-1086,DEHAM,USLAX,VSL-0068,2024-12-23 16:00:00,2024-12-30 16:00:00,2024-12-30 22:00:00,2025-01-28 16:00:00,2025-01-28 10:00:00,33,Food & Beverage,410.14,DELIVERED
SHP-01861,CUST-1003,USNYC,INMUN,VSL-0065,2025-10-03 21:00:00,2025-10-06 21:00:00,2025-10-07 10:00:00,2025-11-06 21:00:00,2025-11-08 02:00:00,35,Automotive Parts,356.35,DELAYED
SHP-00364,CUST-1233,NLRTM,MYPKG,VSL-0061,2025-09-28 16:00:00,2025-10-01 16:00:00,2025-10-01 19:00:00,2025-10-20 16:00:00,2025-10-20 19:00:00,6,Apparel,1137.04,DELIVERED
SHP-00399,CUST-1245,MYPKG,USLAX,VSL-0029,2025-03-13 07:00:00,2025-03-17 07:00:00,2025-03-17 14:00:00,2025-04-01 07:00:00,2025-04-03 03:00:00,13,Food & Beverage,2031.2,DELAYED
SHP-04363,CUST-1100,USLGB,JPYOK,VSL-0056,2024-11-20 17:00:00,2024-11-26 17:00:00,2024-11-26 19:00:00,2024-12-28 17:00:00,2024-12-29 04:00:00,40,Pharmaceuticals,1043.95,DELIVERED
SHP-00653,CUST-1225,JPYOK,PKKAR,VSL-0021,2025-01-12 21:00:00,2025-01-21 21:00:00,2025-01-21 22:00:00,2025-01-24 21:00:00,2025-01-24 23:00:00,39,Raw Materials,1826.25,DELIVERED
SHP-04020,CUST-1155,ZADUR,USLAX,VSL-0075,2025-03-21 04:00:00,2025-03-26 04:00:00,2025-03-28 05:00:00,2025-04-21 04:00:00,2025-04-26 05:00:00,19,Pharmaceuticals,,DELAYED
SHP-00985,CUST-1134,INMUN,ZADUR,VSL-0056,2024-11-27 16:00:00,2024-12-02 16:00:00,,2025-01-06 16:00:00,,39,Raw Materials,350.48,N/A
SHP-03852,CUST-1174,THBKK,DEHAM,VSL-0044,2025-03-20 02:00:00,2025-03-23 02:00:00,2025-03-23 19:00:00,2025-04-21 02:00:00,2025-04-23 07:00:00,35,Automotive Parts,1890.2,DELAYED
SHP-03130,CUST-1004,ESVLC,AEDXB,VSL-0073,2024-08-16 00:00:00,2024-08-26 00:00:00,2024-08-27 07:00:00,2024-09-12 00:00:00,2024-09-13 05:00:00,22,Food & Beverage,521.81,DELAYED
SHP-02825,CUST-1152,EGPSD,AEDXB,VSL-0059,2025-06-06 03:00:00,2025-06-19 03:00:00,2025-06-18 23:00:00,2025-06-25 03:00:00,2025-06-25 15:00:00,5,Chemicals,163.11,DELIVERED
SHP-00662,CUST-1168,USLGB,PKKAR,VSL-0046,2025-03-29 17:00:00,2025-04-09 17:00:00,2025-04-09 20:00:00,2025-05-11 17:00:00,2025-05-11 14:00:00,22,Food & Beverage,517.51,DELIVERED
SHP-01697,CUST-1089,SGSIN,THBKK,VSL-0052,2024-10-18 15:00:00,2024-10-25 15:00:00,2024-10-25 14:00:00,2024-10-31 15:00:00,2024-10-31 08:00:00,2,Apparel,604.0,DELIVERED
SHP-04201,CUST-1149,SGSIN,INMUN,VSL-0077,2024-11-15 15:00:00,2024-11-19 15:00:00,2024-11-21 23:00:00,2024-11-26 15:00:00,2024-12-02 18:00:00,38,Electronics,301.45,DELAYED
SHP-00494,CUST-1160,NLRTM,CNSZX,VSL-0076,2025-03-25 20:00:00,2025-04-01 20:00:00,2025-04-01 20:00:00,2025-04-18 20:00:00,2025-04-18 21:00:00,36,Automotive Parts,53.66,DELIVERED
SHP-04281,CUST-1117,AEDXB,BEANR,VSL-0013,2025-08-28 05:00:00,2025-09-09 05:00:00,2025-09-09 04:00:00,2025-10-08 05:00:00,2025-10-08 16:00:00,24,Machinery,2594.76,DELIVERED
SHP-04522,CUST-1135,EGPSD,AEDXB,VSL-0034,2025-05-25 14:00:00,2025-06-03 14:00:00,2025-06-06 02:00:00,2025-06-10 14:00:00,2025-06-14 14:00:00,20,Furniture,1866.52,DELAYED
SHP-03278,CUST-1220,MYPKG,BRSSZ,VSL-0034,2025-03-28 11:00:00,2025-04-07 11:00:00,2025-04-07 15:00:00,2025-05-04 11:00:00,2025-05-04 17:00:00,9,Automotive Parts,1329.58,DELIVERED
SHP-01139,CUST-1092,INMUN,USLAX,VSL-0077,2025-05-16 09:00:00,2025-05-23 09:00:00,2025-05-26 01:00:00,2025-06-21 09:00:00,2025-06-26 08:00:00,13,Machinery,883.35,DELAYED
SHP-03752,CUST-1133,INMUN,HKHKG,VSL-0029,2024-07-04 17:00:00,2024-07-14 17:00:00,2024-07-14 15:00:00,2024-07-24 17:00:00,2024-07-24 23:00:00,35,Electronics,2573.1,DELIVERED
SHP-03627,CUST-1193,BRSSZ,UNKNW,VSL-0060,2025-04-11 07:00:00,2025-04-25 07:00:00,2025-04-27 10:00:00,2025-05-13 07:00:00,2025-05-17 21:00:00,20,Apparel,2136.2,DELAYED
SHP-02785,CUST-1034,AEDXB,THBKK,VSL-0074,2025-02-10 17:00:00,2025-02-19 17:00:00,2025-02-19 21:00:00,2025-03-22 17:00:00,2025-03-22 23:00:00,8,Electronics,914.03,DELIVERED
SHP-02190,CUST-1146,KRPUS,HKHKG,VSL-0026,2025-10-09 18:00:00,2025-10-17 18:00:00,2025-10-17 18:00:00,2025-10-21 18:00:00,2025-10-22 01:00:00,32,Pharmaceuticals,,DELIVERED
SHP-03669,CUST-1031,CNSHA,ZADUR,VSL-0066,2024-09-08 09:00:00,2024-09-22 09:00:00,2024-09-22 09:00:00,2024-10-27 09:00:00,2024-10-27 08:00:00,31,Machinery,363.41,DELIVERED
SHP-02695,CUST-1059,USNYC,BRSSZ,VSL-0071,2024-09-01 14:00:00,2024-09-14 14:00:00,2024-09-17 09:00:00,2024-09-21 14:00:00,2024-09-24 03:00:00,20,Raw Materials,608.02,DELAYED
SHP-00702,CUST-1051,CNSZX,KRPUS,VSL-0010,2025-09-03 12:00:00,2025-09-15 12:00:00,,2025-09-18 12:00:00,,28,Apparel,2464.43,CANCELLED
SHP-03826,CUST-1052,USNYC,USSAV,VSL-0023,2025-08-09 06:00:00,2025-08-19 06:00:00,2025-08-20 11:00:00,2025-08-29 06:00:00,2025-08-31 14:00:00,13,Raw Materials,807.02,DELAYED
SHP-02282,CUST-1227,NLRTM,INMUN,VSL-0067,2025-09-29 03:00:00,2025-10-12 03:00:00,2025-10-12 05:00:00,2025-10-26 03:00:00,2025-10-26 00:00:00,30,Apparel,2059.01,DELIVERED
SHP-03239,CUST-1141,MYPKG,BRSSZ,VSL-0079,2025-04-30 18:00:00,2025-05-13 18:00:00,2025-05-13 21:00:00,2025-06-07 18:00:00,2025-06-08 04:00:00,27,electronics,2413.67,DELIVERED
SHP-02506,CUST-1229,PKKAR,EGPSD,VSL-0011,2025-09-07 19:00:00,2025-09-18 19:00:00,2025-09-18 15:00:00,2025-10-11 19:00:00,2025-10-11 17:00:00,31,Chemicals,377.57,DELIVERED
SHP-01279,CUST-1088,USNYC,KRPUS,VSL-0025,2024-10-20 15:00:00,2024-10-31 15:00:00,2024-10-31 20:00:00,2024-11-28 15:00:00,2024-11-28 12:00:00,22,Apparel,,DELIVERED
SHP-00137,CUST-1162,CNSZX,AEDXB,VSL-0028,2025-09-07 12:00:00,2025-09-12 12:00:00,2025-09-12 14:00:00,2025-09-30 12:00:00,2025-10-02 21:00:00,19,Apparel,1915.26,DELAYED
SHP-04183,CUST-1139,INNSA,MYPKG,VSL-0070,2024-10-01 14:00:00,2024-10-14 14:00:00,2024-10-14 23:00:00,2024-10-24 14:00:00,2024-10-26 21:00:00,39,APPAREL,336.36,DELAYED
SHP-02063,CUST-1173,INMUN,KRPUS,VSL-0008,2024-10-19 03:00:00,2024-10-26 03:00:00,2024-10-27 11:00:00,2024-11-05 03:00:00,2024-11-09 11:00:00,33,Apparel,1123.71,DELAYED
SHP-00981,CUST-1225,SGSIN,USSAV,VSL-0058,2025-09-20 18:00:00,2025-10-02 18:00:00,2025-10-04 13:00:00,2025-10-28 18:00:00,2025-10-30 18:00:00,20,Machinery,1344.83,DELAYED
SHP-00156,CUST-1186,CNNGB,CNSZX,VSL-0009,2024-10-28 13:00:00,2024-11-07 13:00:00,2024-11-08 15:00:00,2024-11-17 13:00:00,2024-11-18 10:00:00,23,Automotive Parts,2109.58,DELIVERED
SHP-00303,CUST-1033,AEDXB,NLRTM,VSL-0042,2024-12-14 17:00:00,2024-12-28 17:00:00,2024-12-29 15:00:00,2025-01-31 17:00:00,2025-02-03 16:00:00,3,Food & Beverage,2342.58,DELAYED
SHP-01381,CUST-1045,DEHAM,USLGB,VSL-0026,2025-06-17 11:00:00,2025-06-26 11:00:00,2025-06-26 12:00:00,2025-07-28 11:00:00,2025-07-28 23:00:00,27,Raw Materials,1946.26,DELIVERED
SHP-02650,CUST-1154,SGSIN,KRPUS,VSL-0053,2024-08-21 22:00:00,2024-09-02 22:00:00,2024-09-02 18:00:00,2024-09-05 22:00:00,2024-09-05 22:00:00,25,Furniture,286.7,DELIVERED
SHP-01263,CUST-1176,MYPKG,JPYOK,VSL-0004,2025-09-16 04:00:00,2025-09-25 04:00:00,2025-09-25 00:00:00,2025-10-03 04:00:00,2025-10-03 02:00:00,2,Automotive parts,2429.01,DELIVERED
SHP-04828,CUST-1055,HKHKG,ESVLC,VSL-0066,2024-11-24 08:00:00,2024-12-06 08:00:00,2024-12-06 09:00:00,2025-01-07 08:00:00,2025-01-07 02:00:00,18,Food & Beverage,1849.17,DELIVERED
SHP-04001,CUST-1130,KRPUS,USNYC,VSL-0045,2024-10-16 05:00:00,2024-10-23 05:00:00,2024-10-25 11:00:00,2024-11-09 05:00:00,2024-11-11 10:00:00,20,Furniture,1747.36,DELAYED
SHP-03183,CUST-1154,DEHAM,ZADUR,VSL-0078,2025-05-06 02:00:00,2025-05-17 02:00:00,2025-05-17 18:00:00,2025-06-04 02:00:00,2025-06-07 18:00:00,22,Electronics,1542.33,DELAYED
SHP-03307,CUST-1115,NLRTM,PKKAR,VSL-0022,2025-05-26 08:00:00,2025-06-09 08:00:00,2025-06-11 04:00:00,2025-07-08 08:00:00,2025-07-10 10:00:00,25,Pharmaceuticals,2245.09,DELAYED
SHP-03190,CUST-1124,CNSZX,NLRTM,VSL-0067,2025-06-17 03:00:00,2025-06-22 03:00:00,2025-06-22 01:00:00,2025-07-27 03:00:00,2025-07-27 04:00:00,16,Furniture,255.75,DELIVERED
SHP-03768,CUST-1118,KRPUS,ZADUR,VSL-0006,2025-01-05 11:00:00,2025-01-18 11:00:00,2025-01-19 00:00:00,2025-02-15 11:00:00,2025-02-18 23:00:00,31,Raw Materials,1198.56,DELAYED
SHP-04738,CUST-1067,KRPUS,NLRTM,VSL-0014,2024-07-12 17:00:00,2024-07-16 17:00:00,2024-07-16 23:00:00,2024-07-31 17:00:00,2024-08-01 03:00:00,3,Electronics,2331.75,DELIVERED
SHP-04551,CUST-1174,EGPSD,USNYC,VSL-0044,2025-09-15 06:00:00,2025-09-18 06:00:00,2025-09-18 07:00:00,2025-10-23 06:00:00,2025-10-23 17:00:00,26,Food & Beverage,1788.71,DELIVERED
SHP-00467,CUST-1064,AEDXB,BEANR,VSL-0025,2025-08-31 05:00:00,2025-09-06 05:00:00,2025-09-06 10:00:00,2025-09-29 05:00:00,2025-09-29 14:00:00,1,Furniture,2645.72,DELIVERED
SHP-01754,CUST-1000,CNNGB,USNYC,VSL-0005,2024-11-10 16:00:00,2024-11-18 16:00:00,2024-11-18 21:00:00,2024-12-09 16:00:00,2024-12-09 20:00:00,1,Furniture,86.81,DELIVERED
SHP-02767,CUST-1049,USLAX,ESVLC,VSL-0047,2025-05-10 04:00:00,2025-05-15 04:00:00,2025-05-15 08:00:00,2025-06-08 04:00:00,2025-06-08 15:00:00,6,Automotive Parts,893.76,DELIVERED
SHP-00781,CUST-1120,INNSA,THBKK,VSL-0033,2024-11-24 15:00:00,2024-12-06 15:00:00,2024-12-06 12:00:00,2024-12-11 15:00:00,2024-12-12 02:00:00,27,Furniture,1297.97,DELIVERED
SHP-01927,CUST-1235,KRPUS,CNNGB,VSL-0036,2024-08-29 20:00:00,2024-09-06 20:00:00,2024-09-06 17:00:00,2024-09-11 20:00:00,2024-09-11 15:00:00,21,Pharmaceuticals,559.22,DELIVERED
SHP-00518,CUST-1124,MYPKG,THBKK,VSL-0043,2024-11-20 11:00:00,2024-11-26 11:00:00,2024-11-28 22:00:00,2024-12-02 11:00:00,2024-12-06 07:00:00,37,Machinery,2256.43,DELAYED
SHP-02598,CUST-1160,NLRTM,GBFXT,VSL-0022,2025-09-13 08:00:00,2025-09-26 08:00:00,2025-09-26 20:00:00,2025-10-05 08:00:00,2025-10-06 06:00:00,15,Pharmaceuticals,2210.64,DELIVERED
SHP-00058,CUST-1183,AEDXB,USLAX,VSL-0021,2024-06-19 23:00:00,2024-06-22 23:00:00,2024-06-23 01:00:00,2024-07-21 23:00:00,2024-07-22 01:00:00,6,Consumer Goods,2058.4,DELIVERED
SHP-04345,CUST-1133,ESVLC,PKKAR,VSL-0058,2024-08-17 06:00:00,2024-08-28 06:00:00,2024-08-28 06:00:00,2024-09-14 06:00:00,2024-09-13 22:00:00,32,Food & Beverage,1284.72,DELIVERED
SHP-00151,CUST-1240,USSAV,AEDXB,VSL-0059,2025-01-22 05:00:00,2025-02-02 05:00:00,2025-02-02 08:00:00,2025-03-03 05:00:00,2025-03-05 09:00:00,12,Furniture,716.35,DELAYED
SHP-04472,CUST-1113,BRSSZ,THBKK,VSL-0020,2025-04-01 18:00:00,2025-04-04 18:00:00,2025-04-07 02:00:00,2025-04-22 18:00:00,2025-04-25 10:00:00,23,Furniture,2448.32,DELAYED
SHP-03330,CUST-1214,NLRTM,EGPSD,VSL-0001,2024-08-03 23:00:00,2024-08-13 23:00:00,2024-08-16 19:00:00,2024-08-27 23:00:00,2024-09-01 18:00:00,28,Automotive Parts,444.42,DELAYED
SHP-01131,CUST-1155,JPYOK,ESVLC,VSL-0053,2024-06-26 04:00:00,2024-07-01 04:00:00,2024-07-01 02:00:00,2024-07-18 04:00:00,2024-07-18 03:00:00,10,Chemicals,606.74,DELIVERED
SHP-03565,CUST-1234,DEHAM,SGSIN,VSL-0061,2024-10-24 16:00:00,2024-11-01 16:00:00,2024-11-01 14:00:00,2024-11-20 16:00:00,2024-11-20 21:00:00,6,Consumer Goods,2468.03,DELIVERED
SHP-01108,CUST-1089,BEANR,XXTST,VSL-0051,2025-08-21 18:00:00,2025-08-29 18:00:00,2025-08-29 18:00:00,2025-09-28 18:00:00,2025-09-28 17:00:00,18,Raw Materials,2738.89,DELIVERED
SHP-01974,CUST-1097,INMUN,SGSIN,VSL-0052,2025-07-17 22:00:00,2025-07-20 22:00:00,2025-07-20 19:00:00,2025-07-27 22:00:00,2025-07-27 18:00:00,20,Food & Beverage,1841.95,DELIVERED
SHP-02042,CUST-1180,ZADUR,AEDXB,VSL-0048,2025-08-02 02:00:00,2025-08-06 02:00:00,2025-08-06 02:00:00,2025-08-13 02:00:00,2025-08-13 11:00:00,33,Automotive parts,2689.04,DELIVERED
SHP-02832,CUST-1022,THBKK,INNSA,VSL-0060,2024-07-10 13:00:00,2024-07-19 13:00:00,2024-07-19 13:00:00,2024-07-27 13:00:00,2024-07-27 17:00:00,30,Pharmaceuticals,,DELIVERED
SHP-03043,CUST-1058,AEDXB,CNSHA,VSL-0065,2024-07-03 05:00:00,2024-07-06 05:00:00,2024-07-06 02:00:00,2024-07-20 05:00:00,2024-07-19 21:00:00,19,Apparel,350.15,DELIVERED
SHP-02693,CUST-1185,BRSSZ,PKKAR,VSL-0035,2024-10-17 12:00:00,2024-10-30 12:00:00,,2024-11-22 12:00:00,,28,Electronics,999.17,Complete
SHP-04371,CUST-1165,USLGB,GBFXT,VSL-0014,2024-07-12 09:00:00,2024-07-23 09:00:00,2024-07-25 15:00:00,2024-08-09 09:00:00,2024-08-14 21:00:00,22,Raw Materials,2090.7,DELAYED
SHP-01361,CUST-1074,BRSSZ,USLGB,VSL-0009,2024-11-26 06:00:00,2024-12-09 06:00:00,,2024-12-12 06:00:00,,5,Automotive parts,612.42,delivered
SHP-01548,CUST-1061,DEHAM,HKHKG,VSL-0062,2025-09-08 00:00:00,2025-09-11 00:00:00,2025-09-10 22:00:00,2025-10-13 00:00:00,2025-10-12 20:00:00,24,Consumer Goods,104.05,DELIVERED
SHP-01756,CUST-1008,GBFXT,ESVLC,VSL-0046,2025-04-12 10:00:00,2025-04-25 10:00:00,2025-04-25 15:00:00,2025-05-04 10:00:00,2025-05-04 02:00:00,8,Automotive Parts,2628.79,DELIVERED
SHP-03177,CUST-1209,NLRTM,MYPKG,VSL-0036,2024-10-19 03:00:00,2024-10-25 03:00:00,2024-10-25 16:00:00,2024-11-24 03:00:00,2024-11-26 17:00:00,25,Machinery,2596.41,DELAYED
SHP-01589,CUST-1234,SGSIN,BEANR,VSL-0036,2024-08-26 03:00:00,2024-09-05 03:00:00,2024-09-04 23:00:00,2024-09-22 03:00:00,2024-09-22 08:00:00,36,Pharmaceuticals,970.29,DELIVERED
SHP-04936,CUST-1154,GBFXT,SGSIN,VSL-0011,2024-06-29 14:00:00,2024-07-05 14:00:00,2024-07-05 17:00:00,2024-08-07 14:00:00,2024-08-07 06:00:00,15,Machinery,1567.13,DELIVERED
SHP-04344,CUST-1241,GBFXT,INMUN,VSL-0057,2025-01-13 15:00:00,2025-01-26 15:00:00,2025-01-26 20:00:00,2025-02-21 15:00:00,2025-02-21 19:00:00,26,Chemicals,248.56,DELIVERED
SHP-03744,CUST-1056,USLGB,CNNGB,VSL-0008,2025-09-01 20:00:00,2025-09-07 20:00:00,2025-09-08 00:00:00,2025-10-07 20:00:00,2025-10-09 12:00:00,17,Automotive Parts,1616.88,DELAYED
SHP-04045,CUST-1065,USSAV,INNSA,VSL-0012,2025-01-14 19:00:00,2025-01-21 19:00:00,,2025-02-23 19:00:00,,2,Apparel,896.36,delivered
SHP-03584,CUST-1032,HKHKG,XXTST,VSL-0079,2025-01-12 05:00:00,2025-01-17 05:00:00,2025-01-19 17:00:00,2025-02-01 05:00:00,2025-02-05 05:00:00,19,Machinery,742.51,DELAYED
SHP-03362,CUST-1184,SGSIN,USLGB,VSL-0043,2025-06-26 15:00:00,2025-07-08 15:00:00,2025-07-08 19:00:00,2025-07-28 15:00:00,2025-07-28 13:00:00,26,Consumer Goods,2455.26,DELIVERED
SHP-03571,CUST-1177,USLGB,MYPKG,VSL-0017,2025-02-11 17:00:00,2025-02-19 17:00:00,2025-02-20 17:00:00,2025-03-15 17:00:00,2025-03-17 07:00:00,2,Automotive Parts,1067.37,DELAYED
SHP-03272,CUST-1057,AEDXB,INMUN,VSL-0045,2024-06-30 05:00:00,2024-07-07 05:00:00,2024-07-07 02:00:00,2024-08-05 05:00:00,2024-08-05 05:00:00,30,Automotive Parts,1356.39,DELIVERED
SHP-01658,CUST-1002,KRPUS,AEDXB,VSL-0067,2024-06-29 20:00:00,2024-07-13 20:00:00,,2024-07-30 20:00:00,,37,Pharmaceuticals,2611.24,
SHP-01481,CUST-1080,USLAX,KRPUS,VSL-0031,2025-06-16 02:00:00,2025-06-20 02:00:00,2025-06-19 23:00:00,2025-07-11 02:00:00,2025-07-10 18:00:00,31,Automotive Parts,1535.26,DELIVERED
SHP-02255,CUST-1161,THBKK,EGPSD,VSL-0034,2025-08-04 16:00:00,2025-08-15 16:00:00,2025-08-18 11:00:00,2025-09-09 16:00:00,2025-09-14 08:00:00,8,Consumer Goods,1015.08,DELAYED
SHP-02038,CUST-1154,NLRTM,THBKK,VSL-0023,2025-04-20 14:00:00,2025-04-24 14:00:00,,2025-05-28 14:00:00,,32,Consumer Goods,1477.74,CANCELLED
SHP-04450,CUST-1118,USLGB,EGPSD,VSL-0064,2024-06-03 16:00:00,2024-06-06 16:00:00,2024-06-09 07:00:00,2024-07-03 16:00:00,2024-07-08 09:00:00,3,Automotive Parts,2772.13,DELAYED
SHP-00095,CUST-1235,ZADUR,EGPSD,VSL-0070,2025-05-29 05:00:00,2025-06-05 05:00:00,2025-06-05 06:00:00,2025-06-11 05:00:00,2025-06-10 22:00:00,7,Furniture,1776.49,DELIVERED
SHP-01958,CUST-1167,SGSIN,PKKAR,VSL-0012,2024-07-31 18:00:00,2024-08-10 18:00:00,2024-08-10 21:00:00,2024-08-19 18:00:00,2024-08-19 10:00:00,36,Chemicals,221.94,DELIVERED
SHP-02529,CUST-1055,DEHAM,USLGB,VSL-0065,2025-03-06 14:00:00,2025-03-12 14:00:00,2025-03-13 00:00:00,2025-04-14 14:00:00,2025-04-15 15:00:00,30,Machinery,2053.06,DELAYED
SHP-00799,CUST-1026,BEANR,INNSA,VSL-0009,2025-06-16 00:00:00,2025-06-19 00:00:00,2025-06-19 00:00:00,2025-07-16 00:00:00,2025-07-16 10:00:00,13,Furniture,1315.9,DELIVERED
SHP-04565,CUST-1009,INMUN,NLRTM,VSL-0063,2025-06-25 16:00:00,2025-07-01 16:00:00,2025-07-01 15:00:00,2025-07-19 16:00:00,2025-07-19 11:00:00,1,Consumer Goods,-149.37,DELIVERED
SHP-01695,CUST-1030,CNNGB,ZADUR,VSL-0061,2024-06-26 09:00:00,2024-07-10 09:00:00,2024-06-24 18:00:00,2024-08-09 09:00:00,2024-08-09 09:00:00,24,Raw Materials,1982.91,DELIVERED
SHP-01086,CUST-1175,CNSHA,INMUN,VSL-0080,2025-02-16 00:00:00,2025-02-26 00:00:00,2025-02-26 09:00:00,2025-03-03 00:00:00,2025-03-03 05:00:00,7,Furniture,1930.86,DELIVERED
SHP-02570,CUST-1171,CNSHA,USLGB,VSL-0004,2025-04-07 17:00:00,2025-04-17 17:00:00,2025-04-17 19:00:00,2025-05-15 17:00:00,2025-05-15 22:00:00,2,Furniture,1861.77,DELIVERED
SHP-03677,CUST-1163,ESVLC,ZADUR,VSL-0073,2024-10-17 16:00:00,2024-10-22 16:00:00,2024-10-22 20:00:00,2024-11-15 16:00:00,2024-11-16 03:00:00,29,Apparel,748.25,DELIVERED
SHP-02482,CUST-1189,EGPSD,XXTST,VSL-0007,2025-07-13 05:00:00,2025-07-18 05:00:00,2025-07-20 04:00:00,2025-08-21 05:00:00,2025-08-26 07:00:00,0,Machinery,443.04,DELAYED
SHP-03665,CUST-1137,PKKAR,JPYOK,VSL-0075,2024-06-27 13:00:00,2024-07-09 13:00:00,2024-07-09 15:00:00,2024-07-19 13:00:00,2024-07-19 07:00:00,34,electronics,793.18,DELIVERED
SHP-00057,CUST-1209,NLRTM,USSAV,VSL-0065,2024-11-12 06:00:00,2024-11-19 06:00:00,2024-11-19 11:00:00,2024-12-14 06:00:00,2024-12-14 10:00:00,34,Machinery,2315.37,DELIVERED
SHP-04752,CUST-1249,KRPUS,ZADUR,VSL-0023,2025-03-23 02:00:00,2025-03-26 02:00:00,2025-03-26 01:00:00,2025-04-24 02:00:00,2025-04-24 01:00:00,4,Consumer Goods,189.18,DELIVERED
SHP-03508,CUST-1223,USLAX,USNYC,VSL-0020,2025-01-01 12:00:00,2025-01-12 12:00:00,2025-01-12 14:00:00,2025-01-15 12:00:00,2025-01-17 12:00:00,18,Food & Beverage,2191.61,DELAYED
SHP-00402,CUST-1031,NLRTM,DEHAM,VSL-0029,2025-03-27 04:00:00,2025-04-06 04:00:00,2025-04-06 06:00:00,2025-04-16 04:00:00,2025-04-19 14:00:00,13,Raw Materials,1250.26,DELAYED
SHP-00251,CUST-1109,EGPSD,JPYOK,VSL-0060,2024-08-25 12:00:00,2024-09-08 12:00:00,2024-09-10 15:00:00,2024-10-04 12:00:00,2024-10-08 23:00:00,23,Pharmaceuticals,322.04,DELAYED
SHP-04030,CUST-1019,DEHAM,SGSIN,VSL-0075,2025-03-06 04:00:00,2025-03-12 04:00:00,2025-03-12 00:00:00,2025-04-04 04:00:00,2025-04-04 07:00:00,36,Pharmaceuticals,1579.51,DELIVERED
SHP-03706,CUST-1024,CNNGB,MYPKG,VSL-0016,2025-09-09 01:00:00,2025-09-15 01:00:00,2025-09-15 02:00:00,2025-09-22 01:00:00,2025-09-22 04:00:00,38,Automotive Parts,1454.46,DELIVERED
SHP-04243,CUST-1031,JPYOK,PKKAR,VSL-0079,2024-08-16 03:00:00,2024-08-23 03:00:00,2024-08-23 07:00:00,2024-08-28 03:00:00,2024-08-28 03:00:00,32,Machinery,1594.64,DELIVERED
SHP-00721,CUST-1137,PKKAR,THBKK,VSL-0022,2024-08-18 17:00:00,2024-08-23 17:00:00,2024-08-24 12:00:00,2024-08-27 17:00:00,2024-08-30 12:00:00,26,Raw Materials,2561.59,DELAYED
SHP-03687,CUST-1157,ZADUR,USLGB,VSL-0080,2025-03-20 02:00:00,2025-04-03 02:00:00,2025-04-03 03:00:00,2025-05-01 02:00:00,2025-05-01 10:00:00,30,Apparel,1684.35,DELIVERED
SHP-01820,CUST-1081,SGSIN,CNSZX,VSL-0072,2025-01-09 04:00:00,2025-01-17 04:00:00,2025-01-17 09:00:00,2025-01-20 04:00:00,2025-01-20 08:00:00,17,Food & Beverage,1407.98,DELIVERED
SHP-01440,CUST-1041,KRPUS,CNNGB,VSL-0019,2025-06-07 17:00:00,2025-06-19 17:00:00,2025-06-19 17:00:00,2025-06-27 17:00:00,2025-06-27 17:00:00,28,Apparel,1935.34,DELIVERED
SHP-03732,CUST-1185,USLGB,AEDXB,VSL-0027,2025-01-19 14:00:00,2025-01-29 14:00:00,2025-01-29 11:00:00,2025-03-05 14:00:00,2025-03-05 09:00:00,37,Pharmaceuticals,1389.69,DELIVERED
SHP-03689,CUST-1215,SGSIN,AEDXB,VSL-0033,2025-07-14 03:00:00,2025-07-17 03:00:00,2025-07-17 03:00:00,2025-08-21 03:00:00,2025-08-21 07:00:00,8,Automotive Parts,1315.95,DELIVERED
SHP-02952,CUST-1103,CNSZX,DEHAM,VSL-0001,2025-07-12 19:00:00,2025-07-23 19:00:00,,2025-08-25 19:00:00,,22,Machinery,2479.65,CANCELLED
SHP-01944,CUST-1200,ESVLC,MYPKG,VSL-0047,2024-12-11 18:00:00,2024-12-22 18:00:00,2024-12-24 05:00:00,2025-01-10 18:00:00,2025-01-14 10:00:00,5,Food & Beverage,1559.57,DELAYED
SHP-00718,CUST-1022,KRPUS,GBFXT,VSL-0068,2024-07-16 02:00:00,2024-07-21 02:00:00,2024-07-22 18:00:00,2024-08-18 02:00:00,2024-08-23 09:00:00,33,Apparel,1371.87,DELAYED
SHP-00520,CUST-1228,SGSIN,MYPKG,VSL-0079,2024-07-29 21:00:00,2024-08-05 21:00:00,2024-08-05 21:00:00,2024-08-08 21:00:00,2024-08-08 23:00:00,13,Automotive Parts,1777.79,DELIVERED
SHP-04937,CUST-1130,USNYC,USSAV,VSL-0041,2025-03-18 13:00:00,2025-03-25 13:00:00,2025-03-27 05:00:00,2025-04-03 13:00:00,2025-04-05 18:00:00,5,Automotive Parts,2179.49,DELAYED
SHP-02644,CUST-1224,AEDXB,EGPSD,VSL-0053,2024-08-21 22:00:00,2024-08-26 22:00:00,2024-08-27 23:00:00,2024-08-29 22:00:00,2024-09-02 14:00:00,32,Electronics,53.1,DELAYED
SHP-00729,CUST-1103,HKHKG,ESVLC,VSL-0019,2025-08-17 19:00:00,2025-08-20 19:00:00,2025-08-20 16:00:00,2025-09-03 19:00:00,2025-09-04 05:00:00,13,machinery ,1236.54,DELIVERED
SHP-02147,CUST-1250,CNNGB,CNSHA,VSL-0033,2025-10-04 23:00:00,2025-10-10 23:00:00,2025-10-10 21:00:00,2025-10-15 23:00:00,2025-10-15 16:00:00,28,Automotive Parts,349.1,DELIVERED
SHP-04385,CUST-1151,USSAV,CNSHA,VSL-0052,2024-10-08 15:00:00,2024-10-18 15:00:00,2024-10-18 13:00:00,2024-11-19 15:00:00,2024-11-19 09:00:00,6,Consumer Goods,2082.24,DELIVERED
SHP-02976,CUST-1067,CNSHA,JPYOK,VSL-0041,2024-12-02 18:00:00,2024-12-08 18:00:00,2024-12-10 00:00:00,2024-12-18 18:00:00,2024-12-23 14:00:00,32,Consumer Goods,1713.52,DELAYED
SHP-01493,CUST-1190,CNNGB,USLAX,VSL-0052,2024-06-18 21:00:00,2024-06-28 21:00:00,2024-06-28 22:00:00,2024-08-01 21:00:00,2024-08-02 03:00:00,16,FURNITURE,1914.74,DELIVERED
SHP-04906,CUST-1113,KRPUS,GBFXT,VSL-0070,2025-02-07 01:00:00,2025-02-10 01:00:00,2025-02-10 18:00:00,2025-03-16 01:00:00,2025-03-18 16:00:00,13,Furniture,2265.02,DELAYED
SHP-01059,CUST-1099,USLAX,PKKAR,VSL-0011,2024-10-21 09:00:00,2024-10-27 09:00:00,2024-10-27 07:00:00,2024-11-13 09:00:00,2024-11-13 10:00:00,11,Apparel,1728.73,DELIVERED
SHP-01694,CUST-1021,JPYOK,CNSZX,VSL-0072,2025-01-04 23:00:00,2025-01-08 23:00:00,2025-01-10 20:00:00,2025-01-18 23:00:00,2025-01-23 09:00:00,6,Electronics,1831.12,DELAYED
SHP-03402,CUST-1037,BRSSZ,AEDXB,VSL-0023,2024-07-18 21:00:00,2024-07-31 21:00:00,2024-08-01 01:00:00,2024-08-21 21:00:00,2024-08-21 21:00:00,25,Chemicals,1937.67,DELIVERED
SHP-03862,CUST-1126,HKHKG,JPYOK,VSL-0030,2025-09-05 22:00:00,2025-09-09 22:00:00,2025-09-10 03:00:00,2025-09-18 22:00:00,2025-09-18 18:00:00,33,Automotive Parts,2723.25,DELIVERED
SHP-02689,CUST-1052,USNYC,USLGB,VSL-0007,2025-09-19 21:00:00,2025-09-26 21:00:00,2025-09-26 20:00:00,2025-09-29 21:00:00,2025-09-30 07:00:00,4,food & beverage,2786.39,DELIVERED
SHP-02274,CUST-1182,NLRTM,MYPKG,VSL-0069,2025-08-09 15:00:00,2025-08-22 15:00:00,2025-08-22 21:00:00,2025-09-24 15:00:00,2025-09-24 09:00:00,1,Chemicals,2088.94,DELIVERED
SHP-04798,CUST-1173,JPYOK,ZADUR,VSL-0009,2025-10-10 05:00:00,2025-10-20 05:00:00,2025-10-20 05:00:00,2025-11-21 05:00:00,2025-11-21 02:00:00,34,Chemicals,2095.26,DELIVERED
SHP-00008,CUST-1196,EGPSD,THBKK,VSL-0080,2024-09-27 13:00:00,2024-10-05 13:00:00,2024-10-05 09:00:00,2024-11-09 13:00:00,2024-11-09 21:00:00,27,Machinery,2616.0,DELIVERED
SHP-04410,CUST-1175,CNSHA,NLRTM,VSL-0053,2025-03-24 21:00:00,2025-03-31 21:00:00,2025-04-01 00:00:00,2025-04-18 21:00:00,2025-04-18 22:00:00,38,Furniture,224.51,DELIVERED
SHP-02787,CUST-1219,JPYOK,INNSA,VSL-0079,2024-07-08 14:00:00,2024-07-16 14:00:00,2024-07-18 03:00:00,2024-07-22 14:00:00,2024-07-24 07:00:00,9,Apparel,2654.85,DELAYED
SHP-04925,CUST-1208,BRSSZ,CNSZX,VSL-0069,2024-09-13 18:00:00,2024-09-23 18:00:00,2024-09-23 23:00:00,2024-10-16 18:00:00,2024-10-17 01:00:00,16,Machinery,2675.4,DELIVERED
SHP-01185,CUST-1057,THBKK,HKHKG,VSL-0062,2024-09-19 07:00:00,2024-09-26 07:00:00,2024-09-26 05:00:00,2024-10-04 07:00:00,2024-10-04 19:00:00,12,Raw Materials,2778.47,DELIVERED
SHP-04017,CUST-1057,INNSA,USLAX,VSL-0067,2024-07-02 01:00:00,2024-07-15 01:00:00,2024-07-14 21:00:00,2024-08-16 01:00:00,2024-08-15 17:00:00,4,Raw Materials,644.74,DELIVERED
SHP-00194,CUST-1096,PKKAR,CNSHA,VSL-0031,2024-08-20 09:00:00,2024-08-27 09:00:00,2024-08-27 07:00:00,2024-08-31 09:00:00,2024-08-31 16:00:00,22,Furniture,2406.91,DELIVERED
SHP-02021,CUST-1071,USLAX,ESVLC,VSL-0064,2024-12-27 04:00:00,2025-01-06 04:00:00,2025-01-08 00:00:00,2025-01-26 04:00:00,2025-01-31 19:00:00,13,Electronics,1645.59,DELAYED
SHP-02139,CUST-1194,CNNGB,ZADUR,VSL-0060,2024-06-15 10:00:00,2024-06-28 10:00:00,2024-06-28 10:00:00,2024-07-21 10:00:00,2024-07-21 19:00:00,36,Food & Beverage,-72.4,DELIVERED
SHP-02206,CUST-1209,INNSA,USLAX,VSL-0031,2024-10-28 22:00:00,2024-11-01 22:00:00,2024-11-01 22:00:00,2024-11-30 22:00:00,2024-11-30 17:00:00,3,Automotive Parts,893.74,DELIVERED
SHP-00029,CUST-1066,MYPKG,USNYC,VSL-0049,2024-10-28 11:00:00,2024-11-02 11:00:00,2024-11-02 15:00:00,2024-12-03 11:00:00,2024-12-03 12:00:00,35,Furniture,532.73,DELIVERED
SHP-00304,CUST-1154,USNYC,CNNGB,VSL-0058,2025-06-29 02:00:00,2025-07-11 02:00:00,2025-07-11 16:00:00,2025-08-07 02:00:00,2025-08-09 06:00:00,7,Chemicals,2397.04,DELAYED
SHP-02136,CUST-1019,DEHAM,JPYOK,VSL-0025,2025-04-23 10:00:00,2025-04-30 10:00:00,2025-04-30 10:00:00,2025-06-01 10:00:00,2025-06-01 04:00:00,30,Chemicals,1752.9,DELIVERED
SHP-03348,CUST-1169,USSAV,MYPKG,VSL-0030,2024-11-15 21:00:00,2024-11-21 21:00:00,2024-11-22 03:00:00,2024-12-12 21:00:00,2024-12-13 01:00:00,27,Pharmaceuticals,2530.07,DELIVERED
SHP-04087,CUST-1237,SGSIN,PKKAR,VSL-0028,2025-03-17 17:00:00,2025-03-30 17:00:00,2025-03-30 17:00:00,2025-04-06 17:00:00,2025-04-06 17:00:00,1,Pharmaceuticals,2752.03,DELIVERED
SHP-00406,CUST-1074,NLRTM,MYPKG,VSL-0029,2024-11-18 09:00:00,2024-12-02 09:00:00,2024-12-04 14:00:00,2024-12-20 09:00:00,2024-12-24 16:00:00,34,Furniture,1563.06,DELAYED
SHP-03762,CUST-1053,CNSZX,NLRTM,VSL-0006,2025-03-11 23:00:00,2025-03-18 23:00:00,2025-03-20 22:00:00,2025-04-09 23:00:00,2025-04-15 08:00:00,9,Furniture,2218.71,DELAYED
SHP-04512,CUST-1162,THBKK,INMUN,VSL-0045,2025-01-14 23:00:00,2025-01-27 23:00:00,2025-01-28 01:00:00,2025-02-04 23:00:00,2025-02-05 08:00:00,11,Pharmaceuticals,1957.55,DELIVERED
SHP-00208,CUST-1173,MYPKG,BEANR,VSL-0023,2025-09-10 17:00:00,2025-09-23 17:00:00,2025-09-25 19:00:00,2025-10-09 17:00:00,2025-10-14 20:00:00,2,Consumer Goods,306.27,DELAYED
SHP-02879,CUST-1244,ESVLC,SGSIN,VSL-0019,2024-08-16 01:00:00,2024-08-28 01:00:00,2024-08-28 04:00:00,2024-09-27 01:00:00,2024-09-26 20:00:00,26,Pharmaceuticals,2166.59,DELIVERED
SHP-00726,CUST-1178,BRSSZ,XXTST,VSL-0030,2025-04-19 01:00:00,2025-04-29 01:00:00,2025-04-29 14:00:00,2025-05-27 01:00:00,2025-05-31 00:00:00,18,Electronics,,DELAYED
SHP-00314,CUST-1098,USLAX,CNNGB,VSL-0066,2025-05-24 10:00:00,2025-06-05 10:00:00,2025-06-06 00:00:00,2025-06-19 10:00:00,2025-06-23 17:00:00,34,Chemicals,1478.1,DELAYED
SHP-02365,CUST-1174,PKKAR,BEANR,VSL-0054,2025-06-13 14:00:00,2025-06-18 14:00:00,2025-06-18 15:00:00,2025-07-23 14:00:00,2025-07-23 18:00:00,814,Electronics,2445.64,DELIVERED
SHP-00794,CUST-1059,DEHAM,ZADUR,VSL-0063,2024-10-13 21:00:00,2024-10-16 21:00:00,2024-10-16 20:00:00,2024-11-13 21:00:00,2024-11-13 17:00:00,8,Machinery,1711.08,DELIVERED
SHP-04646,CUST-1200,CNNGB,ESVLC,VSL-0045,2025-06-21 12:00:00,2025-07-02 12:00:00,2025-07-02 16:00:00,2025-07-26 12:00:00,2025-07-26 18:00:00,14,Machinery,1343.86,DELIVERED
SHP-02610,CUST-1088,INNSA,USSAV,VSL-0079,2024-11-20 21:00:00,2024-11-29 21:00:00,,2024-12-20 21:00:00,,22,Automotive Parts,2329.33,N/A
SHP-02904,CUST-1120,CNSZX,INMUN,VSL-0002,2025-06-13 23:00:00,2025-06-20 23:00:00,2025-06-21 00:00:00,2025-06-23 23:00:00,2025-06-23 23:00:00,17, Chemicals,1512.11,DELIVERED
SHP-04801,CUST-1085,USLAX,BEANR,VSL-0049,2025-10-14 19:00:00,2025-10-24 19:00:00,2025-10-25 00:00:00,2025-11-11 19:00:00,2025-11-12 01:00:00,6,Furniture,1646.64,DELIVERED
SHP-00033,CUST-1147,HKHKG,USSAV,VSL-0043,2025-01-21 09:00:00,2025-02-02 09:00:00,2025-02-02 17:00:00,2025-02-16 09:00:00,2025-02-19 19:00:00,10,Furniture,1420.22,DELAYED
SHP-02707,CUST-1007,THBKK,DEHAM,VSL-0058,2025-02-24 05:00:00,2025-03-08 05:00:00,2025-03-09 20:00:00,2025-03-27 05:00:00,2025-03-28 19:00:00,11,Automotive Parts,2289.71,DELAYED
SHP-01847,CUST-1123,INMUN,NLRTM,VSL-0032,2024-07-10 22:00:00,2024-07-18 22:00:00,,2024-08-19 22:00:00,,11,Automotive Parts,1515.11,CANCELLED
SHP-02651,CUST-1050,AEDXB,GBFXT,VSL-0039,2024-07-19 00:00:00,2024-08-02 00:00:00,2024-08-01 21:00:00,2024-08-17 00:00:00,2024-08-17 05:00:00,17,Furniture,1012.23,DELIVERED
SHP-00910,CUST-1238,BEANR,HKHKG,VSL-0080,2024-08-22 07:00:00,2024-09-02 07:00:00,2024-09-03 08:00:00,2024-09-20 07:00:00,2024-09-22 06:00:00,36,Chemicals,1244.94,DELAYED
SHP-00059,CUST-1097,EGPSD,USLAX,VSL-0026,2024-11-17 03:00:00,2024-11-27 03:00:00,2024-11-27 08:00:00,2024-12-27 03:00:00,2024-12-26 23:00:00,2,Furniture,2516.01,DELIVERED
SHP-00438,CUST-1126,ESVLC,GBFXT,VSL-0064,2024-12-26 23:00:00,2024-12-30 23:00:00,2024-12-31 00:00:00,2025-01-05 23:00:00,2025-01-06 06:00:00,39,Apparel,2422.53,DELIVERED
SHP-01417,CUST-1222,BEANR,ZADUR,VSL-0020,2025-05-25 10:00:00,2025-06-02 10:00:00,2025-06-02 11:00:00,2025-06-28 10:00:00,2025-06-28 03:00:00,9,Electronics,487.84,DELIVERED
SHP-04006,CUST-1178,THBKK,BRSSZ,VSL-0003,2024-09-25 17:00:00,2024-10-06 17:00:00,2024-10-06 18:00:00,2024-11-02 17:00:00,2024-11-02 18:00:00,21,Electronics,2458.28,DELIVERED
SHP-00534,CUST-1188,USSAV,CNSZX,VSL-0036,2025-05-02 03:00:00,2025-05-11 03:00:00,2025-05-11 00:00:00,2025-05-31 03:00:00,2025-05-31 04:00:00,14,Machinery,1959.96,DELIVERED
SHP-03391,CUST-1010,INNSA,THBKK,VSL-0061,2024-12-11 03:00:00,2024-12-16 03:00:00,2024-12-16 04:00:00,2024-12-24 03:00:00,2024-12-24 01:00:00,5,Electronics,677.38,DELIVERED
SHP-01030,CUST-1136,KRPUS,SGSIN,VSL-0045,2024-10-13 19:00:00,2024-10-19 19:00:00,2024-10-19 23:00:00,2024-10-23 19:00:00,2024-10-23 20:00:00,5,Pharmaceuticals,1764.69,DELIVERED
SHP-04039,CUST-1121,CNSHA,GBFXT,VSL-0025,2025-09-08 11:00:00,2025-09-20 11:00:00,2025-09-22 13:00:00,2025-10-06 11:00:00,2025-10-09 16:00:00,14,Automotive Parts,2682.26,DELAYED
SHP-02447,CUST-1038,BRSSZ,USLAX,VSL-0079,2025-06-20 00:00:00,2025-07-03 00:00:00,2025-07-03 03:00:00,2025-07-09 00:00:00,2025-07-09 04:00:00,30,Raw Materials,644.34,DELIVERED
SHP-03552,CUST-1226,THBKK,PKKAR,VSL-0076,2025-09-06 22:00:00,2025-09-09 22:00:00,2025-09-09 20:00:00,2025-09-13 22:00:00,2025-09-13 22:00:00,25,Consumer Goods,1637.54,DELIVERED
SHP-03555,CUST-1152,NLRTM,AEDXB,VSL-0036,2025-05-25 09:00:00,2025-06-07 09:00:00,,2025-06-26 09:00:00,,36,Chemicals,492.88,CANCELLED
SHP-04388,CUST-1231,NLRTM,INMUN,VSL-0024,2024-10-15 07:00:00,2024-10-27 07:00:00,2024-10-27 12:00:00,2024-11-19 07:00:00,2024-11-19 07:00:00,3,Raw Materials,1483.35,DELIVERED
SHP-04879,CUST-1234,DEHAM,BRSSZ,VSL-0020,2024-11-02 15:00:00,2024-11-07 15:00:00,2024-11-07 16:00:00,2024-11-24 15:00:00,2024-11-24 14:00:00,26,Chemicals,1658.69,DELIVERED
SHP-02503,CUST-1151,CNSHA,INNSA,VSL-0017,2025-05-30 01:00:00,2025-06-02 01:00:00,2025-06-04 20:00:00,2025-06-05 01:00:00,2025-06-08 12:00:00,7,Consumer Goods,-77.01,DELAYED
SHP-00599,CUST-1056,JPYOK,CNNGB,VSL-0078,2025-07-12 20:00:00,2025-07-17 20:00:00,2025-07-20 15:00:00,2025-07-27 20:00:00,2025-07-31 23:00:00,3,Machinery,837.53,DELAYED
SHP-00603,CUST-1114,ESVLC,DEHAM,VSL-0073,2025-03-04 15:00:00,2025-03-09 15:00:00,2025-03-09 21:00:00,2025-03-12 15:00:00,2025-03-12 23:00:00,38,Apparel,1213.92,DELIVERED
SHP-00394,CUST-1158,GBFXT,CNSZX,VSL-0035,2025-04-10 11:00:00,2025-04-15 11:00:00,2025-04-18 09:00:00,2025-05-03 11:00:00,2025-05-07 05:00:00,26,Pharmaceuticals,1603.56,DELAYED
SHP-04717,CUST-1095,PKKAR,GBFXT,VSL-0018,2025-05-16 14:00:00,2025-05-22 14:00:00,2025-05-22 19:00:00,2025-06-17 14:00:00,2025-06-17 14:00:00,14,Automotive Parts,912.96,DELIVERED
SHP-01370,CUST-1167,USLGB,DEHAM,VSL-0009,2025-02-03 09:00:00,2025-02-07 09:00:00,2025-02-07 15:00:00,2025-02-27 09:00:00,2025-03-02 22:00:00,2,Food & Beverage,1086.83,DELAYED
SHP-03856,CUST-1186,USSAV,EGPSD,VSL-0011,2025-09-22 15:00:00,2025-10-06 15:00:00,2025-10-06 11:00:00,2025-11-05 15:00:00,2025-11-05 07:00:00,13,Consumer Goods,2648.09,DELIVERED
SHP-03722,CUST-1139,EGPSD,JPYOK,VSL-0044,2025-04-30 17:00:00,2025-05-09 17:00:00,,2025-05-28 17:00:00,,21,Food & Beverage,2359.88,CANCELLED
SHP-01800,CUST-1144,HKHKG,CNNGB,VSL-0044,2024-09-24 12:00:00,2024-10-01 12:00:00,2024-10-01 10:00:00,2024-10-08 12:00:00,2024-10-08 11:00:00,32,Machinery,2749.72,DELIVERED
SHP-00608,CUST-1105,USNYC,MYPKG,VSL-0057,2024-10-15 12:00:00,2024-10-29 12:00:00,2024-10-29 09:00:00,2024-11-12 12:00:00,2024-11-13 00:00:00,24,Food & Beverage,995.35,DELIVERED
SHP-04314,CUST-1074,AEDXB,JPYOK,VSL-0011,2025-02-23 16:00:00,2025-02-27 16:00:00,2025-02-27 16:00:00,2025-03-16 16:00:00,2025-03-16 23:00:00,17,Automotive Parts,1660.95,DELIVERED
SHP-04861,CUST-1206,KRPUS,CNSHA,VSL-0031,2024-12-31 08:00:00,2025-01-09 08:00:00,2025-01-09 14:00:00,2025-01-19 08:00:00,2025-01-19 20:00:00,28,Electronics,1145.25,DELIVERED
SHP-02219,CUST-1210,BRSSZ,USLGB,VSL-0020,2024-07-25 02:00:00,2024-08-07 02:00:00,2024-08-07 05:00:00,2024-08-15 02:00:00,2024-08-15 21:00:00,2,Chemicals,1187.84,DELIVERED
SHP-01066,CUST-1215,ZADUR,SGSIN,VSL-0037,2025-02-06 09:00:00,2025-02-17 09:00:00,2025-02-17 09:00:00,2025-03-08 09:00:00,2025-03-08 01:00:00,15,food & beverage,2113.94,DELIVERED
SHP-00284,CUST-1168,PKKAR,CNSHA,VSL-0016,2025-01-16 14:00:00,2025-01-26 14:00:00,2025-01-26 15:00:00,2025-02-02 14:00:00,2025-02-02 11:00:00,3,Machinery,2455.52,DELIVERED
SHP-04048,CUST-1165,CNNGB,THBKK,VSL-0044,2025-02-22 01:00:00,2025-03-02 01:00:00,2025-03-03 22:00:00,2025-03-05 01:00:00,2025-03-07 12:00:00,6,Automotive Parts,68.28,DELAYED
SHP-01628,CUST-1250,CNSZX,ESVLC,VSL-0034,2025-07-17 05:00:00,2025-07-28 05:00:00,2025-07-28 01:00:00,2025-08-20 05:00:00,2025-08-20 03:00:00,26,Machinery,1759.22,DELIVERED
SHP-01845,CUST-1229,MYPKG,EGPSD,VSL-0057,2025-06-22 11:00:00,2025-06-27 11:00:00,2025-06-27 17:00:00,2025-07-31 11:00:00,2025-07-31 03:00:00,24,Consumer Goods,2499.14,DELIVERED
SHP-00201,CUST-1062,ESVLC,EGPSD,VSL-0028,2024-10-30 07:00:00,2024-11-09 07:00:00,2024-11-11 22:00:00,2024-12-13 07:00:00,2024-12-16 05:00:00,8,Food & Beverage,933.31,DELAYED
SHP-02350,CUST-1183,GBFXT,INNSA,VSL-0042,2025-02-08 15:00:00,2025-02-22 15:00:00,2025-02-22 21:00:00,2025-03-09 15:00:00,2025-03-09 19:00:00,24,Electronics,236.96,DELIVERED
SHP-04674,CUST-1144,USSAV,CNSHA,VSL-0046,2025-10-02 23:00:00,2025-10-16 23:00:00,2025-10-18 14:00:00,2025-11-06 23:00:00,2025-11-09 12:00:00,9,Consumer Goods,331.85,DELAYED
SHP-03554,CUST-1032,USLAX,CNSZX,VSL-0031,2025-03-12 07:00:00,2025-03-24 07:00:00,2025-03-25 20:00:00,2025-04-12 07:00:00,2025-04-13 15:00:00,6,Electronics,289.9,DELAYED
SHP-01316,CUST-1107,ZADUR,INNSA,VSL-0054,2024-08-29 04:00:00,2024-09-07 04:00:00,2024-09-07 03:00:00,2024-09-26 04:00:00,2024-09-26 07:00:00,26,Furniture,736.36,DELIVERED
SHP-04274,CUST-1056,MYPKG,BRSSZ,VSL-0059,2025-05-01 06:00:00,2025-05-11 06:00:00,2025-05-14 03:00:00,2025-06-01 06:00:00,2025-06-05 08:00:00,37,Chemicals,862.47,DELAYED
SHP-04311,CUST-1133,CNNGB,ESVLC,VSL-0041,2024-09-22 11:00:00,2024-10-03 11:00:00,2024-10-04 06:00:00,2024-10-27 11:00:00,2024-10-29 17:00:00,16,Raw Materials,2730.72,DELAYED
SHP-04490,CUST-1069,NLRTM,GBFXT,VSL-0005,2025-09-14 10:00:00,2025-09-19 10:00:00,2025-09-21 14:00:00,2025-09-26 10:00:00,2025-09-29 14:00:00,33,Raw Materials,268.3,DELAYED
SHP-02502,CUST-1003,USSAV,USLGB,VSL-0033,2024-12-23 14:00:00,2024-12-28 14:00:00,2024-12-28 13:00:00,2025-01-04 14:00:00,2025-01-05 00:00:00,24,Automotive Parts,535.45,DELIVERED
SHP-00646,CUST-1218,USLGB,HKHKG,VSL-0054,2024-09-06 02:00:00,2024-09-18 02:00:00,2024-09-21 00:00:00,2024-10-20 02:00:00,2024-10-26 22:00:00,12,Automotive Parts,626.73,DELAYED
SHP-02297,CUST-1179,HKHKG,SGSIN,VSL-0011,2024-09-14 01:00:00,2024-09-21 01:00:00,2024-09-21 11:00:00,2024-09-26 01:00:00,2024-09-29 03:00:00,19,Raw Materials,1507.75,DELAYED
SHP-01637,CUST-1211,SGSIN,USLAX,VSL-0041,2024-06-02 04:00:00,2024-06-16 04:00:00,2024-06-17 22:00:00,2024-07-15 04:00:00,2024-07-20 05:00:00,38,Chemicals,353.41,DELAYED
SHP-02661,CUST-1112,KRPUS,USNYC,VSL-0026,2024-10-23 05:00:00,2024-10-27 05:00:00,2024-10-27 05:00:00,2024-11-22 05:00:00,2024-11-22 12:00:00,2,Food & Beverage,1071.82,DELIVERED
SHP-04426,CUST-1070,CNSHA,USSAV,VSL-0058,2025-05-18 23:00:00,2025-05-21 23:00:00,2025-05-22 07:00:00,2025-06-09 23:00:00,2025-06-11 08:00:00,33,Machinery,1285.44,DELAYED
SHP-01103,CUST-1189,INMUN,MYPKG,VSL-0049,2024-06-30 21:00:00,2024-07-07 21:00:00,2024-07-07 20:00:00,2024-07-13 21:00:00,2024-07-13 21:00:00,5,Food & Beverage,861.63,DELIVERED
SHP-00245,CUST-1051,AEDXB,NLRTM,VSL-0031,2024-12-14 11:00:00,2024-12-24 11:00:00,2024-12-24 10:00:00,2025-01-23 11:00:00,2025-01-23 05:00:00,20,Chemicals,67.57,DELIVERED
SHP-00593,CUST-1092,BEANR,THBKK,VSL-0079,2024-07-13 16:00:00,2024-07-23 16:00:00,2024-07-23 18:00:00,2024-08-18 16:00:00,2024-08-18 14:00:00,0,Food & Beverage,1424.25,DELIVERED
SHP-02998,CUST-1226,PKKAR,NLRTM,VSL-0066,2025-07-17 12:00:00,2025-07-20 12:00:00,2025-07-20 19:00:00,2025-08-22 12:00:00,2025-08-25 04:00:00,14,Automotive Parts,2192.1,DELAYED
SHP-02986,CUST-1173,USLGB,ESVLC,VSL-0048,2024-10-12 08:00:00,2024-10-17 08:00:00,2024-10-17 10:00:00,2024-11-15 08:00:00,2024-11-19 05:00:00,3,Raw Materials,709.64,DELAYED
SHP-02672,CUST-1211,INNSA,KRPUS,VSL-0018,2024-09-06 06:00:00,2024-09-09 06:00:00,2024-09-10 11:00:00,2024-09-14 06:00:00,2024-09-19 07:00:00,33,Furniture,1455.11,DELAYED
SHP-00591,CUST-1147,HKHKG,DEHAM,VSL-0071,2025-06-14 08:00:00,2025-06-20 08:00:00,2025-06-20 04:00:00,2025-07-13 08:00:00,2025-07-13 12:00:00,2,Furniture,566.34,DELIVERED
SHP-01163,CUST-1014,GBFXT,EGPSD,VSL-0009,2025-01-26 02:00:00,2025-02-09 02:00:00,2025-02-10 16:00:00,2025-03-14 02:00:00,2025-03-17 15:00:00,1,Apparel,856.75,DELAYED
SHP-01224,CUST-1016,CNNGB,MYPKG,VSL-0011,2025-10-13 01:00:00,2025-10-27 01:00:00,2025-10-27 06:00:00,2025-11-05 01:00:00,2025-11-05 06:00:00,25,Apparel,2768.68,DELIVERED
SHP-00661,CUST-1228,GBFXT,DEHAM,VSL-0066,2024-08-24 23:00:00,2024-09-05 23:00:00,2024-09-06 03:00:00,2024-09-15 23:00:00,2024-09-16 11:00:00,12,Apparel,275.78,DELIVERED
SHP-00969,CUST-1162,BRSSZ,INNSA,VSL-0018,2024-07-28 12:00:00,2024-08-11 12:00:00,2024-08-13 20:00:00,2024-09-09 12:00:00,2024-09-14 14:00:00,30,Raw Materials,2473.21,DELAYED
SHP-03834,CUST-1022,ESVLC,USLGB,VSL-0028,2025-06-26 23:00:00,2025-07-08 23:00:00,2025-07-09 03:00:00,2025-08-05 23:00:00,2025-08-06 09:00:00,18,Food & Beverage,1486.72,DELIVERED
SHP-01510,CUST-1173,BEANR,USNYC,VSL-0028,2024-06-23 02:00:00,2024-07-02 02:00:00,2024-07-02 06:00:00,2024-07-29 02:00:00,2024-07-29 10:00:00,10,Raw Materials,1986.19,DELIVERED
SHP-00420,CUST-1010,HKHKG,PKKAR,VSL-0033,2024-06-09 20:00:00,2024-06-16 20:00:00,2024-06-17 15:00:00,2024-06-26 20:00:00,2024-06-28 09:00:00,36,Automotive Parts,151.61,DELAYED
SHP-01079,CUST-1175,GBFXT,ZADUR,VSL-0029,2025-10-07 09:00:00,2025-10-10 09:00:00,2025-10-10 08:00:00,2025-10-30 09:00:00,2025-10-30 08:00:00,36,Chemicals,269.97,DELIVERED
SHP-04560,CUST-1210,EGPSD,CNNGB,VSL-0005,2025-09-11 08:00:00,2025-09-22 08:00:00,2025-09-22 09:00:00,2025-10-12 08:00:00,2025-10-12 09:00:00,17,Machinery,1019.95,DELIVERED
SHP-02778,CUST-1224,USSAV,THBKK,VSL-0050,2025-09-15 11:00:00,2025-09-27 11:00:00,2025-09-27 15:00:00,2025-10-19 11:00:00,2025-10-19 18:00:00,22,Consumer Goods,2472.25,DELIVERED
SHP-00681,CUST-1050,CNSHA,GBFXT,VSL-0060,2024-12-24 19:00:00,2025-01-05 19:00:00,2025-01-07 09:00:00,2025-02-09 19:00:00,2025-02-13 05:00:00,3,Automotive Parts,511.09,DELAYED
SHP-00224,CUST-1099,MYPKG,ZADUR,VSL-0036,2025-02-16 12:00:00,2025-02-21 12:00:00,2025-02-21 10:00:00,2025-03-14 12:00:00,2025-03-14 22:00:00,24,food & beverage,1677.38,DELIVERED
SHP-02398,CUST-1238,BRSSZ,ZADUR,VSL-0025,2025-01-30 14:00:00,2025-02-06 14:00:00,,2025-02-20 14:00:00,,8,Raw Materials,1351.07,N/A
SHP-01092,CUST-1217,ESVLC,MYPKG,VSL-0016,2024-10-28 19:00:00,2024-10-31 19:00:00,2024-11-03 15:00:00,2024-11-18 19:00:00,2024-11-25 10:00:00,4,Furniture,2651.35,DELAYED
SHP-00632,CUST-1227,SGSIN,THBKK,VSL-0005,2025-03-29 09:00:00,2025-04-04 09:00:00,2025-04-04 08:00:00,2025-04-11 09:00:00,2025-04-11 11:00:00,31,Machinery,1636.5,DELIVERED
SHP-02772,CUST-1145,EGPSD,SGSIN,VSL-0018,2025-02-05 11:00:00,2025-02-08 11:00:00,2025-02-08 10:00:00,2025-03-03 11:00:00,2025-03-03 05:00:00,24,Automotive Parts,145.02,DELIVERED
SHP-04725,CUST-1199,ZADUR,NLRTM,VSL-0026,2025-05-12 03:00:00,2025-05-18 03:00:00,2025-05-18 05:00:00,2025-06-18 03:00:00,2025-06-19 21:00:00,5,Furniture,2677.22,DELAYED
SHP-02040,CUST-1233,HKHKG,BEANR,VSL-0024,2024-12-03 05:00:00,2024-12-07 05:00:00,2024-12-07 02:00:00,2024-12-21 05:00:00,2024-12-20 21:00:00,4,Furniture,278.78,DELIVERED
SHP-01582,CUST-1167,ESVLC,PKKAR,VSL-0050,2025-05-03 04:00:00,2025-05-06 04:00:00,2025-05-07 22:00:00,2025-06-07 04:00:00,2025-06-08 23:00:00,1,Chemicals,2393.59,DELAYED
SHP-00509,CUST-1014,CNNGB,USLAX,VSL-0051,2025-09-15 19:00:00,2025-09-19 19:00:00,2025-09-20 00:00:00,2025-10-14 19:00:00,2025-10-14 18:00:00,32,Consumer Goods,1133.42,DELIVERED
SHP-02292,CUST-1218,AEDXB,NLRTM,VSL-0077,2024-09-11 06:00:00,2024-09-17 06:00:00,2024-09-17 05:00:00,2024-10-12 06:00:00,2024-10-12 13:00:00,17,Apparel,164.03,DELIVERED
SHP-00184,CUST-1138,USNYC,MYPKG,VSL-0073,2024-09-17 11:00:00,2024-09-30 11:00:00,2024-09-30 07:00:00,2024-11-04 11:00:00,2024-11-04 11:00:00,23,Electronics,345.69,DELIVERED
SHP-01251,CUST-1149,NLRTM,USNYC,VSL-0020,2025-08-07 13:00:00,2025-08-20 13:00:00,2025-08-20 18:00:00,2025-09-24 13:00:00,2025-09-24 13:00:00,5,Machinery,1229.16,DELIVERED
SHP-01418,CUST-1158,DEHAM,USLAX,VSL-0036,2025-07-22 00:00:00,2025-08-04 00:00:00,2025-08-05 01:00:00,2025-08-24 00:00:00,2025-08-26 04:00:00,33,Chemicals,-126.29,DELAYED
SHP-01748,CUST-1094,ESVLC,AEDXB,VSL-0062,2025-08-03 15:00:00,2025-08-10 15:00:00,2025-08-11 11:00:00,2025-09-11 15:00:00,2025-09-14 21:00:00,16,Food & Beverage,799.14,DELAYED
SHP-04076,CUST-1144,SGSIN,USSAV,VSL-0030,2025-05-15 10:00:00,2025-05-29 10:00:00,2025-05-30 01:00:00,2025-06-29 10:00:00,2025-06-30 01:00:00,27,electronics,133.79,DELIVERED
SHP-01191,CUST-1050,BEANR,ESVLC,VSL-0022,2025-08-17 06:00:00,2025-08-25 06:00:00,2025-08-25 08:00:00,2025-09-01 06:00:00,2025-09-04 22:00:00,6,Pharmaceuticals,1066.34,DELAYED
SHP-01607,CUST-1102,BRSSZ,DEHAM,VSL-0061,2024-11-03 20:00:00,2024-11-09 20:00:00,2024-11-10 02:00:00,2024-11-26 20:00:00,2024-11-30 08:00:00,8,Furniture,2021.13,DELAYED
SHP-02357,CUST-1206,ESVLC,PKKAR,VSL-0074,2025-02-12 00:00:00,2025-02-15 00:00:00,,2025-03-18 00:00:00,,8,Machinery,282.16,CANCELLED
SHP-02897,CUST-1038,INMUN,EGPSD,VSL-0006,2025-09-03 17:00:00,2025-09-17 17:00:00,2025-09-17 21:00:00,2025-10-03 17:00:00,2025-10-04 01:00:00,37,Raw Materials,120.53,DELIVERED
SHP-01465,CUST-1158,BEANR,USLAX,VSL-0035,2025-01-05 22:00:00,2025-01-09 22:00:00,2025-01-10 02:00:00,2025-01-24 22:00:00,2025-01-24 14:00:00,10,Machinery,2521.53,DELIVERED
SHP-01850,CUST-1121,NLRTM,USLAX,VSL-0031,2025-07-05 11:00:00,2025-07-14 11:00:00,2025-07-14 11:00:00,2025-07-31 11:00:00,2025-07-31 23:00:00,6,Machinery,2663.28,DELIVERED
SHP-02748,CUST-1199,CNNGB,CNSZX,VSL-0063,2024-11-01 11:00:00,2024-11-13 11:00:00,,2024-11-16 11:00:00,,22,Machinery,1111.13,CANCELLED
SHP-02512,CUST-1120,USLGB,INMUN,VSL-0015,2025-03-17 07:00:00,2025-03-31 07:00:00,2025-04-01 19:00:00,2025-04-25 07:00:00,2025-04-30 16:00:00,18,electronics,2420.95,DELAYED
SHP-01230,CUST-1142,MYPKG,CNNGB,VSL-0061,2024-09-21 04:00:00,2024-09-29 04:00:00,2024-09-30 16:00:00,2024-10-07 04:00:00,2024-10-10 18:00:00,23,Furniture,168.85,DELAYED
SHP-04254,CUST-1220,CNNGB,GBFXT,VSL-0053,2024-11-14 19:00:00,2024-11-19 19:00:00,2024-11-19 23:00:00,2024-12-12 19:00:00,2024-12-12 18:00:00,37,Raw Materials,929.65,DELIVERED
SHP-02626,CUST-1001,USSAV,MYPKG,VSL-0080,2024-11-01 00:00:00,2024-11-15 00:00:00,2024-11-15 21:00:00,2024-12-17 00:00:00,2024-12-19 14:00:00,6,Automotive Parts,2526.73,DELAYED
SHP-02184,CUST-1057,CNSHA,USLGB,VSL-0033,2025-06-16 19:00:00,2025-06-25 19:00:00,2025-06-26 03:00:00,2025-07-25 19:00:00,2025-07-26 00:00:00,35,Furniture,906.03,DELIVERED
SHP-04044,CUST-1108,NLRTM,EGPSD,VSL-0019,2024-11-28 18:00:00,2024-12-11 18:00:00,2024-12-11 23:00:00,2024-12-26 18:00:00,2024-12-27 06:00:00,12,Electronics,1646.06,DELIVERED
SHP-04983,CUST-1062,SGSIN,MYPKG,VSL-0068,2025-07-15 15:00:00,2025-07-29 15:00:00,2025-07-29 16:00:00,2025-08-08 15:00:00,2025-08-08 14:00:00,25,Furniture,1178.62,DELIVERED
SHP-03922,CUST-1131,GBFXT,BEANR,VSL-0010,2024-09-09 05:00:00,2024-09-19 05:00:00,2024-09-19 04:00:00,2024-09-24 05:00:00,2024-09-24 12:00:00,855,Food & Beverage,437.35,DELIVERED
SHP-01397,CUST-1242,JPYOK,SGSIN,VSL-0040,2024-11-17 02:00:00,2024-11-22 02:00:00,2024-11-23 17:00:00,2024-12-02 02:00:00,2024-12-05 14:00:00,11,Machinery,392.9,DELAYED
SHP-02736,CUST-1139,USLAX,BEANR,VSL-0034,2025-10-10 16:00:00,2025-10-21 16:00:00,2025-10-23 22:00:00,2025-11-05 16:00:00,2025-11-10 19:00:00,32,Pharmaceuticals,-18.54,DELAYED
SHP-02129,CUST-1099,NLRTM,THBKK,VSL-0040,2024-07-20 13:00:00,2024-08-02 13:00:00,2024-08-02 18:00:00,2024-08-25 13:00:00,2024-08-25 10:00:00,7,Machinery,1422.18,DELIVERED
SHP-00351,CUST-1021,CNSZX,BRSSZ,VSL-0068,2024-07-26 11:00:00,2024-07-29 11:00:00,2024-07-29 14:00:00,2024-08-28 11:00:00,2024-08-28 14:00:00,14,Pharmaceuticals,756.4,DELIVERED
SHP-04684,CUST-1058,BEANR,USSAV,VSL-0076,2025-03-08 14:00:00,2025-03-15 14:00:00,2025-03-15 17:00:00,2025-04-08 14:00:00,2025-04-08 14:00:00,33,Raw Materials,2143.31,DELIVERED
SHP-03811,CUST-1204,DEHAM,BEANR,VSL-0055,2025-04-05 18:00:00,2025-04-10 18:00:00,2025-04-10 14:00:00,2025-04-14 18:00:00,2025-04-14 12:00:00,2,machinery ,228.87,DELIVERED
SHP-03481,CUST-1248,ESVLC,BRSSZ,VSL-0059,2024-06-09 19:00:00,2024-06-15 19:00:00,,2024-07-18 19:00:00,,36,Chemicals,856.03,CANCELLED
SHP-03365,CUST-1178,USLGB,HKHKG,VSL-0080,2024-07-10 11:00:00,2024-07-16 11:00:00,2024-07-18 03:00:00,2024-08-14 11:00:00,2024-08-17 00:00:00,1,Apparel,1593.04,DELAYED
SHP-01547,CUST-1203,MYPKG,USSAV,VSL-0048,2025-08-28 08:00:00,2025-09-07 08:00:00,,2025-10-07 08:00:00,,8,Food & Beverage,999.09,CANCELLED
SHP-00802,CUST-1085,KRPUS,AEDXB,VSL-0047,2025-08-19 03:00:00,2025-08-28 03:00:00,2025-08-29 19:00:00,2025-10-02 03:00:00,2025-10-03 22:00:00,25,Pharmaceuticals,595.99,DELAYED
SHP-03288,CUST-1212,AEDXB,PKKAR,VSL-0043,2025-03-21 13:00:00,2025-03-24 13:00:00,,2025-04-27 13:00:00,,9,Pharmaceuticals,727.97,N/A
SHP-00219,CUST-1067,BRSSZ,CNSHA,VSL-0066,2024-11-24 20:00:00,2024-11-29 20:00:00,,2024-12-17 20:00:00,,32,Pharmaceuticals,802.68,Complete
SHP-00783,CUST-1225,BEANR,JPYOK,VSL-0010,2025-01-29 15:00:00,2025-02-06 15:00:00,2025-02-06 16:00:00,2025-03-11 15:00:00,2025-03-11 07:00:00,31,Pharmaceuticals,913.22,DELIVERED
SHP-00034,CUST-1040,DEHAM,USSAV,VSL-0003,2025-08-05 06:00:00,2025-08-18 06:00:00,2025-08-18 09:00:00,2025-09-14 06:00:00,2025-09-14 00:00:00,17,Food & Beverage,50.31,DELIVERED
SHP-02855,CUST-1163,USSAV,GBFXT,VSL-0041,2024-10-13 12:00:00,2024-10-23 12:00:00,2024-10-25 08:00:00,2024-11-25 12:00:00,2024-11-27 05:00:00,27,Machinery,216.75,DELAYED
SHP-03847,CUST-1021,NLRTM,SGSIN,VSL-0066,2025-05-09 00:00:00,2025-05-12 00:00:00,2025-05-13 21:00:00,2025-05-30 00:00:00,2025-06-03 04:00:00,13,Raw Materials,941.21,DELAYED
SHP-00459,CUST-1136,USLAX,USNYC,VSL-0042,2025-03-04 14:00:00,2025-03-10 14:00:00,2025-03-10 16:00:00,2025-03-15 14:00:00,2025-03-16 02:00:00,26,Pharmaceuticals,1021.86,DELIVERED
SHP-04770,CUST-1204,CNSHA,CNSZX,VSL-0011,2025-02-22 02:00:00,2025-02-28 02:00:00,2025-02-28 00:00:00,2025-03-05 02:00:00,2025-03-04 21:00:00,24,Food & Beverage,1299.24,DELIVERED
SHP-03595,CUST-1142,HKHKG,CNSZX,VSL-0060,2025-01-17 16:00:00,2025-01-22 16:00:00,2025-01-22 22:00:00,2025-01-28 16:00:00,2025-01-28 15:00:00,29,Automotive Parts,2459.13,DELIVERED
SHP-03410,CUST-1055,USLGB,NLRTM,VSL-0024,2024-12-11 15:00:00,2024-12-23 15:00:00,2024-12-26 08:00:00,2025-01-17 15:00:00,2025-01-24 00:00:00,12,Raw Materials,1014.71,DELAYED
SHP-04814,CUST-1159,ZADUR,DEHAM,VSL-0005,2025-02-17 22:00:00,2025-02-27 22:00:00,2025-02-27 23:00:00,2025-03-20 22:00:00,2025-03-21 07:00:00,25,Pharmaceuticals,1618.33,DELIVERED
SHP-02544,CUST-1119,ESVLC,INMUN,VSL-0026,2025-09-06 11:00:00,2025-09-10 11:00:00,2025-09-11 14:00:00,2025-10-12 11:00:00,2025-10-16 08:00:00,12,Machinery,2299.9,DELAYED
SHP-00205,CUST-1230,DEHAM,NLRTM,VSL-0069,2024-11-11 12:00:00,2024-11-24 12:00:00,2024-11-26 21:00:00,2024-11-28 12:00:00,2024-12-03 05:00:00,33,Furniture,1508.86,DELAYED
SHP-02802,CUST-1142,KRPUS,PKKAR,VSL-0038,2025-04-08 10:00:00,2025-04-13 10:00:00,2025-04-13 10:00:00,2025-04-18 10:00:00,2025-04-18 06:00:00,2,Consumer Goods,783.53,DELIVERED
SHP-04774,CUST-1156,THBKK,BEANR,VSL-0047,2024-12-23 08:00:00,2025-01-02 08:00:00,2025-01-02 08:00:00,2025-01-30 08:00:00,2025-01-30 00:00:00,6,Automotive Parts,2196.33,DELIVERED
SHP-00689,CUST-1076,USLGB,GBFXT,VSL-0022,2024-06-13 11:00:00,2024-06-21 11:00:00,2024-06-21 12:00:00,2024-07-16 11:00:00,2024-07-16 22:00:00,30,Machinery,1897.91,DELIVERED
SHP-04040,CUST-1067,PKKAR,CNSZX,VSL-0080,2025-02-25 11:00:00,2025-03-11 11:00:00,2025-03-11 10:00:00,2025-03-19 11:00:00,2025-03-19 21:00:00,7,Furniture,454.18,DELIVERED
SHP-04537,CUST-1076,CNSHA,CNNGB,VSL-0075,2025-03-09 04:00:00,2025-03-14 04:00:00,2025-03-14 04:00:00,2025-03-20 04:00:00,2025-03-20 02:00:00,13,Electronics,855.97,DELIVERED
SHP-04217,CUST-1004,USSAV,ZADUR,VSL-0056,2024-11-26 20:00:00,2024-12-08 20:00:00,2024-12-08 19:00:00,2024-12-30 20:00:00,2024-12-31 03:00:00,2,Machinery,1351.65,DELIVERED
SHP-02551,CUST-1179,KRPUS,GBFXT,VSL-0068,2024-08-02 05:00:00,2024-08-14 05:00:00,2024-08-14 04:00:00,2024-09-01 05:00:00,2024-08-31 22:00:00,22,Pharmaceuticals,531.98,DELIVERED
SHP-04649,CUST-1222,NLRTM,GBFXT,VSL-0073,2025-07-14 12:00:00,2025-07-19 12:00:00,2025-07-19 08:00:00,2025-07-27 12:00:00,2025-07-28 00:00:00,24,Raw Materials,779.92,DELIVERED
SHP-02505,CUST-1236,MYPKG,PKKAR,VSL-0033,2024-12-24 14:00:00,2025-01-04 14:00:00,2025-01-04 19:00:00,2025-01-08 14:00:00,2025-01-08 23:00:00,9,Machinery,2533.78,DELIVERED
SHP-03422,CUST-1037,USLAX,JPYOK,VSL-0027,2024-11-02 23:00:00,2024-11-11 23:00:00,2024-11-14 09:00:00,2024-11-27 23:00:00,2024-12-01 04:00:00,23,Apparel,757.23,DELAYED
SHP-01206,CUST-1032,DEHAM,BEANR,VSL-0021,2025-09-16 22:00:00,2025-09-23 22:00:00,2025-09-24 01:00:00,2025-10-02 22:00:00,2025-10-03 07:00:00,36,Furniture,2003.13,DELIVERED
SHP-03002,CUST-1188,BRSSZ,USNYC,VSL-0017,2024-07-08 11:00:00,2024-07-19 11:00:00,2024-07-19 20:00:00,2024-07-28 11:00:00,2024-07-31 06:00:00,4,Food & Beverage,811.35,DELAYED
SHP-04874,CUST-1096,CNNGB,MYPKG,VSL-0012,2025-03-22 17:00:00,2025-04-03 17:00:00,2025-04-03 15:00:00,2025-04-11 17:00:00,2025-04-12 04:00:00,31,Machinery,782.67,DELIVERED
SHP-01872,CUST-1170,CNSZX,AEDXB,VSL-0045,2025-01-06 10:00:00,2025-01-16 10:00:00,2025-01-16 14:00:00,2025-02-16 10:00:00,2025-02-16 02:00:00,17,Machinery,982.77,DELIVERED
SHP-00237,CUST-1109,JPYOK,KRPUS,VSL-0059,2025-02-02 07:00:00,2025-02-12 07:00:00,,2025-02-15 07:00:00,,22,Automotive Parts,296.36,CANCELLED
SHP-04296,CUST-1149,INNSA,UNKNW,VSL-0040,2024-08-05 16:00:00,2024-08-10 16:00:00,2024-08-10 14:00:00,2024-09-10 16:00:00,2024-09-10 20:00:00,9,Furniture,2190.05,DELIVERED
SHP-02754,CUST-1045,CNSHA,DEHAM,VSL-0062,2024-07-19 15:00:00,2024-07-29 15:00:00,,2024-08-24 15:00:00,,1,Consumer Goods,433.23,CANCELLED
SHP-00062,CUST-1149,GBFXT,USNYC,VSL-0070,2024-07-25 09:00:00,2024-08-05 09:00:00,2024-08-06 03:00:00,2024-08-22 09:00:00,2024-08-24 19:00:00,32,Pharmaceuticals,246.41,DELAYED
SHP-01294,CUST-1164,USNYC,CNSHA,VSL-0029,2025-08-18 16:00:00,2025-08-27 16:00:00,2025-08-30 14:00:00,2025-09-13 16:00:00,2025-09-16 23:00:00,19,Chemicals,2760.99,DELAYED
SHP-02285,CUST-1247,CNSHA,HKHKG,VSL-0045,2024-10-31 18:00:00,2024-11-05 18:00:00,2024-11-05 14:00:00,2024-11-13 18:00:00,2024-11-13 23:00:00,3,Raw Materials,2768.34,DELIVERED
SHP-01617,CUST-1172,KRPUS,EGPSD,VSL-0028,2024-08-12 17:00:00,2024-08-15 17:00:00,,2024-08-30 17:00:00,,39,Apparel,2414.24,CANCELLED
SHP-03935,CUST-1146,USSAV,ZZZZZ,VSL-0049,2025-08-18 08:00:00,2025-08-28 08:00:00,,2025-10-02 08:00:00,,1,Electronics,198.26,delivered
SHP-02684,CUST-1006,NLRTM,USNYC,VSL-0054,2024-11-09 01:00:00,2024-11-12 01:00:00,2024-11-11 22:00:00,2024-11-26 01:00:00,2024-11-25 22:00:00,19,Apparel,1583.47,DELIVERED
SHP-03354,CUST-1217,INMUN,PKKAR,VSL-0062,2024-07-16 00:00:00,2024-07-23 00:00:00,,2024-07-29 00:00:00,,17, Chemicals,365.87,CANCELLED
SHP-03437,CUST-1096,CNSZX,CNSHA,VSL-0003,2025-10-09 10:00:00,2025-10-23 10:00:00,2025-10-23 16:00:00,2025-10-30 10:00:00,2025-10-30 05:00:00,9,Automotive Parts,53.61,DELIVERED
SHP-00749,CUST-1146,ZADUR,GBFXT,VSL-0022,2024-08-25 18:00:00,2024-09-05 18:00:00,2024-08-25 05:00:00,2024-10-03 18:00:00,2024-10-06 04:00:00,34,Raw Materials,379.08,DELAYED
SHP-04962,CUST-1124,USLGB,CNSHA,VSL-0014,2025-03-14 14:00:00,2025-03-18 14:00:00,2025-03-19 11:00:00,2025-04-11 14:00:00,2025-04-14 07:00:00,24,Pharmaceuticals,1729.33,DELAYED
SHP-04966,CUST-1201,HKHKG,JPYOK,VSL-0022,2025-04-21 18:00:00,2025-04-27 18:00:00,2025-04-27 15:00:00,2025-05-07 18:00:00,2025-05-07 23:00:00,30,Consumer Goods,1226.69,DELIVERED
SHP-03786,CUST-1108,MYPKG,HKHKG,VSL-0019,2025-02-19 18:00:00,2025-03-05 18:00:00,2025-03-07 08:00:00,2025-03-08 18:00:00,2025-03-12 22:00:00,22,Consumer Goods,1527.88,DELAYED
SHP-01222,CUST-1012,GBFXT,INMUN,VSL-0036,2025-07-11 13:00:00,2025-07-23 13:00:00,2025-07-23 19:00:00,2025-08-08 13:00:00,2025-08-08 05:00:00,20,Consumer Goods,2279.82,DELIVERED
SHP-03079,CUST-1069,BEANR,THBKK,VSL-0048,2025-09-04 22:00:00,2025-09-11 22:00:00,2025-09-13 18:00:00,2025-10-04 22:00:00,2025-10-08 06:00:00,30,Apparel,694.43,DELAYED
SHP-00731,CUST-1144,MYPKG,USSAV,VSL-0024,2025-06-03 01:00:00,2025-06-09 01:00:00,2025-06-08 21:00:00,2025-07-09 01:00:00,2025-07-08 23:00:00,25,Automotive Parts,1315.6,DELIVERED
SHP-02726,CUST-1209,PKKAR,ESVLC,VSL-0079,2025-10-11 00:00:00,2025-10-24 00:00:00,2025-10-24 02:00:00,2025-11-24 00:00:00,2025-11-23 23:00:00,19, Chemicals,981.74,DELIVERED
SHP-01281,CUST-1229,KRPUS,BEANR,VSL-0026,2025-07-01 10:00:00,2025-07-09 10:00:00,2025-07-09 11:00:00,2025-07-24 10:00:00,2025-07-24 18:00:00,23,Food & Beverage,2102.84,DELIVERED
SHP-01887,CUST-1227,EGPSD,USLGB,VSL-0020,2024-10-13 18:00:00,2024-10-21 18:00:00,2024-10-22 09:00:00,2024-11-12 18:00:00,2024-11-16 12:00:00,4,Consumer Goods,1790.22,DELAYED
SHP-02295,CUST-1149,HKHKG,GBFXT,VSL-0018,2024-08-12 08:00:00,2024-08-19 08:00:00,2024-08-19 13:00:00,2024-09-10 08:00:00,2024-09-10 14:00:00,17,electronics,1140.75,DELIVERED
SHP-01569,CUST-1119,USNYC,BRSSZ,VSL-0044,2024-09-09 14:00:00,2024-09-14 14:00:00,2024-09-15 16:00:00,2024-09-24 14:00:00,2024-09-25 20:00:00,26,Food & Beverage,245.73,DELAYED
SHP-02223,CUST-1130,KRPUS,AEDXB,VSL-0025,2024-12-30 02:00:00,2025-01-12 02:00:00,2025-01-12 03:00:00,2025-01-27 02:00:00,2025-01-27 05:00:00,19,Automotive parts,1318.28,DELIVERED
SHP-00507,CUST-1167,USLAX,ZADUR,VSL-0012,2025-03-10 03:00:00,2025-03-23 03:00:00,2025-03-26 02:00:00,2025-04-22 03:00:00,2025-04-27 20:00:00,14,FURNITURE,2419.79,DELAYED
SHP-01911,CUST-1228,ZZZZZ,INNSA,VSL-0064,2025-03-02 02:00:00,2025-03-05 02:00:00,2025-03-05 08:00:00,2025-03-11 02:00:00,2025-03-11 00:00:00,31,Consumer Goods,1244.2,DELIVERED
SHP-02160,CUST-1140,CNNGB,USSAV,VSL-0045,2024-07-17 03:00:00,2024-07-27 03:00:00,2024-07-27 02:00:00,2024-08-19 03:00:00,2024-08-19 15:00:00,1,Chemicals,512.89,DELIVERED
SHP-01410,CUST-1033,CNSHA,NLRTM,VSL-0017,2025-09-08 14:00:00,2025-09-11 14:00:00,2025-09-11 13:00:00,2025-10-06 14:00:00,2025-10-06 07:00:00,17,Consumer Goods,,DELIVERED
SHP-02930,CUST-1017,SGSIN,JPYOK,VSL-0047,2025-09-23 00:00:00,2025-09-28 00:00:00,2025-09-28 02:00:00,2025-10-08 00:00:00,2025-10-08 12:00:00,7, Chemicals,70.18,DELIVERED
SHP-03022,CUST-1122,BEANR,MYPKG,VSL-0054,2024-10-10 09:00:00,2024-10-24 09:00:00,2024-10-26 23:00:00,2024-11-22 09:00:00,2024-11-27 12:00:00,31,Machinery,1003.84,DELAYED
SHP-02462,CUST-1036,GBFXT,HKHKG,VSL-0013,2025-03-14 01:00:00,2025-03-19 01:00:00,2025-03-19 02:00:00,2025-04-05 01:00:00,2025-04-05 10:00:00,29,Machinery,1117.42,DELIVERED
SHP-02665,CUST-1091,NLRTM,BRSSZ,VSL-0074,2024-08-21 01:00:00,2024-08-27 01:00:00,2024-08-27 01:00:00,2024-09-30 01:00:00,2024-09-29 23:00:00,2,Automotive Parts,2711.01,DELIVERED
SHP-03873,CUST-1160,INNSA,NLRTM,VSL-0050,2024-10-07 09:00:00,2024-10-17 09:00:00,2024-10-18 20:00:00,2024-11-21 09:00:00,2024-11-25 09:00:00,15,Furniture,1730.01,DELAYED
SHP-04980,CUST-1158,DEHAM,THBKK,VSL-0011,2024-09-06 06:00:00,2024-09-13 06:00:00,2024-09-15 23:00:00,2024-09-30 06:00:00,2024-10-04 18:00:00,8,Chemicals,1621.27,DELAYED
SHP-03575,CUST-1218,MYPKG,THBKK,VSL-0032,2024-06-04 15:00:00,2024-06-17 15:00:00,2024-06-17 14:00:00,2024-06-24 15:00:00,2024-06-24 19:00:00,7,Raw Materials,2268.63,DELIVERED
SHP-02036,CUST-1075,USLAX,EGPSD,VSL-0035,2025-05-28 13:00:00,2025-06-08 13:00:00,2025-06-08 15:00:00,2025-06-27 13:00:00,2025-06-27 05:00:00,26,Chemicals,1818.3,DELIVERED
SHP-04282,CUST-1190,DEHAM,MYPKG,VSL-0039,2024-12-11 14:00:00,2024-12-23 14:00:00,2024-12-25 00:00:00,2025-01-14 14:00:00,2025-01-19 00:00:00,2,Apparel,731.33,DELAYED
SHP-00840,CUST-1205,SGSIN,HKHKG,VSL-0050,2025-06-14 16:00:00,2025-06-18 16:00:00,2025-06-21 04:00:00,2025-06-27 16:00:00,2025-07-02 02:00:00,16,Food & Beverage,1100.66,DELAYED
SHP-02337,CUST-1015,ZADUR,USLGB,VSL-0015,2024-09-22 10:00:00,2024-10-06 10:00:00,2024-10-06 12:00:00,2024-10-28 10:00:00,2024-10-28 14:00:00,23,Apparel,2294.46,DELIVERED
SHP-01254,CUST-1043,CNNGB,KRPUS,VSL-0004,2025-01-26 07:00:00,2025-02-02 07:00:00,2025-02-02 06:00:00,2025-02-10 07:00:00,2025-02-10 18:00:00,16,Electronics,106.65,DELIVERED
SHP-04110,CUST-1001,GBFXT,CNSHA,VSL-0006,2025-07-23 03:00:00,2025-07-31 03:00:00,2025-08-01 03:00:00,2025-08-14 03:00:00,2025-08-15 06:00:00,12,Machinery,890.37,DELAYED
SHP-00897,CUST-1217,NLRTM,USNYC,VSL-0067,2024-11-23 11:00:00,2024-12-01 11:00:00,2024-12-04 06:00:00,2025-01-05 11:00:00,2025-01-12 04:00:00,36,Machinery,1655.46,DELAYED
SHP-00177,CUST-1023,USSAV,BEANR,VSL-0022,2025-09-22 11:00:00,2025-09-30 11:00:00,2025-09-30 14:00:00,2025-10-20 11:00:00,2025-10-20 07:00:00,38,FURNITURE,373.03,DELIVERED
SHP-01346,CUST-1080,CNNGB,DEHAM,VSL-0043,2024-09-07 03:00:00,2024-09-15 03:00:00,2024-09-15 02:00:00,2024-10-06 03:00:00,2024-10-06 07:00:00,7,Consumer Goods,2709.53,DELIVERED
SHP-01642,CUST-1135,CNNGB,USLGB,VSL-0007,2025-07-22 00:00:00,2025-08-01 00:00:00,2025-08-02 06:00:00,2025-08-29 00:00:00,2025-08-30 02:00:00,4,Pharmaceuticals,1270.47,DELAYED
SHP-02220,CUST-1226,EGPSD,INMUN,VSL-0040,2024-12-08 14:00:00,2024-12-17 14:00:00,2024-12-17 19:00:00,2025-01-07 14:00:00,2025-01-07 14:00:00,32,Apparel,191.65,DELIVERED
SHP-04276,CUST-1213,AEDXB,INNSA,VSL-0073,2025-04-18 14:00:00,2025-04-30 14:00:00,2025-04-30 16:00:00,2025-05-31 14:00:00,2025-06-01 02:00:00,23,Chemicals,2329.12,DELIVERED
SHP-02408,CUST-1060,SGSIN,JPYOK,VSL-0073,2025-02-08 02:00:00,2025-02-14 02:00:00,2025-02-14 04:00:00,2025-02-20 02:00:00,2025-02-19 21:00:00,12,Electronics,977.33,DELIVERED
SHP-02146,CUST-1143,AEDXB,USLGB,VSL-0006,2025-07-10 05:00:00,2025-07-14 05:00:00,2025-07-14 09:00:00,2025-08-03 05:00:00,2025-08-03 02:00:00,26,Electronics,88.85,DELIVERED
SHP-00418,CUST-1186,INMUN,DEHAM,VSL-0034,2025-03-18 05:00:00,2025-03-31 05:00:00,2025-03-31 09:00:00,2025-04-29 05:00:00,2025-04-29 19:00:00,31,Apparel,920.31,DELIVERED
SHP-01841,CUST-1210,JPYOK,THBKK,VSL-0072,2024-06-17 20:00:00,2024-06-23 20:00:00,2024-06-23 22:00:00,2024-06-28 20:00:00,2024-06-29 08:00:00,17,Chemicals,1091.96,DELIVERED
SHP-04730,CUST-1127,BEANR,NLRTM,VSL-0005,2025-05-22 10:00:00,2025-05-28 10:00:00,2025-05-28 10:00:00,2025-06-04 10:00:00,2025-06-04 11:00:00,10,Pharmaceuticals,2088.5,DELIVERED
SHP-03359,CUST-1166,DEHAM,JPYOK,VSL-0026,2024-08-17 13:00:00,2024-08-23 13:00:00,2024-08-23 10:00:00,2024-09-20 13:00:00,2024-09-21 01:00:00,11,Consumer Goods,1061.8,DELIVERED
SHP-03498,CUST-1126,HKHKG,THBKK,VSL-0040,2025-05-23 21:00:00,2025-06-05 21:00:00,2025-06-05 23:00:00,2025-06-13 21:00:00,2025-06-13 19:00:00,36,Consumer Goods,2239.32,DELIVERED
SHP-00744,CUST-1093,GBFXT,ESVLC,VSL-0066,2025-02-23 23:00:00,2025-02-28 23:00:00,2025-03-02 23:00:00,2025-03-08 23:00:00,2025-03-10 20:00:00,15,Electronics,2396.94,DELAYED
SHP-04024,CUST-1127,INNSA,INMUN,VSL-0051,2025-09-14 09:00:00,2025-09-23 09:00:00,2025-09-23 07:00:00,2025-09-28 09:00:00,2025-09-28 21:00:00,7,Pharmaceuticals,1195.39,DELIVERED
SHP-00708,CUST-1177,XXTST,BEANR,VSL-0036,2024-06-19 09:00:00,2024-06-22 09:00:00,2024-06-24 02:00:00,2024-07-08 09:00:00,2024-07-13 18:00:00,39,Raw Materials,303.14,DELAYED
SHP-01148,CUST-1186,USSAV,KRPUS,VSL-0048,2025-04-07 04:00:00,2025-04-19 04:00:00,2025-04-19 04:00:00,2025-05-10 04:00:00,2025-05-10 10:00:00,37,Electronics,2079.16,DELIVERED
SHP-01419,CUST-1098,SGSIN,ESVLC,VSL-0049,2024-12-07 11:00:00,2024-12-11 11:00:00,2024-12-14 03:00:00,2025-01-12 11:00:00,2025-01-16 14:00:00,2,Consumer Goods,861.99,DELAYED
SHP-02123,CUST-1041,JPYOK,HKHKG,VSL-0062,2024-09-29 23:00:00,2024-10-08 23:00:00,,2024-10-13 23:00:00,,38,Food & Beverage,1188.18,CANCELLED
SHP-04679,CUST-1038,ZADUR,CNSHA,VSL-0073,2025-04-13 04:00:00,2025-04-19 04:00:00,2025-04-19 04:00:00,2025-05-17 04:00:00,2025-05-17 08:00:00,35,Automotive Parts,1168.48,DELIVERED
SHP-03682,CUST-1222,ESVLC,BRSSZ,VSL-0007,2025-06-21 05:00:00,2025-06-28 05:00:00,2025-06-28 07:00:00,2025-07-16 05:00:00,2025-07-16 05:00:00,14,Food & Beverage,1135.83,DELIVERED
SHP-00898,CUST-1075,GBFXT,INNSA,VSL-0051,2024-09-25 04:00:00,2024-10-09 04:00:00,2024-10-09 02:00:00,2024-11-13 04:00:00,2024-11-13 06:00:00,34,Pharmaceuticals,864.56,DELIVERED
SHP-04755,CUST-1185,ZADUR,BEANR,VSL-0054,2025-09-24 03:00:00,2025-10-07 03:00:00,2025-10-08 01:00:00,2025-10-22 03:00:00,2025-10-24 03:00:00,34,Apparel,2760.64,DELAYED
SHP-02716,CUST-1057,INNSA,MYPKG,VSL-0001,2025-04-02 07:00:00,2025-04-10 07:00:00,2025-04-10 09:00:00,2025-04-15 07:00:00,2025-04-15 05:00:00,20,Pharmaceuticals,1273.39,DELIVERED
SHP-02440,CUST-1189,MYPKG,BRSSZ,VSL-0037,2024-09-26 23:00:00,2024-10-07 23:00:00,2024-10-07 21:00:00,2024-10-30 23:00:00,2024-10-31 03:00:00,27,Electronics,1005.34,DELIVERED
SHP-01430,CUST-1002,ZADUR,KRPUS,VSL-0020,2024-09-23 14:00:00,2024-10-04 14:00:00,2024-10-04 10:00:00,2024-10-29 14:00:00,2024-10-30 02:00:00,29,Machinery,1411.34,DELIVERED
SHP-02217,CUST-1213,USSAV,INNSA,VSL-0078,2024-11-15 21:00:00,2024-11-18 21:00:00,2024-11-19 00:00:00,2024-12-07 21:00:00,2024-12-07 22:00:00,15,Consumer Goods,171.61,DELIVERED
SHP-01665,CUST-1196,DEHAM,USLGB,VSL-0028,2024-12-18 04:00:00,2024-12-31 04:00:00,2025-01-02 01:00:00,2025-01-16 04:00:00,2025-01-21 08:00:00,23,APPAREL,911.31,DELAYED
SHP-00565,CUST-1242,CNSHA,USLGB,VSL-0035,2024-09-03 20:00:00,2024-09-14 20:00:00,2024-09-15 02:00:00,2024-10-12 20:00:00,2024-10-15 09:00:00,11,Machinery,1892.77,DELAYED
SHP-04067,CUST-1018,CNSHA,BRSSZ,VSL-0054,2024-09-29 18:00:00,2024-10-06 18:00:00,2024-10-06 15:00:00,2024-10-23 18:00:00,2024-10-23 10:00:00,2,Chemicals,829.66,DELIVERED
SHP-02204,CUST-1228,THBKK,PKKAR,VSL-0047,2025-07-11 08:00:00,2025-07-18 08:00:00,2025-07-19 20:00:00,2025-07-26 08:00:00,2025-07-28 00:00:00,4,Food & Beverage,1337.3,DELAYED
SHP-04227,CUST-1095,INMUN,INNSA,VSL-0055,2024-12-13 03:00:00,2024-12-19 03:00:00,2024-12-18 23:00:00,2024-12-27 03:00:00,2024-12-27 00:00:00,27,Furniture,158.92,DELIVERED
SHP-01412,CUST-1171,CNNGB,AEDXB,VSL-0022,2025-06-05 13:00:00,2025-06-15 13:00:00,2025-06-15 17:00:00,2025-07-08 13:00:00,2025-07-08 05:00:00,39,Electronics,905.18,DELIVERED
SHP-01513,CUST-1010,KRPUS,BRSSZ,VSL-0043,2024-11-06 22:00:00,2024-11-13 22:00:00,2024-11-13 21:00:00,2024-12-08 22:00:00,2024-12-09 09:00:00,1,Consumer Goods,2556.93,DELIVERED
SHP-03255,CUST-1051,HKHKG,ESVLC,VSL-0014,2025-01-11 23:00:00,2025-01-15 23:00:00,2025-01-16 20:00:00,2025-01-30 23:00:00,2025-02-01 21:00:00,17,FURNITURE,733.32,DELAYED
SHP-03715,CUST-1054,INMUN,AEDXB,VSL-0060,2025-07-06 21:00:00,2025-07-12 21:00:00,2025-07-14 08:00:00,2025-07-29 21:00:00,2025-08-02 02:00:00,39,Electronics,687.49,DELAYED
SHP-00915,CUST-1005,GBFXT,USSAV,VSL-0055,2024-11-06 07:00:00,2024-11-18 07:00:00,2024-11-18 05:00:00,2024-12-19 07:00:00,2024-12-19 11:00:00,8,FURNITURE,1244.68,DELIVERED
SHP-04190,CUST-1008,BEANR,KRPUS,VSL-0072,2025-05-17 14:00:00,2025-05-27 14:00:00,2025-05-16 05:00:00,2025-06-29 14:00:00,2025-06-29 15:00:00,37,FURNITURE,247.72,DELIVERED
SHP-03274,CUST-1061,CNSZX,AEDXB,VSL-0028,2024-11-05 08:00:00,2024-11-08 08:00:00,2024-11-10 11:00:00,2024-12-01 08:00:00,2024-12-05 09:00:00,11,Automotive Parts,550.69,DELAYED
SHP-01540,CUST-1090,SGSIN,HKHKG,VSL-0002,2025-05-22 12:00:00,2025-05-28 12:00:00,,2025-06-03 12:00:00,,2,Consumer Goods,1640.79,CANCELLED
SHP-03468,CUST-1073,SGSIN,CNNGB,VSL-0043,2025-08-30 11:00:00,2025-09-03 11:00:00,2025-09-03 15:00:00,2025-09-06 11:00:00,2025-09-06 22:00:00,12,Automotive Parts,1346.98,DELIVERED
SHP-01011,CUST-1113,SGSIN,INMUN,VSL-0011,2025-09-15 06:00:00,2025-09-25 06:00:00,2025-09-27 05:00:00,2025-09-30 06:00:00,2025-10-03 16:00:00,9,Raw Materials,550.08,DELAYED
SHP-03216,CUST-1036,CNNGB,THBKK,VSL-0052,2024-08-29 18:00:00,2024-09-02 18:00:00,2024-09-02 21:00:00,2024-09-09 18:00:00,2024-09-09 23:00:00,34,Apparel,2164.88,DELIVERED
SHP-04979,CUST-1194,CNSHA,CNSZX,VSL-0041,2025-01-29 03:00:00,2025-02-01 03:00:00,2025-02-01 04:00:00,2025-02-09 03:00:00,2025-02-09 10:00:00,2,Food & Beverage,2543.06,DELIVERED
SHP-01443,CUST-1066,CNSHA,INMUN,VSL-0064,2024-09-05 20:00:00,2024-09-15 20:00:00,2024-09-16 00:00:00,2024-09-24 20:00:00,2024-09-25 06:00:00,20,Furniture,1355.22,DELIVERED
SHP-02756,CUST-1042,CNNGB,SGSIN,VSL-0043,2025-05-02 23:00:00,2025-05-15 23:00:00,2025-05-17 00:00:00,2025-05-18 23:00:00,2025-05-20 18:00:00,7,Raw Materials,2141.13,DELAYED
SHP-00293,CUST-1144,USSAV,PKKAR,VSL-0027,2025-01-13 15:00:00,2025-01-19 15:00:00,2025-01-22 07:00:00,2025-02-08 15:00:00,2025-02-13 16:00:00,16,Furniture,1652.66,DELAYED
SHP-01663,CUST-1101,CNNGB,KRPUS,VSL-0063,2025-09-22 16:00:00,2025-09-25 16:00:00,2025-09-25 18:00:00,2025-10-05 16:00:00,2025-10-05 18:00:00,1,electronics,1440.11,DELIVERED
SHP-04329,CUST-1201,CNNGB,MYPKG,VSL-0056,2025-10-05 19:00:00,2025-10-16 19:00:00,2025-10-17 00:00:00,2025-10-25 19:00:00,2025-10-25 15:00:00,18,Chemicals,1519.25,DELIVERED
SHP-02033,CUST-1180,USSAV,KRPUS,VSL-0013,2024-10-07 11:00:00,2024-10-15 11:00:00,2024-10-15 11:00:00,2024-11-15 11:00:00,2024-11-15 05:00:00,2,Furniture,2516.6,DELIVERED
SHP-01518,CUST-1109,CNNGB,KRPUS,VSL-0067,2025-06-25 23:00:00,2025-07-04 23:00:00,,2025-07-09 23:00:00,,37,Machinery,1401.71,
SHP-02120,CUST-1157,USLAX,ESVLC,VSL-0032,2025-01-18 19:00:00,2025-01-27 19:00:00,2025-01-28 10:00:00,2025-02-12 19:00:00,2025-02-13 12:00:00,8,Food & Beverage,1598.1,DELIVERED
SHP-00497,CUST-1156,EGPSD,BRSSZ,VSL-0015,2024-12-28 06:00:00,2025-01-08 06:00:00,2025-01-08 07:00:00,2025-02-07 06:00:00,2025-02-07 00:00:00,17,Machinery,1648.32,DELIVERED
SHP-01229,CUST-1146,ZADUR,SGSIN,VSL-0028,2025-06-30 14:00:00,2025-07-14 14:00:00,2025-07-14 10:00:00,2025-08-06 14:00:00,2025-08-06 18:00:00,4,Electronics,2265.27,DELIVERED
SHP-00626,CUST-1044,CNSHA,CNNGB,VSL-0078,2025-07-06 09:00:00,2025-07-13 09:00:00,,2025-07-22 09:00:00,,33,Furniture,2678.88,CANCELLED
SHP-03111,CUST-1186,USLAX,USLGB,VSL-0030,2025-04-15 04:00:00,2025-04-22 04:00:00,2025-04-14 22:00:00,2025-04-26 04:00:00,2025-04-26 10:00:00,25,Machinery,1329.07,DELIVERED
SHP-00579,CUST-1066,CNNGB,MYPKG,VSL-0055,2025-03-02 11:00:00,2025-03-09 11:00:00,2025-03-10 12:00:00,2025-03-14 11:00:00,2025-03-16 20:00:00,25,Food & Beverage,965.06,DELAYED
SHP-03930,CUST-1110,THBKK,BEANR,VSL-0020,2025-09-21 17:00:00,2025-10-04 17:00:00,2025-10-04 19:00:00,2025-11-01 17:00:00,2025-11-02 03:00:00,16,Pharmaceuticals,332.98,DELIVERED
SHP-01662,CUST-1012,PKKAR,INMUN,VSL-0066,2025-02-23 20:00:00,2025-03-09 20:00:00,2025-03-09 19:00:00,2025-03-12 20:00:00,2025-03-12 19:00:00,1,Food & Beverage,1270.86,DELIVERED
SHP-01825,CUST-1205,USLAX,PKKAR,VSL-0073,2024-08-29 15:00:00,2024-09-08 15:00:00,2024-09-10 01:00:00,2024-10-10 15:00:00,2024-10-14 14:00:00,38,Chemicals,164.34,DELAYED
SHP-02127,CUST-1065,MYPKG,AEDXB,VSL-0051,2024-11-04 22:00:00,2024-11-09 22:00:00,2024-11-09 21:00:00,2024-11-26 22:00:00,2024-11-26 22:00:00,30,Electronics,932.62,DELIVERED
SHP-01764,CUST-1029,SGSIN,AEDXB,VSL-0028,2024-08-27 20:00:00,2024-09-06 20:00:00,,2024-10-02 20:00:00,,2,Consumer Goods,884.36,COMPLETED
SHP-00231,CUST-1028,USSAV,USNYC,VSL-0070,2025-08-08 17:00:00,2025-08-13 17:00:00,2025-08-13 19:00:00,2025-08-22 17:00:00,2025-08-22 21:00:00,1,Consumer Goods,1606.24,DELIVERED
SHP-01654,CUST-1010,DEHAM,CNNGB,VSL-0021,2025-05-08 10:00:00,2025-05-14 10:00:00,2025-05-14 12:00:00,2025-06-05 10:00:00,2025-06-05 09:00:00,40,FURNITURE,2232.16,DELIVERED
SHP-02606,CUST-1048,NLRTM,DEHAM,VSL-0070,2024-12-24 10:00:00,2025-01-02 10:00:00,,2025-01-08 10:00:00,,36,Food & Beverage,1371.18,CANCELLED
SHP-01377,CUST-1098,USSAV,DEHAM,VSL-0023,2025-01-30 16:00:00,2025-02-12 16:00:00,2025-02-12 22:00:00,2025-03-13 16:00:00,2025-03-14 01:00:00,23,Raw Materials,2015.14,DELIVERED
SHP-00332,CUST-1194,AEDXB,CNSZX,VSL-0027,2024-11-27 08:00:00,2024-12-09 08:00:00,2024-12-09 12:00:00,2024-12-30 08:00:00,2024-12-30 03:00:00,36,Automotive Parts,1324.08,DELIVERED
SHP-04161,CUST-1156,GBFXT,EGPSD,VSL-0055,2025-01-03 16:00:00,2025-01-12 16:00:00,2025-01-12 19:00:00,2025-02-03 16:00:00,2025-02-03 17:00:00,35,Furniture,1206.01,DELIVERED
SHP-02061,CUST-1042,DEHAM,BEANR,VSL-0050,2025-04-20 11:00:00,2025-04-30 11:00:00,2025-04-30 16:00:00,2025-05-10 11:00:00,2025-05-10 14:00:00,26,Apparel,2251.63,DELIVERED
SHP-00129,CUST-1027,ESVLC,DEHAM,VSL-0010,2025-06-09 08:00:00,2025-06-21 08:00:00,2025-06-21 12:00:00,2025-06-25 08:00:00,2025-06-25 20:00:00,5,Raw Materials,1127.29,DELIVERED
SHP-02912,CUST-1212,ESVLC,INNSA,VSL-0068,2025-03-26 03:00:00,2025-04-01 03:00:00,2025-04-01 05:00:00,2025-05-06 03:00:00,2025-05-06 13:00:00,17,Consumer Goods,164.98,DELIVERED
SHP-01333,CUST-1099,INNSA,CNSZX,VSL-0078,2024-10-03 13:00:00,2024-10-07 13:00:00,2024-10-07 17:00:00,2024-10-12 13:00:00,2024-10-12 21:00:00,12,Raw Materials,1585.51,DELIVERED
SHP-00111,CUST-1082,BEANR,SGSIN,VSL-0042,2025-09-05 01:00:00,2025-09-16 01:00:00,2025-09-18 01:00:00,2025-10-19 01:00:00,2025-10-22 10:00:00,14,Raw Materials,2450.46,DELAYED
SHP-04623,CUST-1012,BEANR,USNYC,VSL-0058,2025-06-05 03:00:00,2025-06-09 03:00:00,2025-06-09 07:00:00,2025-07-10 03:00:00,2025-07-10 15:00:00,36,Machinery,593.14,DELIVERED
SHP-04763,CUST-1136,USNYC,BRSSZ,VSL-0040,2025-04-18 00:00:00,2025-04-24 00:00:00,2025-04-23 21:00:00,2025-05-02 00:00:00,2025-05-02 02:00:00,35,Electronics,2435.38,DELIVERED
SHP-04382,CUST-1230,DEHAM,CNSHA,VSL-0002,2024-06-23 11:00:00,2024-06-27 11:00:00,2024-06-30 08:00:00,2024-08-01 11:00:00,2024-08-04 22:00:00,6,Consumer Goods,2605.52,DELAYED
SHP-01175,CUST-1157,HKHKG,AEDXB,VSL-0046,2024-10-20 19:00:00,2024-10-31 19:00:00,2024-10-31 17:00:00,2024-11-18 19:00:00,2024-11-19 07:00:00,13,Chemicals,912.34,DELIVERED
SHP-04533,CUST-1161,USLAX,KRPUS,VSL-0029,2025-10-03 00:00:00,2025-10-12 00:00:00,2025-10-12 06:00:00,2025-10-26 00:00:00,2025-10-26 05:00:00,6,Automotive Parts,873.18,DELIVERED
SHP-00519,CUST-1143,MYPKG,CNSZX,VSL-0032,2025-04-09 09:00:00,2025-04-20 09:00:00,2025-04-20 14:00:00,2025-04-27 09:00:00,2025-04-27 11:00:00,2,Automotive parts,2628.73,DELIVERED
SHP-01207,CUST-1070,USLAX,INMUN,VSL-0009,2024-06-21 18:00:00,2024-06-26 18:00:00,2024-06-28 22:00:00,2024-07-18 18:00:00,2024-07-21 00:00:00,27,Apparel,1126.05,DELAYED
SHP-03949,CUST-1068,NLRTM,BRSSZ,VSL-0069,2025-05-05 11:00:00,2025-05-10 11:00:00,,2025-06-01 11:00:00,,26,APPAREL,1170.78,Complete
SHP-04803,CUST-1236,NLRTM,USLAX,VSL-0032,2024-08-07 07:00:00,2024-08-17 07:00:00,2024-08-17 13:00:00,2024-09-11 07:00:00,2024-09-11 14:00:00,5,Consumer Goods,358.57,DELIVERED
SHP-00430,CUST-1112,JPYOK,ESVLC,VSL-0067,2025-07-15 19:00:00,2025-07-24 19:00:00,2025-07-27 16:00:00,2025-08-14 19:00:00,2025-08-17 16:00:00,16,Electronics,1748.58,DELAYED
SHP-03018,CUST-1134,INMUN,SGSIN,VSL-0052,2024-10-11 20:00:00,2024-10-21 20:00:00,2024-10-22 02:00:00,2024-10-24 20:00:00,2024-10-25 04:00:00,8,Furniture,1853.16,DELIVERED
SHP-02982,CUST-1127,INMUN,USNYC,VSL-0009,2025-09-19 15:00:00,2025-09-30 15:00:00,2025-10-02 17:00:00,2025-10-25 15:00:00,2025-10-30 23:00:00,33,Automotive Parts,450.8,DELAYED
SHP-02373,CUST-1248,ZADUR,USNYC,VSL-0006,2025-03-24 22:00:00,2025-03-30 22:00:00,2025-03-30 18:00:00,2025-04-28 22:00:00,2025-04-28 23:00:00,13,Apparel,253.42,DELIVERED
SHP-01727,CUST-1064,CNSHA,EGPSD,VSL-0043,2025-01-10 11:00:00,2025-01-23 11:00:00,2025-01-23 17:00:00,2025-02-16 11:00:00,2025-02-16 19:00:00,1,Apparel,1979.81,DELIVERED
SHP-03028,CUST-1026,KRPUS,PKKAR,VSL-0027,2024-08-04 03:00:00,2024-08-09 03:00:00,2024-08-08 23:00:00,2024-08-13 03:00:00,2024-08-13 07:00:00,29,Consumer Goods,2628.1,DELIVERED
SHP-02003,CUST-1105,SGSIN,DEHAM,VSL-0039,2025-08-24 06:00:00,2025-08-28 06:00:00,2025-08-28 08:00:00,2025-09-16 06:00:00,2025-09-15 23:00:00,40,Automotive Parts,1946.97,DELIVERED
SHP-02260,CUST-1223,JPYOK,SGSIN,VSL-0048,2024-11-13 00:00:00,2024-11-27 00:00:00,2024-11-28 11:00:00,2024-12-07 00:00:00,2024-12-08 15:00:00,33,Automotive Parts,1424.76,DELAYED
SHP-01986,CUST-1166,DEHAM,CNSZX,VSL-0040,2024-11-15 07:00:00,2024-11-26 07:00:00,2024-11-26 11:00:00,2024-12-21 07:00:00,2024-12-21 02:00:00,29,Chemicals,1166.55,DELIVERED
SHP-02755,CUST-1098,INMUN,CNSZX,VSL-0042,2025-01-02 12:00:00,2025-01-15 12:00:00,,2025-01-22 12:00:00,,25,Electronics,-181.55,CANCELLED
SHP-04529,CUST-1192,KRPUS,INNSA,VSL-0070,2024-10-15 03:00:00,2024-10-26 03:00:00,2024-10-26 00:00:00,2024-11-05 03:00:00,2024-11-05 10:00:00,5,Apparel,482.48,DELIVERED
SHP-04988,CUST-1100,SGSIN,CNSZX,VSL-0049,2024-06-05 20:00:00,2024-06-14 20:00:00,2024-06-17 20:00:00,2024-06-24 20:00:00,2024-06-27 22:00:00,33,Automotive Parts,2352.86,DELAYED
SHP-00350,CUST-1190,EGPSD,INNSA,VSL-0075,2025-10-08 21:00:00,2025-10-16 21:00:00,2025-10-17 00:00:00,2025-11-20 21:00:00,2025-11-21 05:00:00,36,Consumer Goods,2747.72,DELIVERED
SHP-01097,CUST-1220,SGSIN,AEDXB,VSL-0049,2025-07-30 18:00:00,2025-08-02 18:00:00,2025-08-02 15:00:00,2025-09-02 18:00:00,2025-09-02 19:00:00,17,Pharmaceuticals,2281.18,DELIVERED
SHP-01670,CUST-1101,GBFXT,INNSA,VSL-0044,2024-08-23 13:00:00,2024-09-04 13:00:00,2024-09-04 11:00:00,2024-09-29 13:00:00,2024-09-29 19:00:00,19,Automotive Parts,260.49,DELIVERED
SHP-02955,CUST-1172,EGPSD,DEHAM,VSL-0034,2025-07-28 21:00:00,2025-08-10 21:00:00,2025-08-12 18:00:00,2025-09-13 21:00:00,2025-09-19 05:00:00,39,Raw Materials,1301.63,DELAYED
SHP-01834,CUST-1046,BEANR,USSAV,VSL-0067,2025-01-09 20:00:00,2025-01-19 20:00:00,2025-01-21 21:00:00,2025-02-06 20:00:00,2025-02-12 19:00:00,2,Raw Materials,346.43,DELAYED
SHP-04232,CUST-1143,BRSSZ,SGSIN,VSL-0035,2024-06-21 11:00:00,2024-07-02 11:00:00,2024-07-02 15:00:00,2024-07-27 11:00:00,2024-07-27 07:00:00,15,Automotive Parts,948.46,DELIVERED
SHP-01807,CUST-1171,BRSSZ,ZADUR,VSL-0066,2025-09-19 18:00:00,2025-09-23 18:00:00,2025-09-23 18:00:00,2025-10-15 18:00:00,2025-10-15 21:00:00,32,Raw Materials,2139.59,DELIVERED
SHP-04022,CUST-1091,SGSIN,GBFXT,VSL-0025,2025-02-12 18:00:00,2025-02-18 18:00:00,2025-02-19 10:00:00,2025-03-20 18:00:00,2025-03-23 10:00:00,25,Electronics,1827.77,DELAYED
SHP-04147,CUST-1099,USLGB,INNSA,VSL-0078,2024-09-08 06:00:00,2024-09-19 06:00:00,,2024-10-18 06:00:00,,14,Machinery,1942.23,CANCELLED
SHP-00654,CUST-1074,GBFXT,MYPKG,VSL-0033,2024-11-25 18:00:00,2024-11-30 18:00:00,2024-12-02 08:00:00,2025-01-04 18:00:00,2025-01-09 03:00:00,24,Pharmaceuticals,1646.19,DELAYED
SHP-01240,CUST-1246,INMUN,GBFXT,VSL-0030,2025-07-21 22:00:00,2025-07-25 22:00:00,2025-07-25 21:00:00,2025-08-23 22:00:00,2025-08-23 19:00:00,20,Electronics,2361.73,DELIVERED
SHP-04934,CUST-1107,NLRTM,GBFXT,VSL-0073,2024-11-08 11:00:00,2024-11-12 11:00:00,,2024-11-16 11:00:00,,17,Consumer Goods,802.89,COMPLETED
SHP-04818,CUST-1004,DEHAM,ESVLC,VSL-0066,2025-08-15 13:00:00,2025-08-27 13:00:00,2025-08-29 15:00:00,2025-08-30 13:00:00,2025-09-04 16:00:00,39,Chemicals,2620.41,DELAYED
SHP-01217,CUST-1227,MYPKG,CNSZX,VSL-0002,2025-07-03 09:00:00,2025-07-12 09:00:00,2025-07-12 19:00:00,2025-07-22 09:00:00,2025-07-26 15:00:00,14,Apparel,2214.04,DELAYED
SHP-04792,CUST-1142,MYPKG,KRPUS,VSL-0016,2024-07-09 14:00:00,2024-07-23 14:00:00,2024-07-24 12:00:00,2024-07-26 14:00:00,2024-07-27 17:00:00,12,Consumer Goods,787.98,DELAYED
SHP-04932,CUST-1169,INNSA,DEHAM,VSL-0003,2024-08-14 14:00:00,2024-08-22 14:00:00,2024-08-22 16:00:00,2024-09-05 14:00:00,2024-09-05 19:00:00,37,Raw Materials,2762.19,DELIVERED
SHP-04870,CUST-1041,CNSZX,JPYOK,VSL-0008,2025-03-18 04:00:00,2025-04-01 04:00:00,2025-04-01 05:00:00,2025-04-11 04:00:00,2025-04-11 15:00:00,30,Chemicals,2413.86,DELIVERED
SHP-03174,CUST-1236,CNNGB,SGSIN,VSL-0069,2025-09-26 12:00:00,2025-10-06 12:00:00,,2025-10-09 12:00:00,,26,Furniture,1329.96,delivered
SHP-01212,CUST-1227,GBFXT,INNSA,VSL-0035,2024-10-27 08:00:00,2024-10-31 08:00:00,2024-10-31 06:00:00,2024-11-17 08:00:00,2024-11-17 11:00:00,23,Machinery,1622.39,DELIVERED
SHP-02749,CUST-1077,USNYC,INNSA,VSL-0073,2025-04-03 19:00:00,2025-04-11 19:00:00,2025-04-11 20:00:00,2025-05-15 19:00:00,2025-05-16 11:00:00,30,Raw Materials,1663.14,DELIVERED
SHP-04837,CUST-1136,USNYC,NLRTM,VSL-0045,2024-07-26 10:00:00,2024-08-08 10:00:00,2024-08-08 08:00:00,2024-09-10 10:00:00,2024-09-10 20:00:00,18,Chemicals,482.49,DELIVERED
SHP-01320,CUST-1132,SGSIN,HKHKG,VSL-0030,2024-10-27 09:00:00,2024-11-05 09:00:00,2024-11-05 15:00:00,2024-11-13 09:00:00,2024-11-16 22:00:00,4,Food & Beverage,417.72,DELAYED
SHP-02933,CUST-1126,DEHAM,ESVLC,VSL-0049,2024-12-08 02:00:00,2024-12-17 02:00:00,2024-12-18 20:00:00,2024-12-25 02:00:00,2024-12-27 18:00:00,12,Automotive Parts,1453.69,DELAYED
SHP-04700,CUST-1212,GBFXT,USSAV,VSL-0004,2025-08-01 20:00:00,2025-08-08 20:00:00,2025-08-08 22:00:00,2025-09-03 20:00:00,2025-09-04 06:00:00,3,Apparel,2193.77,DELIVERED
SHP-03711,CUST-1232,CNSZX,CNNGB,VSL-0054,2025-02-19 06:00:00,2025-03-02 06:00:00,2025-03-02 06:00:00,2025-03-10 06:00:00,2025-03-10 06:00:00,10,Chemicals,1798.28,DELIVERED
SHP-04807,CUST-1030,JPYOK,USLGB,VSL-0032,2024-10-12 12:00:00,2024-10-26 12:00:00,2024-10-26 16:00:00,2024-11-18 12:00:00,2024-11-18 08:00:00,18,Furniture,272.63,DELIVERED
SHP-01873,CUST-1162,HKHKG,USLAX,VSL-0033,2025-01-10 01:00:00,2025-01-13 01:00:00,2025-01-15 04:00:00,2025-02-02 01:00:00,2025-02-05 06:00:00,14,Furniture,2294.07,DELAYED
SHP-03304,CUST-1016,SGSIN,DEHAM,VSL-0025,2024-09-26 07:00:00,2024-10-03 07:00:00,2024-10-03 09:00:00,2024-10-18 07:00:00,2024-10-20 17:00:00,33,Food & Beverage,1447.97,DELAYED
SHP-04220,CUST-1099,GBFXT,BRSSZ,VSL-0023,2025-08-08 14:00:00,2025-08-18 14:00:00,2025-08-18 14:00:00,2025-09-06 14:00:00,2025-09-06 21:00:00,35,Machinery,2255.58,DELIVERED
SHP-02848,CUST-1062,BRSSZ,CNSHA,VSL-0042,2025-04-26 22:00:00,2025-04-30 22:00:00,2025-04-30 21:00:00,2025-05-20 22:00:00,2025-05-21 04:00:00,21,Electronics,803.23,DELIVERED
SHP-03463,CUST-1200,CNNGB,CNSHA,VSL-0010,2025-01-03 04:00:00,2025-01-06 04:00:00,2025-01-06 06:00:00,2025-01-12 04:00:00,2025-01-12 07:00:00,9,Automotive Parts,1991.42,DELIVERED
SHP-00020,CUST-1127,DEHAM,NLRTM,VSL-0048,2025-08-30 12:00:00,2025-09-05 12:00:00,,2025-09-10 12:00:00,,6,Consumer Goods,1823.78,CANCELLED
SHP-04409,CUST-1090,PKKAR,USLAX,VSL-0031,2025-02-26 08:00:00,2025-03-10 08:00:00,2025-03-10 06:00:00,2025-03-26 08:00:00,2025-03-26 19:00:00,36,Food & Beverage,1947.05,DELIVERED
SHP-01347,CUST-1126,USLAX,USNYC,VSL-0060,2025-04-03 20:00:00,2025-04-08 20:00:00,2025-04-08 23:00:00,2025-04-17 20:00:00,2025-04-17 23:00:00,12,Apparel,435.71,DELIVERED
SHP-03602,CUST-1102,INMUN,NLRTM,VSL-0026,2024-12-30 05:00:00,2025-01-13 05:00:00,2025-01-14 08:00:00,2025-02-03 05:00:00,2025-02-06 23:00:00,38,Automotive Parts,2429.37,DELAYED
SHP-02078,CUST-1033,NLRTM,CNSHA,VSL-0080,2025-03-15 22:00:00,2025-03-28 22:00:00,2025-03-28 18:00:00,2025-04-26 22:00:00,2025-04-27 04:00:00,29,Chemicals,2132.56,DELIVERED
SHP-00080,CUST-1036,USSAV,DEHAM,VSL-0077,2024-11-30 14:00:00,2024-12-04 14:00:00,2024-12-07 00:00:00,2024-12-20 14:00:00,2024-12-25 03:00:00,9,Furniture,1103.18,DELAYED
SHP-00312,CUST-1067,AEDXB,ZADUR,VSL-0052,2024-08-14 05:00:00,2024-08-20 05:00:00,,2024-08-28 05:00:00,,24,Machinery,1805.48,CANCELLED
SHP-02678,CUST-1176,GBFXT,KRPUS,VSL-0020,2024-11-30 04:00:00,2024-12-09 04:00:00,2024-12-09 07:00:00,2025-01-12 04:00:00,2025-01-12 02:00:00,16,Raw Materials,755.32,DELIVERED
SHP-02918,CUST-1233,ESVLC,CNSHA,VSL-0053,2024-09-27 14:00:00,2024-09-30 14:00:00,2024-09-30 15:00:00,2024-10-14 14:00:00,2024-10-14 06:00:00,7,Furniture,1517.84,DELIVERED
SHP-02841,CUST-1107,ESVLC,CNSZX,VSL-0040,2025-03-30 17:00:00,2025-04-09 17:00:00,2025-04-10 08:00:00,2025-04-29 17:00:00,2025-05-03 20:00:00,36,Apparel,2273.36,DELAYED
SHP-04683,CUST-1247,ESVLC,USSAV,VSL-0055,2025-06-14 04:00:00,2025-06-22 04:00:00,2025-06-22 04:00:00,2025-07-26 04:00:00,2025-07-26 08:00:00,32,Furniture,2007.05,DELIVERED
SHP-04621,CUST-1118,MYPKG,USNYC,VSL-0017,2024-08-30 15:00:00,2024-09-05 15:00:00,2024-08-29 13:00:00,2024-09-24 15:00:00,2024-09-25 03:00:00,23,Apparel,222.25,DELIVERED
SHP-01860,CUST-1133,CNNGB,HKHKG,VSL-0070,2024-08-27 03:00:00,2024-09-10 03:00:00,2024-09-11 07:00:00,2024-09-19 03:00:00,2024-09-20 18:00:00,21,Pharmaceuticals,295.41,DELAYED
SHP-01691,CUST-1088,CNSHA,SGSIN,VSL-0046,2025-02-28 05:00:00,2025-03-09 05:00:00,2025-03-09 11:00:00,2025-03-19 05:00:00,2025-03-19 05:00:00,22,Apparel,1599.51,DELIVERED
SHP-01351,CUST-1148,KRPUS,USLAX,VSL-0011,2024-11-27 18:00:00,2024-12-07 18:00:00,,2025-01-11 18:00:00,,2,Consumer Goods,1754.84,CANCELLED
SHP-04744,CUST-1115,MYPKG,BRSSZ,VSL-0017,2025-07-10 19:00:00,2025-07-23 19:00:00,2025-07-23 16:00:00,2025-08-06 19:00:00,2025-08-07 02:00:00,1,Furniture,735.66,DELIVERED
SHP-01631,CUST-1002,INMUN,AEDXB,VSL-0022,2024-07-31 11:00:00,2024-08-13 11:00:00,2024-08-16 04:00:00,2024-09-02 11:00:00,2024-09-04 23:00:00,33,Pharmaceuticals,1211.56,DELAYED
SHP-03871,CUST-1234,THBKK,CNSZX,VSL-0040,2025-05-09 01:00:00,2025-05-15 01:00:00,2025-05-07 06:00:00,2025-05-18 01:00:00,2025-05-23 06:00:00,31,Consumer Goods,1517.5,DELAYED
SHP-01907,CUST-1069,BRSSZ,CNSHA,VSL-0028,2025-01-21 01:00:00,2025-01-27 01:00:00,2025-01-28 07:00:00,2025-02-23 01:00:00,2025-02-27 13:00:00,3,Automotive Parts,1023.26,DELAYED
SHP-02426,CUST-1216,EGPSD,BEANR,VSL-0001,2024-10-12 14:00:00,2024-10-25 14:00:00,2024-10-28 10:00:00,2024-11-22 14:00:00,2024-11-29 02:00:00,30,Raw Materials,2311.09,DELAYED
SHP-04108,CUST-1170,CNSHA,CNSZX,VSL-0079,2025-09-06 14:00:00,2025-09-14 14:00:00,2025-09-14 20:00:00,2025-09-24 14:00:00,2025-09-27 09:00:00,35,Furniture,2290.16,DELAYED
SHP-00404,CUST-1235,ESVLC,MYPKG,VSL-0080,2024-10-29 23:00:00,2024-11-02 23:00:00,2024-11-02 23:00:00,2024-11-25 23:00:00,2024-11-26 01:00:00,27,Pharmaceuticals,1314.51,DELIVERED
SHP-01549,CUST-1108,AEDXB,INMUN,VSL-0037,2025-06-22 02:00:00,2025-06-25 02:00:00,2025-06-27 04:00:00,2025-07-13 02:00:00,2025-07-16 02:00:00,26,Pharmaceuticals,154.01,DELAYED
SHP-04938,CUST-1134,EGPSD,CNNGB,VSL-0070,2025-01-09 02:00:00,2025-01-14 02:00:00,2025-01-14 00:00:00,2025-02-09 02:00:00,2025-02-09 09:00:00,16,Apparel,290.28,DELIVERED
SHP-01271,CUST-1107,USNYC,USLAX,VSL-0036,2025-03-21 06:00:00,2025-03-27 06:00:00,2025-03-29 11:00:00,2025-04-05 06:00:00,2025-04-10 15:00:00,28,Pharmaceuticals,1149.81,DELAYED
SHP-02213,CUST-1193,HKHKG,SGSIN,VSL-0065,2025-03-07 21:00:00,2025-03-13 21:00:00,2025-03-14 21:00:00,2025-03-23 21:00:00,2025-03-25 22:00:00,1,Raw Materials,-106.42,DELAYED
SHP-04587,CUST-1043,CNSZX,THBKK,VSL-0046,2025-02-03 22:00:00,2025-02-06 22:00:00,2025-02-08 00:00:00,2025-02-16 22:00:00,2025-02-20 13:00:00,24,Raw Materials,1893.06,DELAYED
SHP-00181,CUST-1197,USLGB,CNSZX,VSL-0051,2025-09-20 11:00:00,2025-09-26 11:00:00,2025-09-28 18:00:00,2025-10-20 11:00:00,2025-10-23 11:00:00,13,Apparel,2111.54,DELAYED
SHP-03620,CUST-1149,GBFXT,NLRTM,VSL-0073,2025-06-10 23:00:00,2025-06-16 23:00:00,2025-06-17 02:00:00,2025-06-26 23:00:00,2025-06-26 15:00:00,12,Electronics,69.32,DELIVERED
SHP-03279,CUST-1033,AEDXB,MYPKG,VSL-0063,2025-08-01 01:00:00,2025-08-12 01:00:00,2025-08-13 08:00:00,2025-09-12 01:00:00,2025-09-15 17:00:00,13,Furniture,1130.36,DELAYED
SHP-02757,CUST-1182,MYPKG,USLAX,VSL-0002,2025-04-23 07:00:00,2025-04-30 07:00:00,2025-04-30 12:00:00,2025-05-15 07:00:00,2025-05-15 04:00:00,36,Furniture,1748.65,DELIVERED
SHP-04046,CUST-1234,BRSSZ,THBKK,VSL-0002,2025-05-08 17:00:00,2025-05-13 17:00:00,2025-05-14 18:00:00,2025-06-11 17:00:00,2025-06-13 06:00:00,26,Machinery,2390.95,DELAYED
SHP-03428,CUST-1024,SGSIN,INMUN,VSL-0044,2024-10-18 23:00:00,2024-10-21 23:00:00,2024-10-22 00:00:00,2024-10-28 23:00:00,2024-10-28 21:00:00,15,Chemicals,1825.31,DELIVERED
SHP-04880,CUST-1219,HKHKG,EGPSD,VSL-0019,2025-06-15 03:00:00,2025-06-22 03:00:00,,2025-07-07 03:00:00,,26,Consumer Goods,2475.65,CANCELLED
SHP-02401,CUST-1024,NLRTM,USNYC,VSL-0062,2024-06-29 09:00:00,2024-07-12 09:00:00,2024-07-12 23:00:00,2024-08-01 09:00:00,2024-08-02 21:00:00,38,Furniture,914.88,DELAYED
SHP-02822,CUST-1012,USNYC,INNSA,VSL-0053,2025-03-12 15:00:00,2025-03-15 15:00:00,2025-03-15 16:00:00,2025-04-11 15:00:00,2025-04-11 07:00:00,3,Apparel,2549.65,DELIVERED
SHP-04571,CUST-1089,ESVLC,AEDXB,VSL-0016,2025-07-30 15:00:00,2025-08-07 15:00:00,2025-08-07 23:00:00,2025-08-24 15:00:00,2025-08-27 08:00:00,27,Consumer Goods,1427.38,DELAYED
SHP-00926,CUST-1123,EGPSD,USLGB,VSL-0054,2024-09-22 07:00:00,2024-09-25 07:00:00,2024-09-25 13:00:00,2024-10-16 07:00:00,2024-10-16 08:00:00,15,Apparel,1677.79,DELIVERED
SHP-01661,CUST-1070,AEDXB,USLGB,VSL-0048,2025-03-30 06:00:00,2025-04-02 06:00:00,2025-04-03 03:00:00,2025-04-28 06:00:00,2025-04-29 00:00:00,40,Automotive Parts,2049.69,DELIVERED
SHP-03688,CUST-1248,INNSA,THBKK,VSL-0048,2025-10-02 03:00:00,2025-10-11 03:00:00,2025-10-12 20:00:00,2025-10-14 03:00:00,2025-10-19 20:00:00,27,Apparel,875.36,DELAYED
SHP-02743,CUST-1169,USLGB,DEHAM,VSL-0012,2024-08-31 01:00:00,2024-09-11 01:00:00,2024-09-11 04:00:00,2024-10-03 01:00:00,2024-10-03 01:00:00,14,Food & Beverage,2221.38,DELIVERED
SHP-02676,CUST-1111,EGPSD,ESVLC,VSL-0036,2025-07-20 17:00:00,2025-07-30 17:00:00,2025-07-30 23:00:00,2025-09-03 17:00:00,2025-09-03 21:00:00,30,Pharmaceuticals,940.47,DELIVERED
SHP-04832,CUST-1081,ZADUR,GBFXT,VSL-0045,2024-09-30 11:00:00,2024-10-09 11:00:00,2024-10-09 07:00:00,2024-10-28 11:00:00,2024-10-28 19:00:00,30,Electronics,62.03,DELIVERED
SHP-02993,CUST-1174,INMUN,USSAV,VSL-0004,2025-05-02 20:00:00,2025-05-05 20:00:00,2025-05-08 17:00:00,2025-05-20 20:00:00,2025-05-24 16:00:00,27,Consumer Goods,2179.2,DELAYED
SHP-02652,CUST-1133,MYPKG,THBKK,VSL-0044,2024-07-25 19:00:00,2024-07-30 19:00:00,2024-08-02 19:00:00,2024-08-04 19:00:00,2024-08-08 17:00:00,39,Consumer Goods,2654.65,DELAYED
SHP-04557,CUST-1053,INNSA,NLRTM,VSL-0016,2024-08-21 15:00:00,2024-08-27 15:00:00,2024-08-27 21:00:00,2024-09-16 15:00:00,2024-09-16 15:00:00,38,Food & Beverage,668.06,DELIVERED
SHP-00830,CUST-1166,CNNGB,KRPUS,VSL-0051,2025-01-29 08:00:00,2025-02-04 08:00:00,2025-02-04 14:00:00,2025-02-08 08:00:00,2025-02-08 03:00:00,35,Apparel,763.99,DELIVERED
SHP-00011,CUST-1214,ESVLC,USNYC,VSL-0021,2024-06-08 03:00:00,2024-06-16 03:00:00,2024-06-19 00:00:00,2024-07-15 03:00:00,2024-07-19 05:00:00,33,Furniture,2579.98,DELAYED
SHP-04159,CUST-1158,SGSIN,JPYOK,VSL-0048,2025-06-11 03:00:00,2025-06-21 03:00:00,2025-06-23 17:00:00,2025-06-29 03:00:00,2025-07-01 13:00:00,28, Chemicals,1237.78,DELAYED
SHP-01610,CUST-1184,INNSA,USNYC,VSL-0019,2024-12-31 03:00:00,2025-01-06 03:00:00,2025-01-08 07:00:00,2025-01-23 03:00:00,2025-01-25 18:00:00,17,Automotive Parts,1201.02,DELAYED
SHP-00010,CUST-1061,HKHKG,KRPUS,VSL-0069,2025-09-05 14:00:00,2025-09-19 14:00:00,2025-09-20 23:00:00,2025-09-28 14:00:00,2025-09-30 19:00:00,31,Furniture,2794.88,DELAYED
SHP-00385,CUST-1244,SGSIN,HKHKG,VSL-0002,2025-01-27 17:00:00,2025-02-09 17:00:00,,2025-02-19 17:00:00,,27,Pharmaceuticals,2298.58,CANCELLED
SHP-01001,CUST-1020,CNSZX,CNSHA,VSL-0073,2025-04-19 13:00:00,2025-04-24 13:00:00,2025-04-24 09:00:00,2025-05-04 13:00:00,2025-05-05 01:00:00,15,Food & Beverage,50.71,DELIVERED
SHP-01000,CUST-1133,USLGB,GBFXT,VSL-0069,2024-07-23 23:00:00,2024-07-28 23:00:00,2024-07-30 22:00:00,2024-08-21 23:00:00,2024-08-25 08:00:00,39,Electronics,921.32,DELAYED
SHP-00510,CUST-1005,JPYOK,INMUN,VSL-0073,2025-07-31 11:00:00,2025-08-12 11:00:00,2025-08-12 17:00:00,2025-08-21 11:00:00,2025-08-21 06:00:00,20,Pharmaceuticals,1342.59,DELIVERED
SHP-02476,CUST-1035,GBFXT,DEHAM,VSL-0040,2024-10-03 15:00:00,2024-10-11 15:00:00,2024-10-11 12:00:00,2024-10-21 15:00:00,2024-10-21 13:00:00,30,Machinery,929.84,DELIVERED
SHP-04852,CUST-1237,ZADUR,CNNGB,VSL-0002,2025-07-10 15:00:00,2025-07-13 15:00:00,2025-07-13 20:00:00,2025-08-03 15:00:00,2025-08-04 00:00:00,8,Apparel,2779.13,DELIVERED
SHP-01953,CUST-1114,INNSA,KRPUS,VSL-0020,2025-08-13 10:00:00,2025-08-17 10:00:00,2025-08-20 02:00:00,2025-08-27 10:00:00,2025-08-31 12:00:00,18,Consumer Goods,396.86,DELAYED
SHP-04381,CUST-1159,USLAX,USNYC,VSL-0076,2024-10-16 15:00:00,2024-10-25 15:00:00,2024-10-25 18:00:00,2024-11-02 15:00:00,2024-11-03 00:00:00,13,Machinery,2653.31,DELIVERED
SHP-00320,CUST-1033,HKHKG,DEHAM,VSL-0077,2025-09-02 18:00:00,2025-09-12 18:00:00,2025-09-14 18:00:00,2025-10-13 18:00:00,2025-10-18 01:00:00,33,Electronics,496.18,DELAYED
SHP-01220,CUST-1186,ESVLC,BRSSZ,VSL-0027,2024-12-10 01:00:00,2024-12-24 01:00:00,2024-12-24 07:00:00,2025-01-17 01:00:00,2025-01-17 05:00:00,31,Food & Beverage,1405.8,DELIVERED
SHP-01846,CUST-1190,USSAV,HKHKG,VSL-0017,2025-10-08 02:00:00,2025-10-16 02:00:00,2025-10-17 02:00:00,2025-11-20 02:00:00,2025-11-21 20:00:00,36,Automotive Parts,1050.66,DELAYED
SHP-00124,CUST-1226,GBFXT,EGPSD,VSL-0054,2025-02-18 05:00:00,2025-03-02 05:00:00,,2025-03-17 05:00:00,,29,Pharmaceuticals,1029.98,CANCELLED
SHP-01436,CUST-1136,HKHKG,USLGB,VSL-0072,2025-03-17 09:00:00,2025-03-23 09:00:00,2025-03-23 16:00:00,2025-04-14 09:00:00,2025-04-16 01:00:00,6,Consumer Goods,1711.93,DELAYED
SHP-04427,CUST-1227,ZADUR,CNSZX,VSL-0020,2025-05-24 17:00:00,2025-06-05 17:00:00,2025-06-05 20:00:00,2025-06-21 17:00:00,2025-06-21 14:00:00,12,Chemicals,2400.93,DELIVERED
SHP-04901,CUST-1140,ESVLC,CNSHA,VSL-0062,2025-03-07 09:00:00,2025-03-16 09:00:00,2025-03-16 12:00:00,2025-04-19 09:00:00,2025-04-19 13:00:00,34,Consumer Goods,766.88,DELIVERED
SHP-01341,CUST-1185,CNSHA,ZADUR,VSL-0077,2025-04-06 14:00:00,2025-04-14 14:00:00,2025-04-14 15:00:00,2025-05-04 14:00:00,2025-05-05 18:00:00,7,Food & Beverage,1395.72,DELAYED
SHP-04947,CUST-1150,AEDXB,THBKK,VSL-0070,2024-12-05 06:00:00,2024-12-14 06:00:00,2024-12-14 11:00:00,2025-01-05 06:00:00,2025-01-05 00:00:00,22,Food & Beverage,2660.03,DELIVERED
SHP-02421,CUST-1195,THBKK,AEDXB,VSL-0017,2025-09-04 08:00:00,2025-09-17 08:00:00,2025-09-18 06:00:00,2025-10-22 08:00:00,2025-10-25 04:00:00,9,Pharmaceuticals,1401.18,DELAYED
SHP-03808,CUST-1246,ESVLC,XXTST,VSL-0026,2025-07-07 08:00:00,2025-07-17 08:00:00,2025-07-18 15:00:00,2025-08-21 08:00:00,2025-08-25 16:00:00,14,Food & Beverage,2259.77,DELAYED
SHP-03747,CUST-1207,USSAV,HKHKG,VSL-0055,2024-07-10 16:00:00,2024-07-17 16:00:00,2024-07-17 14:00:00,2024-08-10 16:00:00,2024-08-10 10:00:00,13,Food & Beverage,2434.84,DELIVERED
SHP-01500,CUST-1130,CNSHA,INMUN,VSL-0011,2025-05-23 09:00:00,2025-05-27 09:00:00,2025-05-27 09:00:00,2025-06-05 09:00:00,2025-06-05 12:00:00,2,Chemicals,1735.74,DELIVERED
SHP-04349,CUST-1121,NLRTM,JPYOK,VSL-0052,2024-12-15 07:00:00,2024-12-18 07:00:00,2024-12-18 09:00:00,2025-01-05 07:00:00,2025-01-05 06:00:00,2,Automotive Parts,2175.14,DELIVERED
SHP-02483,CUST-1107,JPYOK,AEDXB,VSL-0064,2025-02-22 01:00:00,2025-03-04 01:00:00,2025-03-04 02:00:00,2025-03-31 01:00:00,2025-03-31 07:00:00,38,Apparel,939.11,DELIVERED
SHP-02558,CUST-1139,BEANR,CNSZX,VSL-0013,2024-11-22 13:00:00,2024-12-05 13:00:00,2024-12-05 15:00:00,2025-01-07 13:00:00,2025-01-07 18:00:00,40,Chemicals,444.33,DELIVERED
SHP-00502,CUST-1006,INNSA,MYPKG,VSL-0040,2024-06-13 00:00:00,2024-06-24 00:00:00,2024-06-24 06:00:00,2024-06-28 00:00:00,2024-06-28 07:00:00,34,Furniture,919.36,DELIVERED
SHP-01356,CUST-1061,JPYOK,ZADUR,VSL-0010,2024-09-29 09:00:00,2024-10-09 09:00:00,2024-10-09 15:00:00,2024-10-30 09:00:00,2024-10-30 06:00:00,33,Furniture,1312.58,DELIVERED
SHP-01623,CUST-1210,USLGB,CNSZX,VSL-0035,2025-01-27 02:00:00,2025-02-01 02:00:00,2025-02-03 19:00:00,2025-02-20 02:00:00,2025-02-22 21:00:00,15,Raw Materials,702.28,DELAYED
SHP-00240,CUST-1133,JPYOK,PKKAR,VSL-0040,2024-07-31 21:00:00,2024-08-07 21:00:00,2024-08-08 02:00:00,2024-08-12 21:00:00,2024-08-13 04:00:00,38,APPAREL,1059.92,DELIVERED
SHP-02474,CUST-1172,USNYC,USLAX,VSL-0065,2025-06-19 22:00:00,2025-07-01 22:00:00,2025-07-04 10:00:00,2025-07-08 22:00:00,2025-07-14 05:00:00,34,Food & Beverage,1590.47,DELAYED
SHP-02006,CUST-1247,INMUN,INNSA,VSL-0029,2025-10-09 01:00:00,2025-10-13 01:00:00,2025-10-12 22:00:00,2025-10-16 01:00:00,2025-10-16 10:00:00,27,Pharmaceuticals,436.62,DELIVERED
SHP-00532,CUST-1030,HKHKG,AEDXB,VSL-0019,2025-04-23 07:00:00,2025-04-26 07:00:00,2025-04-26 09:00:00,2025-05-10 07:00:00,2025-05-13 01:00:00,17,Food & Beverage,409.98,DELAYED
SHP-01048,CUST-1025,KRPUS,ZADUR,VSL-0030,2025-07-21 17:00:00,2025-07-24 17:00:00,2025-07-24 23:00:00,2025-08-25 17:00:00,2025-08-25 23:00:00,2,Electronics,1737.55,DELIVERED
SHP-00174,CUST-1111,DEHAM,CNNGB,VSL-0043,2024-12-27 20:00:00,2025-01-04 20:00:00,2025-01-04 17:00:00,2025-01-18 20:00:00,2025-01-19 05:00:00,1,Electronics,2670.95,DELIVERED
SHP-03467,CUST-1116,KRPUS,HKHKG,VSL-0057,2024-11-15 15:00:00,2024-11-28 15:00:00,2024-11-28 17:00:00,2024-12-05 15:00:00,2024-12-05 18:00:00,38,Apparel,301.75,DELIVERED
SHP-04736,CUST-1122,INNSA,JPYOK,VSL-0079,2024-07-28 10:00:00,2024-07-31 10:00:00,2024-07-31 10:00:00,2024-08-10 10:00:00,2024-08-10 09:00:00,26,Furniture,241.92,DELIVERED
SHP-00361,CUST-1011,INMUN,DEHAM,VSL-0066,2025-06-26 08:00:00,2025-07-03 08:00:00,2025-06-24 18:00:00,2025-07-21 08:00:00,2025-07-21 07:00:00,22,Chemicals,2487.69,DELIVERED
SHP-03970,CUST-1189,ZADUR,INNSA,VSL-0029,2024-11-17 22:00:00,2024-11-22 22:00:00,2024-11-22 18:00:00,2024-12-24 22:00:00,2024-12-24 17:00:00,26,Pharmaceuticals,997.29,DELIVERED
SHP-01912,CUST-1204,EGPSD,USLAX,VSL-0034,2025-06-01 19:00:00,2025-06-09 19:00:00,2025-06-12 06:00:00,2025-07-02 19:00:00,2025-07-07 16:00:00,34,Apparel,515.14,DELAYED
SHP-03134,CUST-1115,INMUN,CNSHA,VSL-0019,2025-04-01 18:00:00,2025-04-15 18:00:00,2025-04-17 09:00:00,2025-04-22 18:00:00,2025-04-24 19:00:00,16,Raw Materials,680.11,DELAYED
SHP-00454,CUST-1202,CNSZX,HKHKG,VSL-0067,2024-06-22 09:00:00,2024-06-30 09:00:00,2024-06-30 13:00:00,2024-07-08 09:00:00,2024-07-08 15:00:00,22,Consumer Goods,858.99,DELIVERED
SHP-01036,CUST-1103,USLGB,MYPKG,VSL-0017,2025-01-18 01:00:00,2025-02-01 01:00:00,2025-02-01 02:00:00,2025-02-23 01:00:00,2025-02-23 13:00:00,33,Food & Beverage,1399.63,DELIVERED
SHP-02863,CUST-1067,USLAX,USLGB,VSL-0019,2025-04-26 12:00:00,2025-05-04 12:00:00,2025-05-05 07:00:00,2025-05-11 12:00:00,2025-05-13 20:00:00,17,Machinery,886.36,DELAYED
SHP-00630,CUST-1048,USLGB,THBKK,VSL-0006,2024-09-26 10:00:00,2024-10-02 10:00:00,2024-10-02 13:00:00,2024-10-29 10:00:00,2024-10-31 04:00:00,12,Consumer Goods,315.95,DELAYED
SHP-03083,CUST-1095,AEDXB,SGSIN,VSL-0011,2025-08-16 23:00:00,2025-08-23 23:00:00,2025-08-24 01:00:00,2025-09-25 23:00:00,2025-09-25 22:00:00,10,Apparel,1776.82,DELIVERED
SHP-00917,CUST-1090,MYPKG,PKKAR,VSL-0047,2024-10-30 13:00:00,2024-11-08 13:00:00,2024-11-08 17:00:00,2024-11-15 13:00:00,2024-11-15 07:00:00,12,Food & Beverage,1330.84,DELIVERED
SHP-00487,CUST-1072,HKHKG,INMUN,VSL-0075,2024-08-12 17:00:00,2024-08-23 17:00:00,2024-08-23 14:00:00,2024-08-29 17:00:00,2024-08-30 03:00:00,22,Pharmaceuticals,213.16,DELIVERED
SHP-02457,CUST-1031,GBFXT,DEHAM,VSL-0015,2025-07-21 06:00:00,2025-08-03 06:00:00,2025-08-03 09:00:00,2025-08-07 06:00:00,2025-08-07 10:00:00,40,Furniture,1774.98,DELIVERED
SHP-01849,CUST-1235,BEANR,USLGB,VSL-0057,2025-05-18 22:00:00,2025-05-28 22:00:00,2025-05-28 23:00:00,2025-06-18 22:00:00,2025-06-19 07:00:00,29,Consumer Goods,2368.71,DELIVERED
SHP-02795,CUST-1102,GBFXT,MYPKG,VSL-0059,2024-11-20 03:00:00,2024-12-01 03:00:00,2024-12-01 02:00:00,2024-12-27 03:00:00,2024-12-27 09:00:00,8,Furniture,1561.19,DELIVERED
SHP-02055,CUST-1195,MYPKG,KRPUS,VSL-0033,2024-12-02 01:00:00,2024-12-15 01:00:00,2024-12-15 04:00:00,2024-12-20 01:00:00,2024-12-19 21:00:00,4,Electronics,1592.72,DELIVERED
SHP-01730,CUST-1028,ZADUR,ESVLC,VSL-0048,2024-11-22 04:00:00,2024-11-26 04:00:00,2024-11-26 03:00:00,2024-12-14 04:00:00,2024-12-14 03:00:00,36,Pharmaceuticals,1339.57,DELIVERED
SHP-01375,CUST-1005,USSAV,USLGB,VSL-0019,2025-05-02 20:00:00,2025-05-07 20:00:00,2025-05-08 20:00:00,2025-05-13 20:00:00,2025-05-15 19:00:00,39,Pharmaceuticals,301.52,DELAYED
SHP-00966,CUST-1062,PKKAR,USLGB,VSL-0006,2025-01-07 02:00:00,2025-01-18 02:00:00,2025-01-21 02:00:00,2025-02-18 02:00:00,2025-02-21 07:00:00,26,Chemicals,2212.17,DELAYED
SHP-00719,CUST-1133,EGPSD,THBKK,VSL-0045,2024-06-08 06:00:00,2024-06-19 06:00:00,2024-06-21 06:00:00,2024-07-04 06:00:00,2024-07-07 19:00:00,6,Pharmaceuticals,2632.91,DELAYED
SHP-01194,CUST-1234,CNSZX,BEANR,VSL-0076,2024-11-05 04:00:00,2024-11-19 04:00:00,2024-11-19 02:00:00,2024-12-08 04:00:00,2024-12-08 07:00:00,6,Furniture,224.73,DELIVERED
SHP-02803,CUST-1167,INMUN,SGSIN,VSL-0006,2025-05-08 04:00:00,2025-05-11 04:00:00,2025-05-11 02:00:00,2025-05-21 04:00:00,2025-05-21 11:00:00,14,Chemicals,2692.07,DELIVERED
SHP-00610,CUST-1249,NLRTM,CNNGB,VSL-0070,2024-06-02 03:00:00,2024-06-10 03:00:00,,2024-06-25 03:00:00,,12,Electronics,1020.64,Complete
SHP-03542,CUST-1227,NLRTM,ESVLC,VSL-0057,2025-03-14 15:00:00,2025-03-28 15:00:00,2025-03-29 17:00:00,2025-04-01 15:00:00,2025-04-05 08:00:00,3,Food & Beverage,2078.87,DELAYED
SHP-00308,CUST-1031,ZADUR,INNSA,VSL-0033,2025-06-03 19:00:00,2025-06-14 19:00:00,2025-06-14 16:00:00,2025-07-06 19:00:00,2025-07-06 17:00:00,5,Food & Beverage,363.76,DELIVERED
SHP-00096,CUST-1221,INMUN,MYPKG,VSL-0023,2024-06-19 17:00:00,2024-06-25 17:00:00,2024-06-26 21:00:00,2024-07-05 17:00:00,2024-07-07 07:00:00,32,Consumer Goods,785.05,DELAYED
SHP-04493,CUST-1077,GBFXT,HKHKG,VSL-0052,2024-11-07 15:00:00,2024-11-15 15:00:00,2024-11-15 16:00:00,2024-12-03 15:00:00,2024-12-03 19:00:00,37,Chemicals,2598.52,DELIVERED
SHP-01374,CUST-1033,PKKAR,ESVLC,VSL-0073,2025-04-09 04:00:00,2025-04-13 04:00:00,2025-04-13 00:00:00,2025-05-16 04:00:00,2025-05-16 06:00:00,34,Chemicals,2288.46,DELIVERED
SHP-04420,CUST-1061,XXTST,BRSSZ,VSL-0059,2024-09-20 15:00:00,2024-09-30 15:00:00,,2024-10-31 15:00:00,,14,machinery ,1112.57,CANCELLED
SHP-00218,CUST-1005,SGSIN,USLAX,VSL-0014,2024-11-23 13:00:00,2024-12-07 13:00:00,2024-12-07 17:00:00,2025-01-05 13:00:00,2025-01-05 07:00:00,19,Raw Materials,847.63,DELIVERED
SHP-00878,CUST-1134,JPYOK,USNYC,VSL-0037,2024-08-01 21:00:00,2024-08-12 21:00:00,2024-08-12 22:00:00,2024-08-30 21:00:00,2024-08-30 17:00:00,23,Chemicals,80.78,DELIVERED
SHP-03502,CUST-1146,PKKAR,MYPKG,VSL-0003,2024-07-18 00:00:00,2024-07-28 00:00:00,2024-07-29 09:00:00,2024-08-04 00:00:00,2024-08-06 15:00:00,14,Food & Beverage,800.76,DELAYED
SHP-03116,CUST-1175,EGPSD,MYPKG,VSL-0037,2024-09-09 12:00:00,2024-09-14 12:00:00,2024-09-14 14:00:00,2024-09-30 12:00:00,2024-09-30 18:00:00,34,Food & Beverage,949.07,DELIVERED
SHP-00017,CUST-1044,BEANR,USLAX,VSL-0032,2024-07-08 05:00:00,2024-07-20 05:00:00,2024-07-20 02:00:00,2024-08-10 05:00:00,2024-08-10 08:00:00,12,Consumer Goods,326.26,DELIVERED
SHP-01721,CUST-1028,INMUN,CNNGB,VSL-0030,2025-03-02 17:00:00,2025-03-07 17:00:00,2025-03-08 04:00:00,2025-03-15 17:00:00,2025-03-18 11:00:00,35,Machinery,1617.07,DELAYED
SHP-03323,CUST-1083,PKKAR,MYPKG,VSL-0078,2024-11-09 07:00:00,2024-11-17 07:00:00,2024-11-17 18:00:00,2024-11-22 07:00:00,2024-11-24 21:00:00,24,Electronics,197.78,DELAYED
SHP-02082,CUST-1044,BEANR,SGSIN,VSL-0002,2025-05-17 21:00:00,2025-05-29 21:00:00,2025-05-29 17:00:00,2025-06-30 21:00:00,2025-06-30 14:00:00,34,Automotive Parts,1793.31,DELIVERED
SHP-00130,CUST-1039,USSAV,CNSHA,VSL-0015,2024-10-19 06:00:00,2024-10-26 06:00:00,2024-10-26 10:00:00,2024-11-19 06:00:00,2024-11-19 17:00:00,19,electronics,2318.4,DELIVERED
SHP-00990,CUST-1061,JPYOK,PKKAR,VSL-0067,2024-08-10 20:00:00,2024-08-23 20:00:00,2024-08-23 17:00:00,2024-08-28 20:00:00,2024-08-29 03:00:00,35,Apparel,960.16,DELIVERED
SHP-01521,CUST-1110,AEDXB,GBFXT,VSL-0035,2024-12-02 02:00:00,2024-12-05 02:00:00,2024-12-05 03:00:00,2025-01-03 02:00:00,2025-01-03 09:00:00,32,Consumer Goods,105.05,DELIVERED
SHP-00180,CUST-1004,CNNGB,CNSZX,VSL-0078,2024-11-21 14:00:00,2024-11-28 14:00:00,2024-11-29 12:00:00,2024-12-02 14:00:00,2024-12-04 15:00:00,24,Automotive Parts,2539.43,DELAYED
SHP-04771,CUST-1027,THBKK,AEDXB,VSL-0056,2024-10-25 18:00:00,2024-11-01 18:00:00,2024-11-02 00:00:00,2024-11-16 18:00:00,2024-11-16 22:00:00,33,Electronics,1611.91,DELIVERED
SHP-03265,CUST-1086,DEHAM,BEANR,VSL-0058,2024-09-09 22:00:00,2024-09-20 22:00:00,2024-09-21 18:00:00,2024-09-24 22:00:00,2024-09-28 09:00:00,4,Automotive parts,607.14,DELAYED
SHP-00604,CUST-1220,CNSZX,CNNGB,VSL-0014,2024-08-21 15:00:00,2024-08-26 15:00:00,2024-08-26 16:00:00,2024-09-05 15:00:00,2024-09-05 17:00:00,34,Raw Materials,916.75,DELIVERED
SHP-02583,CUST-1181,BEANR,BRSSZ,VSL-0016,2024-12-29 13:00:00,2025-01-10 13:00:00,,2025-02-01 13:00:00,,36,food & beverage,1358.37,Complete
SHP-04126,CUST-1179,JPYOK,THBKK,VSL-0027,2024-09-02 20:00:00,2024-09-13 20:00:00,2024-09-13 21:00:00,2024-09-17 20:00:00,2024-09-17 17:00:00,27, Chemicals,1799.28,DELIVERED
SHP-04313,CUST-1222,INMUN,INNSA,VSL-0017,2025-05-08 20:00:00,2025-05-19 20:00:00,2025-05-22 18:00:00,2025-05-22 20:00:00,2025-05-25 19:00:00,23,Raw Materials,245.48,DELAYED
SHP-04124,CUST-1214,CNSZX,ESVLC,VSL-0002,2024-12-04 18:00:00,2024-12-12 18:00:00,2024-12-13 09:00:00,2025-01-06 18:00:00,2025-01-09 19:00:00,37,Raw Materials,2715.16,DELAYED
SHP-04517,CUST-1051,NLRTM,SGSIN,VSL-0001,2025-05-23 03:00:00,2025-05-31 03:00:00,,2025-06-26 03:00:00,,25,Consumer Goods,345.95,CANCELLED
SHP-04471,CUST-1226,USLGB,USLAX,VSL-0059,2025-06-10 12:00:00,2025-06-15 12:00:00,2025-06-15 08:00:00,2025-06-24 12:00:00,2025-06-24 09:00:00,13,Apparel,1532.64,DELIVERED
SHP-03691,CUST-1225,MYPKG,EGPSD,VSL-0043,2025-06-23 01:00:00,2025-07-02 01:00:00,2025-07-02 13:00:00,2025-07-20 01:00:00,2025-07-23 09:00:00,32,Electronics,2661.52,DELAYED
SHP-04961,CUST-1117,CNNGB,DEHAM,VSL-0078,2024-09-26 12:00:00,2024-09-30 12:00:00,2024-09-30 13:00:00,2024-10-31 12:00:00,2024-11-01 03:00:00,27,Food & Beverage,1168.33,DELIVERED
SHP-03956,CUST-1145,THBKK,CNSHA,VSL-0016,2025-10-08 12:00:00,2025-10-20 12:00:00,2025-10-20 08:00:00,2025-10-26 12:00:00,2025-10-26 12:00:00,27,Electronics,1536.0,DELIVERED
SHP-01437,CUST-1150,MYPKG,THBKK,VSL-0067,2024-07-06 20:00:00,2024-07-15 20:00:00,2024-07-16 02:00:00,2024-07-24 20:00:00,2024-07-25 01:00:00,32,Apparel,2597.78,DELIVERED
SHP-03667,CUST-1077,BEANR,CNSHA,VSL-0055,2025-02-02 05:00:00,2025-02-15 05:00:00,2025-02-16 15:00:00,2025-03-20 05:00:00,2025-03-21 15:00:00,37,Furniture,2119.78,DELAYED
SHP-03675,CUST-1229,USLAX,USNYC,VSL-0001,2024-08-22 15:00:00,2024-08-30 15:00:00,2024-09-01 18:00:00,2024-09-02 15:00:00,2024-09-06 11:00:00,30,Pharmaceuticals,2701.88,DELAYED
SHP-00376,CUST-1033,INMUN,ESVLC,VSL-0003,2024-06-02 02:00:00,2024-06-15 02:00:00,2024-06-15 02:00:00,2024-07-05 02:00:00,2024-07-05 12:00:00,19,Machinery,1091.7,DELIVERED
SHP-00950,CUST-1249,DEHAM,USSAV,VSL-0040,2025-02-14 20:00:00,2025-02-27 20:00:00,2025-02-27 16:00:00,2025-03-17 20:00:00,2025-03-18 05:00:00,25,Electronics,2527.59,DELIVERED
SHP-04253,CUST-1034,USLGB,CNNGB,VSL-0014,2025-03-01 22:00:00,2025-03-13 22:00:00,2025-03-15 10:00:00,2025-04-03 22:00:00,2025-04-08 15:00:00,26,Consumer Goods,625.33,DELAYED
SHP-02869,CUST-1124,USLGB,ESVLC,VSL-0029,2024-10-01 13:00:00,2024-10-04 13:00:00,2024-10-05 02:00:00,2024-10-21 13:00:00,2024-10-23 11:00:00,35,Automotive Parts,1574.97,DELAYED
SHP-00637,CUST-1042,USSAV,INMUN,VSL-0061,2024-08-14 11:00:00,2024-08-24 11:00:00,2024-08-26 21:00:00,2024-09-23 11:00:00,2024-09-25 15:00:00,16,Pharmaceuticals,2174.21,DELAYED
SHP-03108,CUST-1222,THBKK,AEDXB,VSL-0073,2025-06-20 03:00:00,2025-07-01 03:00:00,2025-06-30 23:00:00,2025-07-17 03:00:00,2025-07-16 23:00:00,39,Raw Materials,2018.65,DELIVERED
SHP-03353,CUST-1098,KRPUS,USSAV,VSL-0070,2024-09-18 21:00:00,2024-09-29 21:00:00,2024-10-01 22:00:00,2024-10-23 21:00:00,2024-10-25 23:00:00,36,Electronics,2444.68,DELAYED
SHP-03080,CUST-1188,CNNGB,THBKK,VSL-0071,2025-01-30 06:00:00,2025-02-09 06:00:00,2025-02-09 18:00:00,2025-02-13 06:00:00,2025-02-15 10:00:00,1,Chemicals,1933.83,DELAYED
SHP-04424,CUST-1104,AEDXB,ESVLC,VSL-0079,2025-02-02 00:00:00,2025-02-06 00:00:00,2025-02-06 02:00:00,2025-03-07 00:00:00,2025-03-07 04:00:00,28,Apparel,243.44,DELIVERED
SHP-00861,CUST-1222,CNNGB,DEHAM,VSL-0065,2024-09-05 01:00:00,2024-09-14 01:00:00,2024-09-13 23:00:00,2024-10-08 01:00:00,2024-10-07 22:00:00,14,Machinery,724.35,DELIVERED
SHP-02370,CUST-1052,BRSSZ,USLAX,VSL-0054,2024-10-20 04:00:00,2024-11-01 04:00:00,2024-11-03 10:00:00,2024-11-09 04:00:00,2024-11-11 04:00:00,9,Machinery,423.74,DELAYED
SHP-02724,CUST-1108,NLRTM,INNSA,VSL-0069,2024-11-20 22:00:00,2024-11-30 22:00:00,2024-12-01 01:00:00,2024-12-14 22:00:00,2024-12-14 21:00:00,19,Raw Materials,1280.12,DELIVERED
SHP-03775,CUST-1119,NLRTM,INNSA,VSL-0021,2025-04-30 23:00:00,2025-05-13 23:00:00,2025-05-15 05:00:00,2025-06-16 23:00:00,2025-06-21 00:00:00,32,Electronics,776.47,DELAYED
SHP-00203,CUST-1108,CNSZX,USNYC,VSL-0034,2025-05-05 10:00:00,2025-05-10 10:00:00,2025-05-10 09:00:00,2025-05-24 10:00:00,2025-05-24 15:00:00,31,Pharmaceuticals,328.85,DELIVERED
SHP-04858,CUST-1238,THBKK,USSAV,VSL-0042,2024-07-14 01:00:00,2024-07-20 01:00:00,2024-07-21 04:00:00,2024-08-14 01:00:00,2024-08-17 22:00:00,14,Automotive Parts,2306.75,DELAYED
SHP-01597,CUST-1040,HKHKG,BEANR,VSL-0058,2024-12-20 07:00:00,2024-12-30 07:00:00,2024-12-30 19:00:00,2025-01-16 07:00:00,2025-01-17 11:00:00,7,Chemicals,2770.73,DELAYED
SHP-04098,CUST-1035,THBKK,PKKAR,VSL-0049,2024-07-15 15:00:00,2024-07-21 15:00:00,2024-07-22 18:00:00,2024-07-26 15:00:00,2024-07-29 07:00:00,26,Automotive Parts,1170.43,DELAYED
SHP-00190,CUST-1085,GBFXT,USNYC,VSL-0066,2025-09-11 03:00:00,2025-09-24 03:00:00,2025-09-24 06:00:00,2025-10-22 03:00:00,2025-10-21 22:00:00,18,Food & Beverage,1242.39,DELIVERED
SHP-00750,CUST-1110,HKHKG,THBKK,VSL-0076,2025-02-27 20:00:00,2025-03-03 20:00:00,2025-03-05 23:00:00,2025-03-10 20:00:00,2025-03-16 03:00:00,37,Chemicals,1658.83,DELAYED
SHP-02072,CUST-1242,THBKK,MYPKG,VSL-0012,2025-07-28 02:00:00,2025-08-09 02:00:00,2025-08-10 14:00:00,2025-08-18 02:00:00,2025-08-22 22:00:00,6,Food & Beverage,402.07,DELAYED
SHP-03770,CUST-1093,PKKAR,EGPSD,VSL-0037,2024-12-16 23:00:00,2024-12-22 23:00:00,,2025-01-09 23:00:00,,24,Food & Beverage,1520.78,N/A
SHP-03417,CUST-1057,BEANR,EGPSD,VSL-0043,2024-12-18 10:00:00,2024-12-25 10:00:00,2024-12-25 14:00:00,2025-01-26 10:00:00,2025-01-26 09:00:00,32,Food & Beverage,785.38,DELIVERED
SHP-03976,CUST-1167,DEHAM,THBKK,VSL-0072,2024-07-07 22:00:00,2024-07-19 22:00:00,2024-07-20 17:00:00,2024-08-17 22:00:00,2024-08-18 13:00:00,8,Electronics,1775.52,DELIVERED
SHP-03393,CUST-1080,USLGB,INMUN,VSL-0043,2024-11-22 21:00:00,2024-12-06 21:00:00,2024-12-09 10:00:00,2025-01-07 21:00:00,2025-01-13 06:00:00,21,Furniture,2170.31,DELAYED
SHP-01365,CUST-1136,ESVLC,NLRTM,VSL-0014,2024-06-25 03:00:00,2024-06-28 03:00:00,2024-06-28 07:00:00,2024-07-07 03:00:00,2024-07-07 07:00:00,6,Consumer Goods,155.03,DELIVERED
SHP-02840,CUST-1161,USNYC,MYPKG,VSL-0069,2024-06-22 12:00:00,2024-06-30 12:00:00,2024-06-30 16:00:00,2024-08-04 12:00:00,2024-08-04 23:00:00,24, Chemicals,1818.64,DELIVERED
SHP-03618,CUST-1153,DEHAM,CNSHA,VSL-0039,2025-03-15 06:00:00,2025-03-18 06:00:00,2025-03-18 05:00:00,2025-04-11 06:00:00,2025-04-11 15:00:00,2,food & beverage,1840.43,DELIVERED
SHP-04142,CUST-1099,CNSHA,PKKAR,VSL-0010,2025-04-23 10:00:00,2025-05-01 10:00:00,2025-05-03 05:00:00,2025-05-07 10:00:00,2025-05-13 01:00:00,7,Apparel,2549.89,DELAYED
SHP-03414,CUST-1172,KRPUS,INMUN,VSL-0062,2025-03-28 06:00:00,2025-04-01 06:00:00,2025-04-04 03:00:00,2025-04-11 06:00:00,2025-04-16 12:00:00,31,Electronics,1540.82,DELAYED
SHP-01111,CUST-1011,DEHAM,CNNGB,VSL-0059,2025-06-12 07:00:00,2025-06-22 07:00:00,,2025-07-24 07:00:00,,17,Food & Beverage,1444.57,CANCELLED
SHP-04089,CUST-1096,CNSZX,INNSA,VSL-0039,2024-08-23 00:00:00,2024-08-26 00:00:00,2024-08-28 01:00:00,2024-09-05 00:00:00,2024-09-10 04:00:00,9,Pharmaceuticals,1490.66,DELAYED
SHP-03366,CUST-1208,PKKAR,DEHAM,VSL-0002,2024-06-30 07:00:00,2024-07-10 07:00:00,2024-07-11 16:00:00,2024-08-12 07:00:00,2024-08-14 06:00:00,4,Food & Beverage,2607.68,DELAYED
SHP-04080,CUST-1156,AEDXB,NLRTM,VSL-0001,2024-08-20 16:00:00,2024-08-28 16:00:00,2024-08-28 20:00:00,2024-09-24 16:00:00,2024-09-24 22:00:00,32,Apparel,2367.88,DELIVERED
SHP-01968,CUST-1011,INMUN,AEDXB,VSL-0067,2024-09-25 23:00:00,2024-10-05 23:00:00,2024-10-08 12:00:00,2024-11-07 23:00:00,2024-11-14 07:00:00,22,Electronics,263.53,DELAYED
SHP-00473,CUST-1084,USSAV,ZZZZZ,VSL-0050,2025-03-07 09:00:00,2025-03-18 09:00:00,2025-03-18 12:00:00,2025-04-09 09:00:00,2025-04-12 09:00:00,5,Food & Beverage,1521.43,DELAYED
SHP-02742,CUST-1059,CNNGB,USNYC,VSL-0066,2025-10-08 23:00:00,2025-10-21 23:00:00,2025-10-23 15:00:00,2025-11-22 23:00:00,2025-11-26 04:00:00,3,Chemicals,2240.08,DELAYED
SHP-02158,CUST-1127,ESVLC,SGSIN,VSL-0017,2024-10-28 07:00:00,2024-11-01 07:00:00,2024-11-01 10:00:00,2024-12-06 07:00:00,2024-12-08 16:00:00,29,Consumer Goods,2715.35,DELAYED
SHP-01159,CUST-1049,CNSHA,USLGB,VSL-0053,2025-06-16 14:00:00,2025-06-28 14:00:00,2025-06-28 10:00:00,2025-07-30 14:00:00,2025-07-30 07:00:00,17,Chemicals,1982.06,DELIVERED
SHP-00501,CUST-1170,ESVLC,EGPSD,VSL-0037,2025-04-23 00:00:00,2025-05-03 00:00:00,,2025-05-26 00:00:00,,10,Apparel,1924.59,CANCELLED
SHP-04422,CUST-1106,USLGB,HKHKG,VSL-0055,2024-12-14 02:00:00,2024-12-23 02:00:00,2024-12-23 06:00:00,2025-01-18 02:00:00,2025-01-18 07:00:00,30,Raw Materials,586.76,DELIVERED
SHP-04921,CUST-1030,DEHAM,THBKK,VSL-0054,2025-08-31 07:00:00,2025-09-12 07:00:00,2025-09-12 04:00:00,2025-09-27 07:00:00,2025-09-27 07:00:00,26,Consumer Goods,1498.67,DELIVERED
SHP-03015,CUST-1038,ZADUR,ESVLC,VSL-0037,2025-08-04 09:00:00,2025-08-17 09:00:00,2025-08-17 07:00:00,2025-09-07 09:00:00,2025-09-07 02:00:00,5,electronics,957.35,DELIVERED
SHP-02600,CUST-1053,USLGB,KRPUS,VSL-0061,2025-04-08 07:00:00,2025-04-21 07:00:00,2025-04-21 11:00:00,2025-05-21 07:00:00,2025-05-21 15:00:00,13,FURNITURE,1133.71,DELIVERED
SHP-04119,CUST-1041,MYPKG,HKHKG,VSL-0009,2024-11-09 21:00:00,2024-11-19 21:00:00,2024-11-20 15:00:00,2024-11-27 21:00:00,2024-12-02 04:00:00,24,Food & Beverage,407.48,DELAYED
SHP-03857,CUST-1068,INNSA,KRPUS,VSL-0076,2025-07-09 01:00:00,2025-07-15 01:00:00,2025-07-17 00:00:00,2025-07-23 01:00:00,2025-07-25 03:00:00,38,Apparel,2154.3,DELAYED
SHP-01614,CUST-1054,BEANR,INMUN,VSL-0069,2024-10-20 17:00:00,2024-11-01 17:00:00,2024-11-03 17:00:00,2024-11-20 17:00:00,2024-11-25 08:00:00,14,Chemicals,53.18,DELAYED
SHP-00891,CUST-1082,HKHKG,USNYC,VSL-0064,2025-01-16 22:00:00,2025-01-21 22:00:00,2025-01-22 00:00:00,2025-02-23 22:00:00,2025-02-23 17:00:00,11, Chemicals,2028.45,DELIVERED
SHP-01244,CUST-1171,MYPKG,CNSZX,VSL-0075,2025-08-08 07:00:00,2025-08-22 07:00:00,2025-08-22 16:00:00,2025-08-25 07:00:00,2025-08-26 17:00:00,36,Chemicals,1235.99,DELAYED
SHP-04781,CUST-1131,MYPKG,KRPUS,VSL-0080,2025-06-05 09:00:00,2025-06-18 09:00:00,2025-06-18 10:00:00,2025-06-22 09:00:00,2025-06-22 15:00:00,7,Chemicals,1960.61,DELIVERED
SHP-03978,CUST-1123,JPYOK,DEHAM,VSL-0046,2024-09-04 20:00:00,2024-09-08 20:00:00,2024-09-08 22:00:00,2024-10-01 20:00:00,2024-10-01 21:00:00,33,Food & Beverage,1786.58,DELIVERED
SHP-03107,CUST-1137,PKKAR,ESVLC,VSL-0020,2025-04-30 10:00:00,2025-05-14 10:00:00,2025-05-14 08:00:00,2025-05-31 10:00:00,2025-05-31 12:00:00,27,Furniture,373.58,DELIVERED
SHP-00815,CUST-1027,EGPSD,USSAV,VSL-0052,2025-04-04 05:00:00,2025-04-07 05:00:00,2025-04-07 01:00:00,2025-04-26 05:00:00,2025-04-26 11:00:00,30,Consumer Goods,2528.53,DELIVERED
SHP-00716,CUST-1190,GBFXT,SGSIN,VSL-0079,2024-07-01 03:00:00,2024-07-06 03:00:00,2024-07-06 00:00:00,2024-08-10 03:00:00,2024-08-10 05:00:00,18,Machinery,2145.19,DELIVERED
SHP-03041,CUST-1077,CNNGB,USLGB,VSL-0078,2025-02-24 04:00:00,2025-02-28 04:00:00,2025-02-28 04:00:00,2025-03-29 04:00:00,2025-03-29 00:00:00,16,Furniture,2483.05,DELIVERED
SHP-01919,CUST-1070,USNYC,USLAX,VSL-0006,2024-07-15 23:00:00,2024-07-26 23:00:00,2024-07-28 19:00:00,2024-08-02 23:00:00,2024-08-05 16:00:00,22,Consumer Goods,2717.5,DELAYED
SHP-02097,CUST-1050,THBKK,SGSIN,VSL-0078,2024-08-21 22:00:00,2024-08-28 22:00:00,2024-08-28 21:00:00,2024-08-31 22:00:00,2024-08-31 18:00:00,18,Automotive Parts,557.83,DELIVERED
SHP-03765,CUST-1069,THBKK,DEHAM,VSL-0053,2024-11-22 07:00:00,2024-12-03 07:00:00,2024-12-03 09:00:00,2024-12-27 07:00:00,2024-12-27 08:00:00,13,Raw Materials,665.6,DELIVERED
SHP-02111,CUST-1017,ESVLC,MYPKG,VSL-0077,2024-10-24 03:00:00,2024-11-01 03:00:00,2024-11-01 23:00:00,2024-12-06 03:00:00,2024-12-10 02:00:00,26,Automotive Parts,2514.27,DELAYED
SHP-01065,CUST-1088,MYPKG,KRPUS,VSL-0013,2025-06-14 10:00:00,2025-06-28 10:00:00,2025-06-30 13:00:00,2025-07-02 10:00:00,2025-07-04 23:00:00,38,Raw Materials,2676.97,DELAYED
SHP-03396,CUST-1071,THBKK,EGPSD,VSL-0039,2024-06-14 08:00:00,2024-06-17 08:00:00,2024-06-19 23:00:00,2024-07-12 08:00:00,2024-07-18 21:00:00,32,Automotive Parts,2597.68,DELAYED
SHP-04591,CUST-1091,GBFXT,USLGB,VSL-0065,2025-02-12 03:00:00,2025-02-25 03:00:00,2025-02-25 05:00:00,2025-03-28 03:00:00,2025-03-27 19:00:00,36,Machinery,1282.99,DELIVERED
SHP-03721,CUST-1232,ESVLC,JPYOK,VSL-0066,2025-02-14 06:00:00,2025-02-21 06:00:00,2025-02-21 08:00:00,2025-03-19 06:00:00,2025-03-19 17:00:00,22,Electronics,1371.73,DELIVERED
SHP-02989,CUST-1200,EGPSD,PKKAR,VSL-0061,2024-06-28 22:00:00,2024-07-11 22:00:00,2024-07-11 19:00:00,2024-07-26 22:00:00,2024-07-27 02:00:00,6,food & beverage,949.76,DELIVERED
SHP-02046,CUST-1067,ZADUR,USSAV,VSL-0012,2025-07-28 06:00:00,2025-08-06 06:00:00,2025-08-07 10:00:00,2025-08-29 06:00:00,2025-08-31 03:00:00,20,Food & Beverage,2239.79,DELAYED
SHP-01822,CUST-1044,USLAX,CNNGB,VSL-0005,2024-09-08 21:00:00,2024-09-18 21:00:00,2024-09-20 11:00:00,2024-10-10 21:00:00,2024-10-12 06:00:00,15,Food & Beverage,2370.53,DELAYED
SHP-02559,CUST-1032,ESVLC,KRPUS,VSL-0077,2024-09-30 18:00:00,2024-10-04 18:00:00,2024-10-05 11:00:00,2024-10-30 18:00:00,2024-11-01 09:00:00,2,Automotive Parts,808.34,DELAYED
SHP-01058,CUST-1015,PKKAR,USLAX,VSL-0033,2024-09-30 05:00:00,2024-10-08 05:00:00,2024-10-08 11:00:00,2024-10-27 05:00:00,2024-10-26 21:00:00,20,Raw Materials,1071.08,DELIVERED
SHP-01608,CUST-1202,DEHAM,USSAV,VSL-0072,2025-07-19 22:00:00,2025-07-29 22:00:00,2025-07-31 14:00:00,2025-08-19 22:00:00,2025-08-24 20:00:00,27,Pharmaceuticals,2578.72,DELAYED
SHP-04671,CUST-1084,USLGB,CNNGB,VSL-0068,2024-09-21 02:00:00,2024-09-26 02:00:00,2024-09-27 11:00:00,2024-10-31 02:00:00,2024-11-04 11:00:00,7,Raw Materials,1133.12,DELAYED
SHP-03013,CUST-1176,HKHKG,CNSHA,VSL-0070,2025-09-17 03:00:00,2025-09-30 03:00:00,2025-09-30 08:00:00,2025-10-04 03:00:00,2025-10-03 21:00:00,23,Machinery,2791.48,DELIVERED
SHP-00195,CUST-1206,USLGB,USSAV,VSL-0066,2024-07-13 23:00:00,2024-07-19 23:00:00,2024-07-20 09:00:00,2024-07-26 23:00:00,2024-07-30 23:00:00,19,Automotive Parts,1090.18,DELAYED
SHP-04642,CUST-1112,USSAV,AEDXB,VSL-0058,2024-06-30 15:00:00,2024-07-03 15:00:00,2024-07-05 08:00:00,2024-07-19 15:00:00,2024-07-23 11:00:00,9,Raw Materials,1726.01,DELAYED
SHP-01946,CUST-1021,INMUN,HKHKG,VSL-0066,2025-02-28 10:00:00,2025-03-06 10:00:00,2025-03-08 19:00:00,2025-03-16 10:00:00,2025-03-21 09:00:00,13,Food & Beverage,1902.84,DELAYED
SHP-03701,CUST-1101,CNNGB,INMUN,VSL-0021,2025-08-30 14:00:00,2025-09-05 14:00:00,2025-09-05 13:00:00,2025-09-12 14:00:00,2025-09-12 19:00:00,38,Chemicals,2290.88,DELIVERED
SHP-04005,CUST-1041,PKKAR,BEANR,VSL-0045,2025-06-19 15:00:00,2025-06-23 15:00:00,2025-06-23 21:00:00,2025-07-23 15:00:00,2025-07-23 09:00:00,9,Consumer Goods,1243.16,DELIVERED
SHP-04031,CUST-1083,GBFXT,MYPKG,VSL-0025,2025-05-06 02:00:00,2025-05-20 02:00:00,2025-05-20 08:00:00,2025-06-17 02:00:00,2025-06-16 20:00:00,30,Furniture,173.25,DELIVERED
SHP-00904,CUST-1041,PKKAR,EGPSD,VSL-0032,2025-03-25 15:00:00,2025-04-07 15:00:00,2025-04-08 17:00:00,2025-04-26 15:00:00,2025-04-28 11:00:00,3,Food & Beverage,2014.43,DELAYED
SHP-03875,CUST-1026,KRPUS,ESVLC,VSL-0038,2024-11-13 11:00:00,2024-11-17 11:00:00,2024-11-20 08:00:00,2024-12-06 11:00:00,2024-12-11 17:00:00,32,Machinery,154.33,DELAYED
SHP-04004,CUST-1213,CNSZX,SGSIN,VSL-0043,2024-12-08 05:00:00,2024-12-19 05:00:00,,2024-12-24 05:00:00,,2,Raw Materials,603.09,CANCELLED
SHP-01153,CUST-1064,MYPKG,INNSA,VSL-0007,2024-06-27 12:00:00,2024-07-11 12:00:00,2024-07-11 08:00:00,2024-07-14 12:00:00,2024-07-14 23:00:00,25,Furniture,1413.56,DELIVERED
SHP-04166,CUST-1129,INMUN,JPYOK,VSL-0027,2024-09-09 22:00:00,2024-09-14 22:00:00,2024-09-14 18:00:00,2024-09-21 22:00:00,2024-09-21 20:00:00,39,Machinery,145.75,DELIVERED
SHP-03100,CUST-1024,ZADUR,GBFXT,VSL-0033,2024-11-25 12:00:00,2024-12-02 12:00:00,2024-12-04 02:00:00,2024-12-26 12:00:00,2024-12-29 01:00:00,32,Chemicals,2171.93,DELAYED
SHP-00283,CUST-1125,BRSSZ,USSAV,VSL-0044,2025-01-07 06:00:00,2025-01-21 06:00:00,2025-01-21 10:00:00,2025-01-26 06:00:00,2025-01-26 16:00:00,28,Furniture,1110.93,DELIVERED
SHP-00443,CUST-1047,THBKK,HKHKG,VSL-0015,2025-06-09 13:00:00,2025-06-14 13:00:00,2025-06-17 03:00:00,2025-06-20 13:00:00,2025-06-24 17:00:00,5,Machinery,1742.64,DELAYED
SHP-01517,CUST-1195,THBKK,USLAX,VSL-0069,2025-01-21 14:00:00,2025-01-26 14:00:00,2025-01-29 09:00:00,2025-02-19 14:00:00,2025-02-22 21:00:00,38,Furniture,2111.66,DELAYED
SHP-04617,CUST-1133,JPYOK,SGSIN,VSL-0029,2025-05-08 02:00:00,2025-05-22 02:00:00,2025-05-24 15:00:00,2025-05-25 02:00:00,2025-05-31 04:00:00,38,Automotive Parts,1095.2,DELAYED
SHP-01267,CUST-1117,CNSZX,USLAX,VSL-0017,2025-03-29 11:00:00,2025-04-07 11:00:00,2025-04-07 10:00:00,2025-05-02 11:00:00,2025-05-02 09:00:00,29,Apparel,665.12,DELIVERED
SHP-01688,CUST-1160,USLAX,CNNGB,VSL-0067,2025-05-05 01:00:00,2025-05-11 01:00:00,2025-05-14 01:00:00,2025-06-14 01:00:00,2025-06-17 20:00:00,33,Automotive Parts,935.65,DELAYED
SHP-02620,CUST-1002,ZADUR,KRPUS,VSL-0039,2025-07-19 11:00:00,2025-07-30 11:00:00,2025-07-30 17:00:00,2025-08-18 11:00:00,2025-08-18 05:00:00,16,Apparel,1008.87,DELIVERED
SHP-03991,CUST-1035,ZADUR,USLGB,VSL-0002,2025-09-10 07:00:00,2025-09-24 07:00:00,2025-09-26 10:00:00,2025-10-10 07:00:00,2025-10-12 23:00:00,26,Furniture,866.33,DELAYED
SHP-03780,CUST-1063,CNNGB,BEANR,VSL-0033,2025-02-13 23:00:00,2025-02-19 23:00:00,2025-02-21 23:00:00,2025-03-16 23:00:00,2025-03-20 00:00:00,25,Machinery,1699.29,DELAYED
SHP-03172,CUST-1002,PKKAR,ZADUR,VSL-0043,2025-08-21 04:00:00,2025-08-30 04:00:00,2025-08-30 05:00:00,2025-09-30 04:00:00,2025-09-30 13:00:00,12,Furniture,1848.48,DELIVERED
SHP-03588,CUST-1137,MYPKG,INNSA,VSL-0011,2024-08-23 13:00:00,2024-09-04 13:00:00,2024-09-04 16:00:00,2024-09-13 13:00:00,2024-09-13 18:00:00,6,Furniture,,DELIVERED
SHP-04224,CUST-1143,HKHKG,GBFXT,VSL-0038,2024-09-01 11:00:00,2024-09-14 11:00:00,2024-09-14 16:00:00,2024-10-05 11:00:00,2024-10-05 08:00:00,37,Automotive Parts,813.18,DELIVERED
SHP-02660,CUST-1214,USSAV,AEDXB,VSL-0017,2025-04-03 03:00:00,2025-04-12 03:00:00,2025-04-12 02:00:00,2025-05-06 03:00:00,2025-05-06 10:00:00,17,Furniture,1892.16,DELIVERED
SHP-04265,CUST-1136,ZADUR,DEHAM,VSL-0045,2025-02-03 01:00:00,2025-02-13 01:00:00,2025-02-13 04:00:00,2025-02-28 01:00:00,2025-02-27 17:00:00,27,Consumer Goods,2209.45,DELIVERED
SHP-03719,CUST-1226,CNSHA,USSAV,VSL-0045,2024-12-29 08:00:00,2025-01-12 08:00:00,2025-01-12 11:00:00,2025-02-02 08:00:00,2025-02-02 11:00:00,34,Automotive Parts,1284.93,DELIVERED
SHP-04050,CUST-1172,ZADUR,MYPKG,VSL-0075,2024-06-07 07:00:00,2024-06-20 07:00:00,2024-06-20 12:00:00,2024-07-07 07:00:00,2024-07-08 02:00:00,21,Furniture,1038.74,DELIVERED
SHP-02557,CUST-1068,THBKK,PKKAR,VSL-0065,2024-11-17 04:00:00,2024-12-01 04:00:00,2024-12-01 08:00:00,2024-12-04 04:00:00,2024-12-04 04:00:00,9,Raw Materials,2377.94,DELIVERED
SHP-03622,CUST-1240,USSAV,GBFXT,VSL-0046,2025-03-09 09:00:00,2025-03-20 09:00:00,2025-03-22 03:00:00,2025-04-06 09:00:00,2025-04-11 06:00:00,25,Chemicals,2132.95,DELAYED
SHP-03678,CUST-1246,GBFXT,BRSSZ,VSL-0077,2024-09-25 03:00:00,2024-09-29 03:00:00,2024-09-29 00:00:00,2024-11-03 03:00:00,2024-11-03 13:00:00,38,Chemicals,2307.71,DELIVERED
SHP-02984,CUST-1004,KRPUS,PKKAR,VSL-0015,2025-10-08 09:00:00,2025-10-22 09:00:00,2025-10-24 09:00:00,2025-10-29 09:00:00,2025-11-03 13:00:00,24,Consumer Goods,1394.99,DELAYED
SHP-04397,CUST-1133,USLAX,MYPKG,VSL-0018,2025-02-12 15:00:00,2025-02-23 15:00:00,2025-02-23 17:00:00,2025-03-26 15:00:00,2025-03-27 01:00:00,31,Apparel,1082.23,DELIVERED
SHP-00483,CUST-1205,SGSIN,NLRTM,VSL-0066,2024-12-30 05:00:00,2025-01-06 05:00:00,2025-01-06 22:00:00,2025-01-25 05:00:00,2025-01-25 19:00:00,8,Pharmaceuticals,1599.48,DELIVERED
SHP-02775,CUST-1154,NLRTM,THBKK,VSL-0057,2025-02-27 13:00:00,2025-03-06 13:00:00,2025-03-06 12:00:00,2025-03-27 13:00:00,2025-03-27 08:00:00,4,Raw Materials,1009.27,DELIVERED
SHP-01283,CUST-1209,SGSIN,CNSZX,VSL-0077,2024-09-18 03:00:00,2024-09-25 03:00:00,2024-09-25 00:00:00,2024-10-05 03:00:00,2024-10-05 09:00:00,19,Chemicals,1273.39,DELIVERED
SHP-00965,CUST-1176,USNYC,XXTST,VSL-0045,2024-09-06 06:00:00,2024-09-18 06:00:00,2024-09-18 22:00:00,2024-10-04 06:00:00,2024-10-08 10:00:00,6,machinery ,1693.46,DELAYED
SHP-00691,CUST-1111,SGSIN,EGPSD,VSL-0051,2024-11-09 15:00:00,2024-11-23 15:00:00,2024-11-23 21:00:00,2024-12-10 15:00:00,2024-12-10 23:00:00,11,Furniture,1238.68,DELIVERED
SHP-01970,CUST-1036,MYPKG,SGSIN,VSL-0016,2025-09-08 19:00:00,2025-09-13 19:00:00,,2025-09-16 19:00:00,,32,Apparel,1977.73,CANCELLED
SHP-02375,CUST-1051,USLAX,CNSHA,VSL-0027,2024-10-14 17:00:00,2024-10-24 17:00:00,2024-10-24 19:00:00,2024-11-15 17:00:00,2024-11-16 01:00:00,17,Automotive Parts,,DELIVERED
SHP-00114,CUST-1152,BEANR,USSAV,VSL-0050,2024-10-29 20:00:00,2024-11-05 20:00:00,2024-11-05 21:00:00,2024-11-30 20:00:00,2024-11-30 21:00:00,25,Raw Materials,966.02,DELIVERED
SHP-02070,CUST-1085,DEHAM,JPYOK,VSL-0042,2024-12-06 07:00:00,2024-12-18 07:00:00,2024-12-18 03:00:00,2025-01-06 07:00:00,2025-01-05 23:00:00,26,Apparel,2308.36,DELIVERED
SHP-04475,CUST-1060,ZADUR,USLAX,VSL-0016,2024-11-07 19:00:00,2024-11-20 19:00:00,2024-11-22 13:00:00,2024-12-20 19:00:00,2024-12-22 08:00:00,7,Food & Beverage,543.73,DELAYED
SHP-04680,CUST-1059,USLGB,USSAV,VSL-0013,2025-02-23 02:00:00,2025-03-01 02:00:00,2025-02-28 22:00:00,2025-03-05 02:00:00,2025-03-05 01:00:00,40,APPAREL,1209.25,DELIVERED
SHP-01411,CUST-1161,GBFXT,KRPUS,VSL-0053,2024-11-13 02:00:00,2024-11-19 02:00:00,2024-11-18 22:00:00,2024-12-16 02:00:00,2024-12-15 21:00:00,17,Food & Beverage,1796.65,DELIVERED
SHP-02498,CUST-1113,BEANR,CNNGB,VSL-0020,2025-02-11 16:00:00,2025-02-22 16:00:00,2025-02-22 16:00:00,2025-03-14 16:00:00,2025-03-15 04:00:00,19,Electronics,1766.08,DELIVERED
SHP-01077,CUST-1168,EGPSD,THBKK,VSL-0075,2024-11-06 00:00:00,2024-11-11 00:00:00,2024-11-11 02:00:00,2024-12-04 00:00:00,2024-12-04 12:00:00,29,FURNITURE,1690.04,DELIVERED
SHP-00647,CUST-1114,CNSHA,USLGB,VSL-0032,2025-01-17 21:00:00,2025-01-28 21:00:00,2025-01-30 22:00:00,2025-02-11 21:00:00,2025-02-17 04:00:00,34,Chemicals,1670.01,DELAYED
SHP-01268,CUST-1153,HKHKG,USSAV,VSL-0068,2024-12-26 08:00:00,2025-01-03 08:00:00,2025-01-03 06:00:00,2025-01-19 08:00:00,2025-01-19 03:00:00,15,Machinery,2745.14,DELIVERED
SHP-03587,CUST-1081,EGPSD,DEHAM,VSL-0028,2024-09-23 18:00:00,2024-09-28 18:00:00,2024-09-29 02:00:00,2024-10-24 18:00:00,2024-10-26 07:00:00,23,Apparel,1492.89,DELAYED
SHP-00896,CUST-1001,MYPKG,CNSZX,VSL-0022,2024-08-08 07:00:00,2024-08-15 07:00:00,2024-08-15 05:00:00,2024-08-19 07:00:00,2024-08-19 09:00:00,21,Chemicals,1451.87,DELIVERED
SHP-04139,CUST-1103,ESVLC,INMUN,VSL-0065,2025-03-14 05:00:00,2025-03-19 05:00:00,2025-03-19 01:00:00,2025-04-15 05:00:00,2025-04-15 15:00:00,14,Consumer Goods,1713.01,DELIVERED
SHP-04592,CUST-1156,SGSIN,JPYOK,VSL-0017,2025-06-17 05:00:00,2025-06-30 05:00:00,2025-06-30 01:00:00,2025-07-03 05:00:00,2025-07-03 06:00:00,35,Raw Materials,697.71,DELIVERED
SHP-01483,CUST-1203,PKKAR,USLGB,VSL-0053,2025-07-29 19:00:00,2025-08-11 19:00:00,2025-08-11 17:00:00,2025-09-08 19:00:00,2025-09-08 19:00:00,33,Chemicals,,DELIVERED
SHP-02674,CUST-1081,THBKK,ESVLC,VSL-0012,2025-08-31 13:00:00,2025-09-09 13:00:00,2025-09-09 18:00:00,2025-10-09 13:00:00,2025-10-09 08:00:00,21,Consumer Goods,1852.41,DELIVERED
SHP-02702,CUST-1157,JPYOK,BRSSZ,VSL-0080,2025-04-02 07:00:00,2025-04-10 07:00:00,2025-04-10 12:00:00,2025-05-08 07:00:00,2025-05-08 14:00:00,34,Electronics,2106.87,DELIVERED
SHP-00387,CUST-1142,BRSSZ,NLRTM,VSL-0064,2024-07-02 19:00:00,2024-07-16 19:00:00,2024-07-17 03:00:00,2024-08-20 19:00:00,2024-08-24 02:00:00,37,Consumer Goods,1627.89,DELAYED
SHP-04911,CUST-1114,DEHAM,GBFXT,VSL-0025,2025-06-08 18:00:00,2025-06-18 18:00:00,2025-06-18 22:00:00,2025-06-22 18:00:00,2025-06-22 10:00:00,2,Chemicals,208.94,DELIVERED
SHP-04808,CUST-1100,CNNGB,INNSA,VSL-0080,2025-03-25 13:00:00,2025-04-08 13:00:00,2025-04-08 11:00:00,2025-04-15 13:00:00,2025-04-15 20:00:00,27,Consumer Goods,1381.34,DELIVERED
SHP-00528,CUST-1030,THBKK,ESVLC,VSL-0037,2024-06-24 07:00:00,2024-06-28 07:00:00,2024-06-28 04:00:00,2024-07-17 07:00:00,2024-07-17 05:00:00,5,Raw Materials,1786.61,DELIVERED
SHP-03705,CUST-1206,EGPSD,USLAX,VSL-0076,2025-08-13 14:00:00,2025-08-19 14:00:00,2025-08-19 19:00:00,2025-09-10 14:00:00,2025-09-10 19:00:00,22,FURNITURE,837.81,DELIVERED
SHP-00179,CUST-1029,MYPKG,GBFXT,VSL-0067,2025-01-09 05:00:00,2025-01-12 05:00:00,2025-01-12 10:00:00,2025-01-29 05:00:00,2025-01-29 06:00:00,9,Machinery,294.42,DELIVERED
SHP-00266,CUST-1174,USLGB,PKKAR,VSL-0079,2025-04-04 01:00:00,2025-04-11 01:00:00,2025-04-12 21:00:00,2025-05-11 01:00:00,2025-05-13 10:00:00,24,Food & Beverage,877.78,DELAYED
SHP-00182,CUST-1043,JPYOK,KRPUS,VSL-0033,2024-06-11 00:00:00,2024-06-16 00:00:00,2024-06-16 01:00:00,2024-06-19 00:00:00,2024-06-20 10:00:00,36,Food & Beverage,1960.5,DELAYED
SHP-02870,CUST-1216,DEHAM,SGSIN,VSL-0070,2025-08-29 21:00:00,2025-09-04 21:00:00,2025-09-04 19:00:00,2025-10-04 21:00:00,2025-10-04 13:00:00,1,Consumer Goods,404.97,DELIVERED
SHP-00023,CUST-1003,INMUN,USLAX,VSL-0014,2025-06-16 15:00:00,2025-06-24 15:00:00,,2025-07-27 15:00:00,,21,Furniture,1858.61,CANCELLED
SHP-02974,CUST-1019,ESVLC,USLGB,VSL-0021,2024-11-16 14:00:00,2024-11-26 14:00:00,2024-11-26 13:00:00,2024-12-18 14:00:00,2024-12-19 01:00:00,19,Electronics,2749.56,DELIVERED
SHP-02546,CUST-1199,AEDXB,BEANR,VSL-0014,2025-07-28 23:00:00,2025-07-31 23:00:00,2025-08-01 02:00:00,2025-08-31 23:00:00,2025-08-31 15:00:00,34,Chemicals,823.79,DELIVERED
SHP-02685,CUST-1104,AEDXB,CNSHA,VSL-0079,2024-07-06 23:00:00,2024-07-13 23:00:00,2024-07-13 21:00:00,2024-08-12 23:00:00,2024-08-13 02:00:00,35,Pharmaceuticals,1318.3,DELIVERED
SHP-03643,CUST-1088,ESVLC,THBKK,VSL-0057,2024-06-09 04:00:00,2024-06-22 04:00:00,2024-06-24 17:00:00,2024-07-06 04:00:00,2024-07-11 16:00:00,40,Electronics,821.19,DELAYED
SHP-01685,CUST-1097,SGSIN,USLGB,VSL-0064,2025-06-29 19:00:00,2025-07-04 19:00:00,2025-07-07 04:00:00,2025-07-21 19:00:00,2025-07-26 00:00:00,14,Consumer Goods,800.74,DELAYED
SHP-04247,CUST-1151,BRSSZ,EGPSD,VSL-0040,2025-01-25 22:00:00,2025-02-08 22:00:00,2025-02-08 23:00:00,2025-03-11 22:00:00,2025-03-12 04:00:00,10,Machinery,1413.56,DELIVERED
SHP-04151,CUST-1210,SGSIN,GBFXT,VSL-0067,2024-09-09 20:00:00,2024-09-12 20:00:00,2024-09-12 18:00:00,2024-10-12 20:00:00,2024-10-12 14:00:00,28,Electronics,1253.49,DELIVERED
SHP-01992,CUST-1153,BEANR,EGPSD,VSL-0033,2024-07-19 02:00:00,2024-07-26 02:00:00,,2024-08-20 02:00:00,,40,Automotive Parts,1084.11,delivered
SHP-02121,CUST-1131,DEHAM,USLGB,VSL-0061,2024-12-08 23:00:00,2024-12-11 23:00:00,,2025-01-10 23:00:00,,28,Pharmaceuticals,326.65,Complete
SHP-03443,CUST-1103,CNNGB,AEDXB,VSL-0073,2025-06-16 01:00:00,2025-06-28 01:00:00,2025-06-29 15:00:00,2025-08-01 01:00:00,2025-08-03 01:00:00,16,Electronics,2716.18,DELAYED
SHP-04761,CUST-1132,KRPUS,USLGB,VSL-0067,2025-08-17 15:00:00,2025-08-31 15:00:00,2025-08-31 18:00:00,2025-09-30 15:00:00,2025-09-30 15:00:00,7,Food & Beverage,504.7,DELIVERED
SHP-03931,CUST-1245,USSAV,INMUN,VSL-0004,2024-12-22 01:00:00,2025-01-05 01:00:00,2025-01-05 17:00:00,2025-02-03 01:00:00,2025-02-03 16:00:00,13,Electronics,1251.58,DELIVERED
SHP-02276,CUST-1003,GBFXT,JPYOK,VSL-0053,2024-09-14 00:00:00,2024-09-26 00:00:00,,2024-10-15 00:00:00,,31,Consumer Goods,178.46,CANCELLED
SHP-02800,CUST-1239,KRPUS,USLGB,VSL-0028,2025-07-27 21:00:00,2025-08-01 21:00:00,2025-08-02 02:00:00,2025-08-28 21:00:00,2025-08-29 03:00:00,25,Machinery,2583.67,DELIVERED
SHP-01560,CUST-1072,DEHAM,CNSHA,VSL-0021,2025-08-10 05:00:00,2025-08-19 05:00:00,2025-08-19 03:00:00,2025-09-21 05:00:00,2025-09-21 05:00:00,11,Machinery,1489.23,DELIVERED
SHP-00071,CUST-1236,BEANR,KRPUS,VSL-0077,2025-02-02 15:00:00,2025-02-11 15:00:00,2025-02-11 14:00:00,2025-03-07 15:00:00,2025-03-08 01:00:00,29,Chemicals,1406.02,DELIVERED
SHP-01199,CUST-1041,AEDXB,KRPUS,VSL-0053,2025-03-20 13:00:00,2025-04-03 13:00:00,2025-04-04 23:00:00,2025-05-05 13:00:00,2025-05-09 21:00:00,18,Machinery,1541.39,DELAYED
SHP-00092,CUST-1081,USSAV,USNYC,VSL-0052,2025-06-23 04:00:00,2025-07-01 04:00:00,2025-07-01 03:00:00,2025-07-08 04:00:00,2025-07-08 00:00:00,5,Automotive Parts,1621.11,DELIVERED
SHP-01181,CUST-1231,JPYOK,MYPKG,VSL-0036,2025-07-14 04:00:00,2025-07-28 04:00:00,2025-07-28 06:00:00,2025-08-02 04:00:00,2025-08-02 08:00:00,19,Automotive Parts,2225.34,DELIVERED
SHP-02625,CUST-1032,CNSZX,CNSHA,VSL-0069,2025-05-11 09:00:00,2025-05-15 09:00:00,2025-05-17 17:00:00,2025-05-19 09:00:00,2025-05-22 16:00:00,29,Chemicals,1575.32,DELAYED
SHP-04071,CUST-1151,ESVLC,USLAX,VSL-0025,2024-12-02 01:00:00,2024-12-15 01:00:00,2024-12-15 02:00:00,2025-01-19 01:00:00,2025-01-19 04:00:00,34,Food & Beverage,2110.62,DELIVERED
SHP-01519,CUST-1074,BEANR,KRPUS,VSL-0010,2025-04-18 05:00:00,2025-04-25 05:00:00,2025-04-25 07:00:00,2025-05-21 05:00:00,2025-05-21 13:00:00,19,Food & Beverage,858.28,DELIVERED
SHP-02473,CUST-1194,NLRTM,BRSSZ,VSL-0050,2025-09-07 23:00:00,2025-09-14 23:00:00,2025-09-15 03:00:00,2025-10-14 23:00:00,2025-10-14 23:00:00,29,Food & Beverage,2791.54,DELIVERED
SHP-02189,CUST-1205,USLAX,PKKAR,VSL-0070,2025-10-11 12:00:00,2025-10-21 12:00:00,2025-10-21 15:00:00,2025-11-09 12:00:00,2025-11-09 17:00:00,28,Consumer Goods,181.89,DELIVERED
SHP-00649,CUST-1241,KRPUS,ZADUR,VSL-0066,2025-05-04 05:00:00,2025-05-12 05:00:00,,2025-06-16 05:00:00,,25,Food & Beverage,1216.36,
SHP-03337,CUST-1168,PKKAR,DEHAM,VSL-0023,2025-07-30 19:00:00,2025-08-03 19:00:00,2025-08-04 11:00:00,2025-08-29 19:00:00,2025-08-31 01:00:00,34,Raw Materials,2073.76,DELAYED
SHP-03471,CUST-1107,USLGB,AEDXB,VSL-0068,2024-12-19 14:00:00,2024-12-24 14:00:00,2024-12-24 17:00:00,2025-01-20 14:00:00,2025-01-20 15:00:00,31,Consumer Goods,456.55,DELIVERED
SHP-01546,CUST-1001,MYPKG,CNSHA,VSL-0050,2025-01-19 20:00:00,2025-01-25 20:00:00,2025-01-28 03:00:00,2025-01-31 20:00:00,2025-02-06 04:00:00,36,Food & Beverage,735.93,DELAYED
SHP-04677,CUST-1136,USLGB,CNSHA,VSL-0032,2024-11-23 04:00:00,2024-11-26 04:00:00,2024-11-27 18:00:00,2024-12-30 04:00:00,2025-01-03 14:00:00,765,Automotive Parts,484.2,DELAYED
SHP-02923,CUST-1083,USSAV,SGSIN,VSL-0004,2025-07-04 01:00:00,2025-07-12 01:00:00,2025-07-12 16:00:00,2025-08-09 01:00:00,2025-08-09 20:00:00,28,Food & Beverage,1913.16,DELIVERED
SHP-02687,CUST-1155,BRSSZ,ZADUR,VSL-0074,2025-07-30 22:00:00,2025-08-08 22:00:00,2025-08-08 18:00:00,2025-08-27 22:00:00,2025-08-27 22:00:00,24,Consumer Goods,944.43,DELIVERED
SHP-01621,CUST-1155,USLGB,DEHAM,VSL-0021,2025-02-16 08:00:00,2025-02-27 08:00:00,2025-02-27 11:00:00,2025-03-30 08:00:00,2025-03-30 07:00:00,10,Food & Beverage,2469.53,DELIVERED
SHP-02958,CUST-1002,USLAX,CNSHA,VSL-0045,2024-06-01 19:00:00,2024-06-08 19:00:00,2024-06-09 00:00:00,2024-07-05 19:00:00,2024-07-05 13:00:00,39,Food & Beverage,1468.77,DELIVERED
SHP-04445,CUST-1010,EGPSD,INNSA,VSL-0037,2025-08-24 21:00:00,2025-09-04 21:00:00,2025-09-05 01:00:00,2025-09-20 21:00:00,2025-09-20 21:00:00,5,Automotive Parts,411.07,DELIVERED
SHP-03486,CUST-1192,USNYC,JPYOK,VSL-0036,2024-07-09 03:00:00,2024-07-17 03:00:00,2024-07-17 04:00:00,2024-08-06 03:00:00,2024-08-06 06:00:00,36,Chemicals,496.62,DELIVERED
SHP-03385,CUST-1135,SGSIN,USNYC,VSL-0037,2024-10-01 15:00:00,2024-10-12 15:00:00,2024-10-12 20:00:00,2024-11-03 15:00:00,2024-11-03 08:00:00,16,Consumer Goods,1306.98,DELIVERED
SHP-03326,CUST-1187,MYPKG,JPYOK,VSL-0075,2025-08-17 15:00:00,2025-08-31 15:00:00,2025-09-01 00:00:00,2025-09-10 15:00:00,2025-09-14 16:00:00,35,Consumer Goods,1697.4,DELAYED
SHP-04391,CUST-1102,AEDXB,KRPUS,VSL-0079,2024-08-20 17:00:00,2024-09-03 17:00:00,2024-09-03 16:00:00,2024-10-05 17:00:00,2024-10-05 19:00:00,10,Consumer Goods,1299.35,DELIVERED
SHP-01454,CUST-1221,GBFXT,KRPUS,VSL-0034,2024-08-15 14:00:00,2024-08-23 14:00:00,2024-08-24 10:00:00,2024-09-22 14:00:00,2024-09-24 10:00:00,22,Consumer Goods,740.14,DELAYED
SHP-02254,CUST-1219,CNSHA,AEDXB,VSL-0022,2025-02-05 12:00:00,2025-02-19 12:00:00,,2025-03-07 12:00:00,,4,Machinery,2783.74,CANCELLED
SHP-01161,CUST-1218,JPYOK,USLAX,VSL-0054,2025-06-06 04:00:00,2025-06-19 04:00:00,2025-06-21 06:00:00,2025-07-16 04:00:00,2025-07-19 20:00:00,34,Chemicals,601.68,DELAYED
SHP-02415,CUST-1156,MYPKG,CNSZX,VSL-0042,2025-02-15 06:00:00,2025-02-25 06:00:00,2025-02-25 13:00:00,2025-03-06 06:00:00,2025-03-06 18:00:00,40,Furniture,2427.53,DELIVERED
SHP-01295,CUST-1188,EGPSD,USNYC,VSL-0070,2024-07-11 23:00:00,2024-07-17 23:00:00,2024-07-17 20:00:00,2024-08-21 23:00:00,2024-08-21 23:00:00,946,Food & Beverage,2775.45,DELIVERED
SHP-02169,CUST-1192,DEHAM,CNSZX,VSL-0032,2024-12-18 02:00:00,2025-01-01 02:00:00,2025-01-01 09:00:00,2025-01-31 02:00:00,2025-02-01 14:00:00,21,Pharmaceuticals,2780.66,DELAYED
SHP-00466,CUST-1071,INMUN,GBFXT,VSL-0065,2025-05-29 01:00:00,2025-06-09 01:00:00,2025-06-09 13:00:00,2025-07-06 01:00:00,2025-07-09 14:00:00,27,Furniture,54.11,DELAYED
SHP-00578,CUST-1049,USNYC,DEHAM,VSL-0039,2025-08-17 02:00:00,2025-08-22 02:00:00,2025-08-23 22:00:00,2025-09-11 02:00:00,2025-09-15 21:00:00,35,Machinery,2059.65,DELAYED
SHP-03267,CUST-1209,INMUN,CNSHA,VSL-0040,2025-08-16 07:00:00,2025-08-19 07:00:00,2025-08-19 09:00:00,2025-08-26 07:00:00,2025-08-26 10:00:00,4,Consumer Goods,2057.48,DELIVERED
SHP-04564,CUST-1184,USNYC,DEHAM,VSL-0012,2025-05-28 20:00:00,2025-06-01 20:00:00,2025-06-01 21:00:00,2025-06-21 20:00:00,2025-06-21 19:00:00,30,Food & Beverage,79.36,DELIVERED
SHP-04497,CUST-1186,HKHKG,INNSA,VSL-0041,2024-08-27 05:00:00,2024-09-08 05:00:00,2024-09-08 04:00:00,2024-09-18 05:00:00,2024-09-18 07:00:00,39,Electronics,1177.12,DELIVERED
SHP-03295,CUST-1179,NLRTM,JPYOK,VSL-0035,2025-08-04 12:00:00,2025-08-16 12:00:00,2025-08-19 07:00:00,2025-09-15 12:00:00,2025-09-21 10:00:00,32,FURNITURE,67.3,DELAYED
SHP-00698,CUST-1150,INMUN,PKKAR,VSL-0022,2025-08-05 01:00:00,2025-08-18 01:00:00,2025-08-18 04:00:00,2025-08-23 01:00:00,2025-08-23 03:00:00,11,Automotive Parts,2504.39,DELIVERED
SHP-04990,CUST-1176,USLAX,PKKAR,VSL-0004,2025-04-29 05:00:00,2025-05-09 05:00:00,2025-05-09 02:00:00,2025-05-27 05:00:00,2025-05-27 05:00:00,13,Machinery,541.34,DELIVERED
SHP-04047,CUST-1153,AEDXB,EGPSD,VSL-0057,2025-09-20 02:00:00,2025-09-25 02:00:00,2025-09-25 01:00:00,2025-10-03 02:00:00,2025-10-03 00:00:00,23, Chemicals,2250.01,DELIVERED
SHP-00866,CUST-1029,USLAX,HKHKG,VSL-0001,2025-02-04 16:00:00,2025-02-15 16:00:00,2025-02-15 20:00:00,2025-03-15 16:00:00,2025-03-15 08:00:00,17,Pharmaceuticals,1312.67,DELIVERED
SHP-00369,CUST-1120,CNNGB,AEDXB,VSL-0055,2025-06-23 09:00:00,2025-07-04 09:00:00,2025-07-04 11:00:00,2025-07-24 09:00:00,2025-07-24 20:00:00,1,Raw Materials,2025.55,DELIVERED
SHP-01705,CUST-1145,ESVLC,BEANR,VSL-0018,2024-07-12 03:00:00,2024-07-19 03:00:00,2024-07-21 22:00:00,2024-07-24 03:00:00,2024-07-27 08:00:00,10,Furniture,2330.73,DELAYED
SHP-03269,CUST-1227,CNNGB,INMUN,VSL-0059,2025-04-15 18:00:00,2025-04-22 18:00:00,,2025-05-01 18:00:00,,33,Furniture,1735.08,CANCELLED
SHP-01474,CUST-1146,INNSA,CNNGB,VSL-0004,2025-04-17 02:00:00,2025-04-30 02:00:00,,2025-05-08 02:00:00,,6,Chemicals,890.63,
SHP-00757,CUST-1185,CNSHA,BRSSZ,VSL-0019,2024-11-07 23:00:00,2024-11-18 23:00:00,2024-11-20 00:00:00,2024-12-20 23:00:00,2024-12-22 01:00:00,8,Pharmaceuticals,453.49,DELAYED
SHP-04451,CUST-1052,CNSZX,USSAV,VSL-0033,2024-06-17 08:00:00,2024-06-21 08:00:00,2024-06-21 12:00:00,2024-07-09 08:00:00,2024-07-09 13:00:00,26,Furniture,581.22,DELIVERED
SHP-04411,CUST-1096,DEHAM,ZADUR,VSL-0080,2025-03-27 16:00:00,2025-04-06 16:00:00,2025-04-08 15:00:00,2025-05-01 16:00:00,2025-05-03 15:00:00,32,Furniture,382.92,DELAYED
SHP-00379,CUST-1110,NLRTM,PKKAR,VSL-0070,2025-02-13 17:00:00,2025-02-27 17:00:00,2025-02-27 17:00:00,2025-03-23 17:00:00,2025-03-23 21:00:00,11,Furniture,1723.37,DELIVERED
SHP-04904,CUST-1047,USLAX,PKKAR,VSL-0066,2024-09-05 17:00:00,2024-09-18 17:00:00,2024-09-18 15:00:00,2024-10-08 17:00:00,2024-10-08 15:00:00,31,Electronics,279.45,DELIVERED
SHP-03867,CUST-1178,AEDXB,USNYC,VSL-0018,2024-12-16 01:00:00,2024-12-26 01:00:00,2024-12-25 22:00:00,2025-01-17 01:00:00,2025-01-17 07:00:00,593,Chemicals,663.02,DELIVERED
SHP-04270,CUST-1184,JPYOK,ESVLC,VSL-0010,2024-09-21 02:00:00,2024-10-01 02:00:00,2024-10-01 02:00:00,2024-10-31 02:00:00,2024-10-31 02:00:00,37,Furniture,2009.13,DELIVERED
SHP-01677,CUST-1014,PKKAR,BRSSZ,VSL-0068,2024-09-14 18:00:00,2024-09-24 18:00:00,2024-09-24 16:00:00,2024-10-22 18:00:00,2024-10-23 01:00:00,33,Apparel,2756.32,DELIVERED
SHP-03450,CUST-1101,USLAX,PKKAR,VSL-0055,2024-07-02 09:00:00,2024-07-11 09:00:00,2024-07-13 00:00:00,2024-08-04 09:00:00,2024-08-08 00:00:00,38,Consumer Goods,2117.55,DELAYED
SHP-04028,CUST-1054,DEHAM,USNYC,VSL-0055,2025-09-13 22:00:00,2025-09-27 22:00:00,2025-09-27 23:00:00,2025-10-12 22:00:00,2025-10-14 04:00:00,22,Pharmaceuticals,2698.48,DELAYED
SHP-01439,CUST-1182,NLRTM,EGPSD,VSL-0001,2025-04-12 00:00:00,2025-04-17 00:00:00,2025-04-17 17:00:00,2025-05-17 00:00:00,2025-05-18 07:00:00,14,Machinery,2418.49,DELAYED
SHP-02007,CUST-1043,PKKAR,THBKK,VSL-0029,2025-01-27 03:00:00,2025-02-04 03:00:00,2025-02-04 00:00:00,2025-02-09 03:00:00,2025-02-09 12:00:00,17,Pharmaceuticals,742.2,DELIVERED
SHP-00931,CUST-1018,USNYC,USSAV,VSL-0013,2025-04-05 05:00:00,2025-04-17 05:00:00,2025-04-17 09:00:00,2025-04-23 05:00:00,2025-04-22 21:00:00,0,Consumer Goods,2136.87,DELIVERED
SHP-04114,CUST-1131,BEANR,EGPSD,VSL-0060,2024-09-24 21:00:00,2024-10-04 21:00:00,,2024-10-29 21:00:00,,21,Chemicals,2144.14,CANCELLED
SHP-00449,CUST-1155,JPYOK,AEDXB,VSL-0014,2025-07-30 20:00:00,2025-08-03 20:00:00,2025-08-03 20:00:00,2025-09-05 20:00:00,2025-09-06 06:00:00,19,Electronics,2044.61,DELIVERED
SHP-03668,CUST-1214,AEDXB,ESVLC,VSL-0065,2025-09-25 02:00:00,2025-10-08 02:00:00,2025-10-08 00:00:00,2025-10-26 02:00:00,2025-10-26 09:00:00,6,Automotive Parts,670.91,DELIVERED
SHP-04690,CUST-1144,INMUN,HKHKG,VSL-0044,2024-10-04 22:00:00,2024-10-11 22:00:00,2024-10-12 00:00:00,2024-10-15 22:00:00,2024-10-15 15:00:00,5,Food & Beverage,2760.12,DELIVERED
SHP-02444,CUST-1226,BEANR,USLAX,VSL-0028,2025-07-24 11:00:00,2025-08-06 11:00:00,2025-08-09 06:00:00,2025-08-26 11:00:00,2025-08-29 00:00:00,12,Apparel,60.37,DELAYED
SHP-02922,CUST-1243,INNSA,EGPSD,VSL-0001,2025-05-12 18:00:00,2025-05-18 18:00:00,2025-05-18 20:00:00,2025-06-09 18:00:00,2025-06-10 00:00:00,23,Electronics,622.1,DELIVERED
SHP-03639,CUST-1068,THBKK,HKHKG,VSL-0041,2025-01-23 10:00:00,2025-02-04 10:00:00,2025-02-05 11:00:00,2025-02-13 10:00:00,2025-02-15 12:00:00,5,Automotive Parts,247.88,DELAYED
SHP-02409,CUST-1081,PKKAR,THBKK,VSL-0021,2024-11-26 23:00:00,2024-12-04 23:00:00,2024-12-06 09:00:00,2024-12-09 23:00:00,2024-12-11 16:00:00,13,Pharmaceuticals,1403.32,DELAYED
SHP-04709,CUST-1133,AEDXB,DEHAM,VSL-0025,2025-05-14 01:00:00,2025-05-19 01:00:00,2025-05-19 11:00:00,2025-06-09 01:00:00,2025-06-12 13:00:00,36,Electronics,260.89,DELAYED
SHP-03433,CUST-1006,AEDXB,BEANR,VSL-0060,2024-06-07 17:00:00,2024-06-16 17:00:00,2024-06-16 15:00:00,2024-07-17 17:00:00,2024-07-17 21:00:00,2,Furniture,1467.09,DELIVERED
SHP-02402,CUST-1096,ZADUR,CNSHA,VSL-0027,2024-10-25 21:00:00,2024-11-06 21:00:00,2024-11-07 02:00:00,2024-11-28 21:00:00,2024-11-29 05:00:00,11,Pharmaceuticals,1770.55,DELIVERED
SHP-02250,CUST-1135,BRSSZ,EGPSD,VSL-0060,2025-07-20 10:00:00,2025-07-25 10:00:00,2025-07-27 07:00:00,2025-08-29 10:00:00,2025-09-01 05:00:00,25,Consumer Goods,2263.58,DELAYED
SHP-04041,CUST-1230,DEHAM,EGPSD,VSL-0065,2025-07-12 20:00:00,2025-07-15 20:00:00,2025-07-16 11:00:00,2025-08-11 20:00:00,2025-08-12 06:00:00,13,Automotive Parts,1635.51,DELIVERED
SHP-02944,CUST-1073,EGPSD,INMUN,VSL-0011,2025-07-09 05:00:00,2025-07-18 05:00:00,2025-07-18 06:00:00,2025-08-03 05:00:00,2025-08-02 23:00:00,28,Machinery,1798.94,DELIVERED
SHP-03609,CUST-1230,ESVLC,AEDXB,VSL-0080,2024-07-07 17:00:00,2024-07-21 17:00:00,2024-07-21 19:00:00,2024-08-20 17:00:00,2024-08-20 14:00:00,7,Pharmaceuticals,2639.17,DELIVERED
SHP-02845,CUST-1142,USLAX,ZADUR,VSL-0053,2024-12-18 23:00:00,2024-12-27 23:00:00,2024-12-28 20:00:00,2025-01-31 23:00:00,2025-02-04 21:00:00,5,Apparel,621.96,DELAYED
SHP-01978,CUST-1116,CNNGB,EGPSD,VSL-0014,2025-04-20 18:00:00,2025-04-29 18:00:00,2025-04-30 03:00:00,2025-05-26 18:00:00,2025-05-29 12:00:00,34,Consumer Goods,1082.6,DELAYED
SHP-04845,CUST-1087,SGSIN,INNSA,VSL-0068,2025-01-26 19:00:00,2025-02-02 19:00:00,2025-02-05 00:00:00,2025-02-08 19:00:00,2025-02-14 05:00:00,5,Machinery,1612.91,DELAYED
SHP-01809,CUST-1229,JPYOK,USSAV,VSL-0018,2025-01-11 10:00:00,2025-01-15 10:00:00,2025-01-16 11:00:00,2025-02-08 10:00:00,2025-02-09 10:00:00,24,Furniture,1995.74,DELIVERED
SHP-03858,CUST-1031,DEHAM,MYPKG,VSL-0010,2025-05-07 18:00:00,2025-05-19 18:00:00,,2025-06-08 18:00:00,,24,Machinery,308.52,CANCELLED
SHP-01981,CUST-1188,JPYOK,GBFXT,VSL-0058,2024-06-05 12:00:00,2024-06-14 12:00:00,2024-06-15 21:00:00,2024-06-28 12:00:00,2024-07-02 21:00:00,4,Chemicals,1621.68,DELAYED
SHP-00413,CUST-1164,ZADUR,BEANR,VSL-0042,2025-03-13 21:00:00,2025-03-23 21:00:00,2025-03-24 03:00:00,2025-04-07 21:00:00,2025-04-07 14:00:00,24,Consumer Goods,1276.76,DELIVERED
SHP-02522,CUST-1027,BRSSZ,SGSIN,VSL-0007,2025-01-27 13:00:00,2025-02-01 13:00:00,2025-02-01 17:00:00,2025-02-17 13:00:00,2025-02-17 15:00:00,40,Machinery,2410.78,DELIVERED
SHP-00554,CUST-1175,CNSHA,AEDXB,VSL-0016,2025-09-25 05:00:00,2025-10-04 05:00:00,2025-10-04 13:00:00,2025-11-05 05:00:00,2025-11-09 11:00:00,18,Apparel,2311.76,DELAYED
SHP-00652,CUST-1162,AEDXB,MYPKG,VSL-0054,2025-07-08 12:00:00,2025-07-19 12:00:00,2025-07-22 01:00:00,2025-08-05 12:00:00,2025-08-09 00:00:00,3,Apparel,93.43,DELAYED
SHP-00526,CUST-1240,THBKK,DEHAM,VSL-0064,2024-09-29 13:00:00,2024-10-08 13:00:00,2024-10-08 19:00:00,2024-11-06 13:00:00,2024-11-06 18:00:00,38,Electronics,1005.13,DELIVERED
SHP-02508,CUST-1136,HKHKG,PKKAR,VSL-0022,2024-06-16 11:00:00,2024-06-21 11:00:00,2024-06-21 13:00:00,2024-06-28 11:00:00,2024-06-28 14:00:00,7,Consumer Goods,2343.95,DELIVERED
SHP-01672,CUST-1164,SGSIN,CNNGB,VSL-0062,2024-07-04 06:00:00,2024-07-14 06:00:00,2024-07-14 11:00:00,2024-07-20 06:00:00,2024-07-20 15:00:00,27,Consumer Goods,2690.92,DELIVERED
SHP-02343,CUST-1219,CNSZX,ESVLC,VSL-0068,2024-12-26 06:00:00,2024-12-29 06:00:00,2024-12-31 09:00:00,2025-01-20 06:00:00,2025-01-22 03:00:00,24,Chemicals,284.47,DELAYED
SHP-04273,CUST-1091,SGSIN,USLGB,VSL-0037,2025-01-27 11:00:00,2025-02-10 11:00:00,2025-02-10 14:00:00,2025-02-24 11:00:00,2025-02-24 17:00:00,9,Food & Beverage,1379.76,DELIVERED
SHP-00472,CUST-1088,USLGB,NLRTM,VSL-0072,2024-08-07 14:00:00,2024-08-20 14:00:00,2024-08-21 01:00:00,2024-09-16 14:00:00,2024-09-16 21:00:00,7,Food & Beverage,-104.42,DELIVERED
SHP-04483,CUST-1121,PKKAR,THBKK,VSL-0023,2024-08-17 11:00:00,2024-08-22 11:00:00,,2024-08-31 11:00:00,,21,Electronics,2110.56,CANCELLED
SHP-01906,CUST-1064,USNYC,MYPKG,VSL-0024,2025-04-29 21:00:00,2025-05-09 21:00:00,2025-05-12 07:00:00,2025-06-09 21:00:00,2025-06-16 04:00:00,13,Chemicals,1787.94,DELAYED
SHP-02143,CUST-1032,ZADUR,CNSHA,VSL-0031,2024-06-22 00:00:00,2024-06-30 00:00:00,2024-06-30 06:00:00,2024-08-04 00:00:00,2024-08-04 07:00:00,39,Furniture,299.53,DELIVERED
SHP-04069,CUST-1065,USLGB,THBKK,VSL-0061,2024-06-03 12:00:00,2024-06-07 12:00:00,2024-06-08 22:00:00,2024-07-01 12:00:00,2024-07-05 18:00:00,25,Consumer Goods,2230.79,DELAYED
SHP-00592,CUST-1223,CNSHA,DEHAM,VSL-0079,2025-03-22 18:00:00,2025-04-02 18:00:00,2025-04-03 09:00:00,2025-04-30 18:00:00,2025-05-01 15:00:00,7,Electronics,1438.58,DELIVERED
SHP-03069,CUST-1237,JPYOK,THBKK,VSL-0014,2025-08-31 04:00:00,2025-09-06 04:00:00,2025-09-06 07:00:00,2025-09-09 04:00:00,2025-09-08 23:00:00,39,Electronics,2431.36,DELIVERED
SHP-00141,CUST-1245,EGPSD,MYPKG,VSL-0065,2025-05-09 04:00:00,2025-05-15 04:00:00,2025-05-15 05:00:00,2025-06-13 04:00:00,2025-06-13 06:00:00,19,Furniture,719.76,DELIVERED
SHP-02740,CUST-1144,MYPKG,HKHKG,VSL-0050,2025-09-17 20:00:00,2025-09-28 20:00:00,2025-09-28 22:00:00,2025-10-02 20:00:00,2025-10-06 12:00:00,37,Machinery,1662.39,DELAYED
SHP-02361,CUST-1106,BEANR,BRSSZ,VSL-0064,2024-09-02 05:00:00,2024-09-10 05:00:00,2024-09-10 07:00:00,2024-09-25 05:00:00,2024-09-25 13:00:00,627,Consumer Goods,207.43,DELIVERED
SHP-04502,CUST-1079,SGSIN,USLGB,VSL-0033,2024-07-01 02:00:00,2024-07-15 02:00:00,2024-07-17 03:00:00,2024-08-12 02:00:00,2024-08-15 04:00:00,15,Apparel,242.31,DELAYED
SHP-03854,CUST-1025,GBFXT,PKKAR,VSL-0077,2025-03-15 00:00:00,2025-03-18 00:00:00,2025-03-19 01:00:00,2025-04-04 00:00:00,2025-04-08 07:00:00,5,Electronics,734.84,DELAYED
SHP-04971,CUST-1161,ESVLC,CNNGB,VSL-0046,2025-06-14 18:00:00,2025-06-17 18:00:00,2025-06-20 17:00:00,2025-07-04 18:00:00,2025-07-09 01:00:00,10,Machinery,1746.39,DELAYED
SHP-02697,CUST-1034,CNNGB,AEDXB,VSL-0063,2025-02-13 05:00:00,2025-02-24 05:00:00,2025-02-24 07:00:00,2025-03-18 05:00:00,2025-03-18 23:00:00,7,Automotive Parts,973.16,DELIVERED
SHP-04620,CUST-1149,INMUN,BRSSZ,VSL-0046,2024-09-25 12:00:00,2024-09-30 12:00:00,2024-09-30 11:00:00,2024-10-14 12:00:00,2024-10-14 23:00:00,14,Consumer Goods,127.09,DELIVERED
SHP-02589,CUST-1062,ESVLC,USLAX,VSL-0079,2025-03-05 23:00:00,2025-03-16 23:00:00,2025-03-16 22:00:00,2025-04-14 23:00:00,2025-04-14 15:00:00,4,Food & Beverage,2215.22,DELIVERED
SHP-02236,CUST-1142,USNYC,CNSZX,VSL-0002,2025-02-03 18:00:00,2025-02-08 18:00:00,2025-02-09 21:00:00,2025-02-26 18:00:00,2025-03-03 02:00:00,1,Pharmaceuticals,2398.18,DELAYED
SHP-04694,CUST-1083,INNSA,PKKAR,VSL-0069,2025-02-20 16:00:00,2025-03-06 16:00:00,2025-03-09 06:00:00,2025-03-12 16:00:00,2025-03-16 01:00:00,30,Machinery,655.27,DELAYED
SHP-03726,CUST-1001,NLRTM,ESVLC,VSL-0070,2025-09-18 12:00:00,2025-09-22 12:00:00,2025-09-22 11:00:00,2025-09-30 12:00:00,2025-09-30 18:00:00,5,Machinery,1862.08,DELIVERED
SHP-04468,CUST-1230,SGSIN,JPYOK,VSL-0054,2025-03-13 17:00:00,2025-03-23 17:00:00,2025-03-23 21:00:00,2025-03-29 17:00:00,2025-03-29 14:00:00,4,Furniture,2043.64,DELIVERED
SHP-01811,CUST-1048,BEANR,DEHAM,VSL-0038,2025-10-11 00:00:00,2025-10-19 00:00:00,2025-10-19 00:00:00,2025-10-26 00:00:00,2025-10-26 04:00:00,39,Apparel,2560.6,DELIVERED
SHP-01683,CUST-1208,ZADUR,BEANR,VSL-0054,2025-06-26 06:00:00,2025-07-07 06:00:00,2025-07-07 07:00:00,2025-07-31 06:00:00,2025-07-31 07:00:00,26,Food & Beverage,2723.19,DELIVERED
SHP-03363,CUST-1210,AEDXB,USLGB,VSL-0061,2025-07-28 01:00:00,2025-08-06 01:00:00,2025-08-07 09:00:00,2025-08-21 01:00:00,2025-08-26 00:00:00,35,Food & Beverage,1952.01,DELAYED
SHP-02694,CUST-1206,DEHAM,SGSIN,VSL-0064,2024-11-09 07:00:00,2024-11-18 07:00:00,2024-11-19 21:00:00,2024-12-07 07:00:00,2024-12-10 05:00:00,25,Raw Materials,2027.1,DELAYED
SHP-02722,CUST-1003,EGPSD,USNYC,VSL-0021,2024-12-02 10:00:00,2024-12-13 10:00:00,2024-12-13 07:00:00,2024-12-29 10:00:00,2024-12-29 19:00:00,28,Chemicals,1506.42,DELIVERED
SHP-00377,CUST-1212,EGPSD,INNSA,VSL-0057,2024-06-22 10:00:00,2024-07-02 10:00:00,2024-07-02 14:00:00,2024-07-22 10:00:00,2024-07-22 20:00:00,3,Pharmaceuticals,1979.52,DELIVERED
SHP-01529,CUST-1173,CNSHA,MYPKG,VSL-0059,2025-05-09 22:00:00,2025-05-22 22:00:00,2025-05-22 23:00:00,2025-05-28 22:00:00,2025-05-29 04:00:00,36,Furniture,348.09,DELIVERED
SHP-00052,CUST-1202,USLGB,CNNGB,VSL-0016,2025-02-02 03:00:00,2025-02-14 03:00:00,2025-02-14 08:00:00,2025-03-13 03:00:00,2025-03-13 11:00:00,7,Consumer Goods,1666.48,DELIVERED
SHP-01242,CUST-1015,ZADUR,PKKAR,VSL-0033,2024-12-15 01:00:00,2024-12-23 01:00:00,2024-12-24 17:00:00,2025-01-13 01:00:00,2025-01-16 15:00:00,1,Chemicals,1323.99,DELAYED
SHP-04172,CUST-1042,NLRTM,BEANR,VSL-0026,2025-03-27 03:00:00,2025-04-02 03:00:00,2025-04-02 16:00:00,2025-04-10 03:00:00,2025-04-11 20:00:00,4,Chemicals,1119.81,DELAYED
SHP-04554,CUST-1077,AEDXB,PKKAR,VSL-0059,2024-09-01 21:00:00,2024-09-14 21:00:00,2024-09-15 09:00:00,2024-10-14 21:00:00,2024-10-18 19:00:00,40,Consumer Goods,1816.58,DELAYED
SHP-03184,CUST-1083,ESVLC,CNNGB,VSL-0064,2025-05-17 04:00:00,2025-05-25 04:00:00,2025-05-25 04:00:00,2025-06-28 04:00:00,2025-06-28 13:00:00,2,Apparel,1678.37,DELIVERED
SHP-00552,CUST-1113,CNNGB,INMUN,VSL-0036,2025-02-22 06:00:00,2025-03-06 06:00:00,2025-03-08 01:00:00,2025-03-12 06:00:00,2025-03-17 19:00:00,32,Machinery,666.26,DELAYED
SHP-00139,CUST-1189,USNYC,BRSSZ,VSL-0020,2025-04-02 00:00:00,2025-04-12 00:00:00,2025-04-14 20:00:00,2025-04-19 00:00:00,2025-04-25 16:00:00,18,Food & Beverage,2133.85,DELAYED
SHP-02271,CUST-1062,MYPKG,INMUN,VSL-0013,2025-04-19 22:00:00,2025-04-30 22:00:00,2025-05-01 12:00:00,2025-05-05 22:00:00,2025-05-06 17:00:00,15,Electronics,1052.87,DELIVERED
SHP-04351,CUST-1143,USLAX,USNYC,VSL-0036,2025-05-26 13:00:00,2025-06-07 13:00:00,2025-06-10 04:00:00,2025-06-17 13:00:00,2025-06-20 04:00:00,26,Consumer Goods,115.52,DELAYED
SHP-02814,CUST-1127,AEDXB,PKKAR,VSL-0017,2025-07-04 23:00:00,2025-07-09 23:00:00,2025-07-11 01:00:00,2025-07-27 23:00:00,2025-08-01 22:00:00,12,Furniture,746.97,DELAYED
SHP-00511,CUST-1135,BEANR,ESVLC,VSL-0013,2024-12-06 23:00:00,2024-12-19 23:00:00,2024-12-19 19:00:00,2024-12-26 23:00:00,2024-12-26 20:00:00,36,Food & Beverage,992.41,DELIVERED
SHP-01909,CUST-1192,INMUN,CNSHA,VSL-0040,2024-08-15 14:00:00,2024-08-21 14:00:00,2024-08-22 07:00:00,2024-08-31 14:00:00,2024-09-02 14:00:00,1,Apparel,916.87,DELAYED
SHP-00839,CUST-1017,INNSA,MYPKG,VSL-0046,2025-07-28 09:00:00,2025-08-10 09:00:00,2025-08-10 09:00:00,2025-08-19 09:00:00,2025-08-19 19:00:00,10,Automotive Parts,433.58,DELIVERED
SHP-03887,CUST-1158,DEHAM,THBKK,VSL-0015,2025-09-04 19:00:00,2025-09-07 19:00:00,2025-09-07 21:00:00,2025-10-12 19:00:00,2025-10-12 13:00:00,30,Machinery,2785.42,DELIVERED
SHP-04280,CUST-1114,USNYC,CNSZX,VSL-0045,2025-01-20 08:00:00,2025-01-29 08:00:00,2025-01-29 11:00:00,2025-02-25 08:00:00,2025-02-25 17:00:00,19,Food & Beverage,1750.51,DELIVERED
SHP-03012,CUST-1172,XXTST,PKKAR,VSL-0004,2024-08-25 16:00:00,2024-09-02 16:00:00,2024-09-04 20:00:00,2024-09-28 16:00:00,2024-10-01 18:00:00,7,Pharmaceuticals,1980.96,DELAYED
SHP-01387,CUST-1225,JPYOK,NLRTM,VSL-0029,2025-07-09 16:00:00,2025-07-23 16:00:00,2025-07-25 13:00:00,2025-08-15 16:00:00,2025-08-19 16:00:00,10,Raw Materials,937.9,DELAYED
SHP-01155,CUST-1014,CNSHA,USSAV,VSL-0039,2025-04-01 12:00:00,2025-04-10 12:00:00,2025-04-10 16:00:00,2025-05-14 12:00:00,2025-05-14 11:00:00,36,Raw Materials,2099.54,DELIVERED
SHP-01064,CUST-1176,USLAX,MYPKG,VSL-0028,2025-02-15 14:00:00,2025-02-25 14:00:00,2025-02-25 15:00:00,2025-03-23 14:00:00,2025-03-24 02:00:00,29,Automotive Parts,-113.44,DELIVERED
SHP-00064,CUST-1083,ESVLC,CNNGB,VSL-0001,2024-06-01 18:00:00,2024-06-04 18:00:00,2024-06-05 06:00:00,2024-06-28 18:00:00,2024-06-29 16:00:00,4,electronics,675.53,DELIVERED
SHP-03975,CUST-1065,PKKAR,INMUN,VSL-0061,2025-09-04 20:00:00,2025-09-11 20:00:00,2025-09-11 17:00:00,2025-09-20 20:00:00,2025-09-21 01:00:00,8,Machinery,1926.26,DELIVERED
SHP-02960,CUST-1107,NLRTM,THBKK,VSL-0076,2025-05-22 21:00:00,2025-05-25 21:00:00,2025-05-26 09:00:00,2025-06-23 21:00:00,2025-06-26 04:00:00,5,Machinery,2377.93,DELAYED
SHP-01084,CUST-1017,DEHAM,USLAX,VSL-0002,2025-04-12 06:00:00,2025-04-21 06:00:00,2025-04-21 16:00:00,2025-05-06 06:00:00,2025-05-07 10:00:00,22,Apparel,455.44,DELAYED
SHP-04185,CUST-1153,XXTST,MYPKG,VSL-0070,2025-10-12 03:00:00,2025-10-25 03:00:00,2025-10-25 08:00:00,2025-10-30 03:00:00,2025-10-29 20:00:00,21,Food & Beverage,2293.19,DELIVERED
SHP-03387,CUST-1174,ZZZZZ,JPYOK,VSL-0058,2024-09-30 06:00:00,2024-10-09 06:00:00,2024-10-09 08:00:00,2024-11-03 06:00:00,2024-11-03 09:00:00,4,Pharmaceuticals,2678.01,DELIVERED
SHP-00976,CUST-1010,SGSIN,INMUN,VSL-0036,2025-04-28 05:00:00,2025-05-09 05:00:00,2025-05-09 10:00:00,2025-05-18 05:00:00,2025-05-18 08:00:00,31,Automotive Parts,2435.08,DELIVERED
SHP-03092,CUST-1188,PKKAR,USNYC,VSL-0037,2025-09-11 07:00:00,2025-09-25 07:00:00,2025-09-25 12:00:00,2025-10-10 07:00:00,2025-10-10 02:00:00,22,Raw Materials,2758.3,DELIVERED
SHP-04489,CUST-1043,PKKAR,BEANR,VSL-0001,2025-05-28 14:00:00,2025-06-03 14:00:00,2025-06-03 10:00:00,2025-07-01 14:00:00,2025-07-01 22:00:00,14,Electronics,764.63,DELIVERED
SHP-01383,CUST-1078,INNSA,JPYOK,VSL-0048,2025-09-11 04:00:00,2025-09-20 04:00:00,2025-09-20 17:00:00,2025-09-25 04:00:00,2025-09-28 00:00:00,17,Electronics,1192.32,DELAYED
SHP-03257,CUST-1035,NLRTM,KRPUS,VSL-0067,2025-05-12 08:00:00,2025-05-25 08:00:00,2025-05-27 16:00:00,2025-06-15 08:00:00,2025-06-20 07:00:00,20,Pharmaceuticals,2322.56,DELAYED
SHP-04209,CUST-1244,INMUN,USLAX,VSL-0056,2025-01-19 09:00:00,2025-01-22 09:00:00,,2025-02-12 09:00:00,,32,Chemicals,1532.78,CANCELLED
SHP-03075,CUST-1022,GBFXT,BRSSZ,VSL-0048,2025-02-15 13:00:00,2025-02-21 13:00:00,2025-02-21 17:00:00,2025-03-26 13:00:00,2025-03-26 19:00:00,23,Food & Beverage,2634.42,DELIVERED
SHP-03683,CUST-1209,JPYOK,SGSIN,VSL-0027,2024-10-07 13:00:00,2024-10-11 13:00:00,2024-10-11 19:00:00,2024-10-17 13:00:00,2024-10-17 11:00:00,7,Food & Beverage,383.67,DELIVERED
SHP-04463,CUST-1172,USNYC,PKKAR,VSL-0063,2025-01-15 06:00:00,2025-01-25 06:00:00,2025-01-25 02:00:00,2025-02-25 06:00:00,2025-02-25 06:00:00,20,Pharmaceuticals,1861.33,DELIVERED
SHP-00302,CUST-1237,PKKAR,GBFXT,VSL-0052,2024-08-18 07:00:00,2024-09-01 07:00:00,2024-09-03 18:00:00,2024-09-27 07:00:00,2024-09-29 14:00:00,36,Consumer Goods,698.1,DELAYED
SHP-02780,CUST-1226,EGPSD,CNSHA,VSL-0001,2025-04-07 17:00:00,2025-04-10 17:00:00,2025-04-10 15:00:00,2025-05-03 17:00:00,2025-05-03 15:00:00,18,Chemicals,218.99,DELIVERED
SHP-04633,CUST-1100,THBKK,ZADUR,VSL-0076,2024-06-20 20:00:00,2024-07-02 20:00:00,2024-07-02 21:00:00,2024-07-16 20:00:00,2024-07-17 00:00:00,12,Machinery,1375.3,DELIVERED
SHP-02646,CUST-1224,CNNGB,ESVLC,VSL-0032,2025-08-10 08:00:00,2025-08-15 08:00:00,2025-08-16 12:00:00,2025-09-01 08:00:00,2025-09-03 11:00:00,31,Apparel,352.94,DELAYED
SHP-03714,CUST-1241,HKHKG,USSAV,VSL-0053,2025-09-02 22:00:00,2025-09-06 22:00:00,2025-09-06 21:00:00,2025-09-29 22:00:00,2025-09-29 18:00:00,2,Food & Beverage,1514.89,DELIVERED
SHP-02025,CUST-1215,USLAX,INNSA,VSL-0075,2024-11-25 06:00:00,2024-12-03 06:00:00,2024-12-03 02:00:00,2024-12-25 06:00:00,2024-12-25 16:00:00,26,Automotive Parts,1961.87,DELIVERED
SHP-04578,CUST-1102,INMUN,JPYOK,VSL-0023,2024-06-10 10:00:00,2024-06-24 10:00:00,2024-06-24 12:00:00,2024-06-28 10:00:00,2024-06-28 07:00:00,20,Electronics,753.46,DELIVERED
SHP-04586,CUST-1245,PKKAR,INNSA,VSL-0066,2025-07-19 12:00:00,2025-07-27 12:00:00,2025-07-29 15:00:00,2025-07-30 12:00:00,2025-08-03 18:00:00,27,Furniture,624.33,DELAYED
SHP-02737,CUST-1046,BEANR,EGPSD,VSL-0037,2025-01-26 23:00:00,2025-01-30 23:00:00,2025-01-30 23:00:00,2025-03-06 23:00:00,2025-03-07 08:00:00,36,Furniture,1763.61,DELIVERED
SHP-01128,CUST-1152,CNSZX,ZADUR,VSL-0002,2025-05-24 15:00:00,2025-05-28 15:00:00,2025-05-28 12:00:00,2025-06-11 15:00:00,2025-06-12 03:00:00,17,Apparel,2663.47,DELIVERED
SHP-00631,CUST-1187,MYPKG,AEDXB,VSL-0056,2024-12-17 14:00:00,2024-12-21 14:00:00,,2025-01-22 14:00:00,,17,Food & Beverage,851.9,
SHP-02296,CUST-1043,DEHAM,EGPSD,VSL-0007,2025-02-07 18:00:00,2025-02-12 18:00:00,2025-02-14 04:00:00,2025-03-11 18:00:00,2025-03-15 22:00:00,23,Electronics,1449.31,DELAYED
SHP-00843,CUST-1148,GBFXT,ZADUR,VSL-0002,2024-08-25 05:00:00,2024-09-03 05:00:00,2024-09-03 10:00:00,2024-09-18 05:00:00,2024-09-18 08:00:00,18,Pharmaceuticals,1279.59,DELIVERED
SHP-00531,CUST-1160,USLAX,ESVLC,VSL-0016,2024-12-10 05:00:00,2024-12-24 05:00:00,2024-12-24 14:00:00,2025-01-20 05:00:00,2025-01-21 21:00:00,7,Apparel,2704.34,DELAYED
SHP-03214,CUST-1064,MYPKG,CNSZX,VSL-0016,2025-03-19 11:00:00,2025-03-28 11:00:00,2025-03-28 09:00:00,2025-03-31 11:00:00,2025-03-31 22:00:00,29,Consumer Goods,147.61,DELIVERED
SHP-01995,CUST-1143,USLAX,INMUN,VSL-0017,2024-12-07 03:00:00,2024-12-14 03:00:00,2024-12-14 06:00:00,2025-01-02 03:00:00,2025-01-02 08:00:00,28,Pharmaceuticals,113.73,DELIVERED
SHP-02428,CUST-1112,NLRTM,AEDXB,VSL-0060,2024-06-22 19:00:00,2024-06-27 19:00:00,2024-06-30 15:00:00,2024-07-25 19:00:00,2024-07-30 13:00:00,37,Automotive parts,2273.03,DELAYED
SHP-00296,CUST-1228,CNSHA,USNYC,VSL-0005,2024-08-13 04:00:00,2024-08-25 04:00:00,2024-08-26 00:00:00,2024-09-23 04:00:00,2024-09-27 11:00:00,33,Chemicals,2217.49,DELAYED
SHP-04116,CUST-1041,INNSA,CNSHA,VSL-0055,2024-06-22 08:00:00,2024-07-02 08:00:00,2024-07-02 13:00:00,2024-07-12 08:00:00,2024-07-12 03:00:00,39,Pharmaceuticals,2206.08,DELIVERED
SHP-00908,CUST-1236,CNSZX,PKKAR,VSL-0022,2025-07-14 17:00:00,2025-07-24 17:00:00,2025-07-25 06:00:00,2025-08-02 17:00:00,2025-08-03 23:00:00,3,Apparel,,DELAYED
SHP-01746,CUST-1240,THBKK,XXTST,VSL-0047,2025-08-16 06:00:00,2025-08-24 06:00:00,2025-08-24 04:00:00,2025-09-23 06:00:00,2025-09-23 14:00:00,1,Machinery,146.71,DELIVERED
SHP-02356,CUST-1088,SGSIN,MYPKG,VSL-0013,2025-07-06 04:00:00,2025-07-09 04:00:00,2025-07-09 08:00:00,2025-07-17 04:00:00,2025-07-17 15:00:00,17,Consumer Goods,1269.79,DELIVERED
SHP-01674,CUST-1116,INMUN,CNNGB,VSL-0034,2024-12-05 00:00:00,2024-12-19 00:00:00,2024-12-21 14:00:00,2024-12-23 00:00:00,2024-12-25 19:00:00,23,Pharmaceuticals,1360.54,DELAYED
SHP-02191,CUST-1172,EGPSD,DEHAM,VSL-0063,2024-10-20 12:00:00,2024-11-01 12:00:00,2024-11-03 01:00:00,2024-12-01 12:00:00,2024-12-06 22:00:00,4,Raw Materials,2746.09,DELAYED
SHP-03703,CUST-1076,NLRTM,INMUN,VSL-0027,2025-02-28 22:00:00,2025-03-06 22:00:00,2025-03-08 22:00:00,2025-04-09 22:00:00,2025-04-13 14:00:00,17,Apparel,2380.22,DELAYED
SHP-02657,CUST-1032,USLAX,DEHAM,VSL-0034,2025-10-06 07:00:00,2025-10-15 07:00:00,2025-10-15 05:00:00,2025-11-13 07:00:00,2025-11-13 01:00:00,14,Machinery,1139.7,DELIVERED
SHP-02880,CUST-1223,BEANR,DEHAM,VSL-0022,2024-07-12 08:00:00,2024-07-17 08:00:00,2024-07-18 00:00:00,2024-07-25 08:00:00,2024-07-26 01:00:00,37,Chemicals,2114.7,DELIVERED
SHP-00072,CUST-1012,XXTST,CNSHA,VSL-0010,2024-06-01 02:00:00,2024-06-13 02:00:00,2024-06-14 20:00:00,2024-06-27 02:00:00,2024-07-02 02:00:00,31,Machinery,1293.77,DELAYED
SHP-03093,CUST-1172,USLAX,HKHKG,VSL-0058,2024-11-21 07:00:00,2024-11-30 07:00:00,2024-11-30 12:00:00,2024-12-31 07:00:00,2024-12-31 17:00:00,16,Furniture,2601.89,DELIVERED
SHP-04622,CUST-1152,USSAV,CNSHA,VSL-0041,2025-05-09 15:00:00,2025-05-15 15:00:00,,2025-06-11 15:00:00,,1,Consumer Goods,1730.44,CANCELLED
SHP-02576,CUST-1175,KRPUS,BRSSZ,VSL-0023,2025-05-17 12:00:00,2025-05-27 12:00:00,2025-05-29 10:00:00,2025-06-12 12:00:00,2025-06-17 03:00:00,33,Food & Beverage,2694.0,DELAYED
SHP-00460,CUST-1184,AEDXB,SGSIN,VSL-0048,2024-10-25 06:00:00,2024-11-01 06:00:00,2024-11-04 05:00:00,2024-12-06 06:00:00,2024-12-12 09:00:00,19,Food & Beverage,620.38,DELAYED
SHP-04652,CUST-1220,MYPKG,DEHAM,VSL-0051,2025-05-07 00:00:00,2025-05-17 00:00:00,2025-05-17 05:00:00,2025-06-19 00:00:00,2025-06-19 03:00:00,17,Pharmaceuticals,396.59,DELIVERED
SHP-03509,CUST-1206,CNNGB,INNSA,VSL-0025,2024-11-08 09:00:00,2024-11-18 09:00:00,2024-11-18 07:00:00,2024-11-24 09:00:00,2024-11-24 01:00:00,14,Raw Materials,2506.95,DELIVERED
SHP-04825,CUST-1213,GBFXT,CNNGB,VSL-0042,2025-02-16 00:00:00,2025-02-24 00:00:00,2025-02-24 06:00:00,2025-03-18 00:00:00,2025-03-18 04:00:00,10,Food & Beverage,672.95,DELIVERED
SHP-01490,CUST-1095,USSAV,EGPSD,VSL-0068,2025-06-03 20:00:00,2025-06-17 20:00:00,2025-06-17 22:00:00,2025-07-22 20:00:00,2025-07-22 22:00:00,30,Food & Beverage,2269.99,DELIVERED
SHP-04184,CUST-1000,INNSA,USSAV,VSL-0057,2024-06-07 21:00:00,2024-06-17 21:00:00,2024-06-20 05:00:00,2024-07-11 21:00:00,2024-07-15 23:00:00,36,Apparel,1716.37,DELAYED
SHP-02745,CUST-1022,INMUN,USSAV,VSL-0034,2024-07-25 18:00:00,2024-08-03 18:00:00,2024-08-03 23:00:00,2024-09-02 18:00:00,2024-09-03 01:00:00,1,Machinery,1283.6,DELIVERED
SHP-03702,CUST-1234,USNYC,JPYOK,VSL-0050,2024-11-23 10:00:00,2024-12-07 10:00:00,2024-12-09 00:00:00,2025-01-04 10:00:00,2025-01-06 01:00:00,31,Raw Materials,1335.69,DELAYED
SHP-03210,CUST-1126,DEHAM,INNSA,VSL-0069,2024-09-01 04:00:00,2024-09-14 04:00:00,2024-09-14 03:00:00,2024-10-01 04:00:00,2024-10-01 01:00:00,24,Machinery,980.49,DELIVERED
SHP-01451,CUST-1072,NLRTM,AEDXB,VSL-0044,2025-02-27 01:00:00,2025-03-07 01:00:00,,2025-04-04 01:00:00,,13,Chemicals,2189.22,CANCELLED
SHP-00594,CUST-1122,USLGB,GBFXT,VSL-0024,2024-09-05 04:00:00,2024-09-15 04:00:00,2024-09-17 13:00:00,2024-09-30 04:00:00,2024-10-04 20:00:00,4,Furniture,113.69,DELAYED
SHP-00301,CUST-1058,BRSSZ,CNNGB,VSL-0068,2025-10-02 07:00:00,2025-10-07 07:00:00,2025-10-09 00:00:00,2025-11-09 07:00:00,2025-11-10 19:00:00,10,Automotive Parts,2231.33,DELAYED
SHP-01874,CUST-1204,CNSZX,NLRTM,VSL-0028,2025-07-31 03:00:00,2025-08-12 03:00:00,2025-08-12 02:00:00,2025-09-01 03:00:00,2025-09-01 14:00:00,7,Consumer Goods,1463.68,DELIVERED
SHP-00168,CUST-1234,ZADUR,KRPUS,VSL-0069,2025-09-13 17:00:00,2025-09-26 17:00:00,2025-09-26 20:00:00,2025-10-26 17:00:00,2025-10-26 14:00:00,26,Automotive Parts,55.87,DELIVERED
SHP-00426,CUST-1014,THBKK,INMUN,VSL-0058,2024-11-26 09:00:00,2024-12-04 09:00:00,2024-12-04 13:00:00,2024-12-13 09:00:00,2024-12-13 18:00:00,30,Machinery,1850.32,DELIVERED
SHP-04018,CUST-1226,CNNGB,AEDXB,VSL-0014,2024-08-08 09:00:00,2024-08-15 09:00:00,,2024-08-31 09:00:00,,33,Electronics,1720.98,delivered
SHP-01853,CUST-1087,THBKK,KRPUS,VSL-0063,2025-09-02 12:00:00,2025-09-12 12:00:00,2025-09-12 17:00:00,2025-09-17 12:00:00,2025-09-17 17:00:00,11,Raw Materials,1283.22,DELIVERED
SHP-04187,CUST-1085,JPYOK,USSAV,VSL-0028,2025-07-11 12:00:00,2025-07-22 12:00:00,2025-07-25 05:00:00,2025-08-20 12:00:00,2025-08-26 22:00:00,33,Consumer Goods,824.82,DELAYED
SHP-00743,CUST-1129,NLRTM,ESVLC,VSL-0023,2025-06-24 18:00:00,2025-07-08 18:00:00,2025-07-09 09:00:00,2025-07-12 18:00:00,2025-07-17 00:00:00,39,Electronics,721.97,DELAYED
SHP-04122,CUST-1000,USLGB,USSAV,VSL-0014,2025-10-12 21:00:00,2025-10-20 21:00:00,2025-10-21 03:00:00,2025-10-25 21:00:00,2025-10-25 16:00:00,37,Apparel,2115.64,DELIVERED
SHP-01413,CUST-1101,BRSSZ,THBKK,VSL-0051,2025-05-17 03:00:00,2025-05-31 03:00:00,2025-05-31 01:00:00,2025-07-03 03:00:00,2025-07-03 06:00:00,15,Apparel,1713.78,DELIVERED
SHP-02899,CUST-1245,INMUN,ZZZZZ,VSL-0015,2025-09-28 18:00:00,2025-10-07 18:00:00,2025-10-09 11:00:00,2025-10-13 18:00:00,2025-10-17 01:00:00,32,Consumer Goods,2592.01,DELAYED
SHP-04361,CUST-1234,USNYC,DEHAM,VSL-0004,2025-04-16 02:00:00,2025-04-24 02:00:00,2025-04-26 14:00:00,2025-05-12 02:00:00,2025-05-17 02:00:00,37,Furniture,453.89,DELAYED
SHP-04660,CUST-1079,INNSA,MYPKG,VSL-0039,2024-10-08 21:00:00,2024-10-14 21:00:00,2024-10-15 17:00:00,2024-10-22 21:00:00,2024-10-24 20:00:00,3,Electronics,2053.67,DELAYED
SHP-00311,CUST-1115,INNSA,DEHAM,VSL-0071,2024-10-31 11:00:00,2024-11-06 11:00:00,2024-11-07 21:00:00,2024-12-07 11:00:00,2024-12-10 14:00:00,36,Chemicals,1500.56,DELAYED
SHP-03162,CUST-1248,BEANR,AEDXB,VSL-0010,2025-08-21 09:00:00,2025-08-27 09:00:00,,2025-09-21 09:00:00,,33,Apparel,818.77,CANCELLED
SHP-04612,CUST-1067,BEANR,GBFXT,VSL-0056,2025-06-22 15:00:00,2025-06-30 15:00:00,2025-06-30 12:00:00,2025-07-09 15:00:00,2025-07-09 16:00:00,20,Pharmaceuticals,1754.29,DELIVERED
SHP-00663,CUST-1235,GBFXT,INNSA,VSL-0072,2024-06-21 14:00:00,2024-06-26 14:00:00,2024-06-28 21:00:00,2024-07-12 14:00:00,2024-07-14 20:00:00,35,Chemicals,1904.24,DELAYED
SHP-00429,CUST-1174,PKKAR,BEANR,VSL-0080,2024-11-02 02:00:00,2024-11-08 02:00:00,2024-11-08 05:00:00,2024-12-03 02:00:00,2024-12-03 01:00:00,34,Automotive Parts,2034.22,DELIVERED
SHP-02319,CUST-1195,NLRTM,DEHAM,VSL-0080,2024-08-13 13:00:00,2024-08-20 13:00:00,2024-08-20 11:00:00,2024-08-28 13:00:00,2024-08-28 16:00:00,20,Raw Materials,1324.58,DELIVERED
SHP-04871,CUST-1034,INMUN,KRPUS,VSL-0046,2024-12-26 12:00:00,2025-01-06 12:00:00,2025-01-08 17:00:00,2025-01-12 12:00:00,2025-01-15 13:00:00,24,Automotive parts,1876.92,DELAYED
SHP-04132,CUST-1248,CNSZX,USSAV,VSL-0042,2025-05-25 18:00:00,2025-06-07 18:00:00,2025-06-07 21:00:00,2025-06-29 18:00:00,2025-06-30 06:00:00,12,Apparel,1748.88,DELIVERED
SHP-03817,CUST-1011,GBFXT,THBKK,VSL-0004,2024-06-21 09:00:00,2024-06-29 09:00:00,2024-06-29 11:00:00,2024-08-02 09:00:00,2024-08-02 21:00:00,18,Apparel,401.52,DELIVERED
SHP-03696,CUST-1034,USNYC,SGSIN,VSL-0029,2024-09-07 13:00:00,2024-09-15 13:00:00,2024-09-16 21:00:00,2024-10-14 13:00:00,2024-10-18 10:00:00,2,Raw Materials,944.18,DELAYED
SHP-03380,CUST-1132,USNYC,BEANR,VSL-0053,2024-06-11 20:00:00,2024-06-18 20:00:00,,2024-07-03 20:00:00,,16,Chemicals,1896.41,CANCELLED
SHP-03327,CUST-1217,MYPKG,PKKAR,VSL-0048,2024-08-22 05:00:00,2024-08-25 05:00:00,,2024-08-30 05:00:00,,5,Consumer Goods,2408.94,CANCELLED
SHP-01273,CUST-1001,CNNGB,AEDXB,VSL-0062,2025-02-07 01:00:00,2025-02-15 01:00:00,2025-02-15 06:00:00,2025-03-02 01:00:00,2025-03-02 13:00:00,25,Apparel,2484.75,DELIVERED
SHP-04742,CUST-1046,CNSHA,NLRTM,VSL-0071,2025-08-30 04:00:00,2025-09-12 04:00:00,2025-09-12 09:00:00,2025-10-01 04:00:00,2025-10-01 12:00:00,26,Furniture,333.25,DELIVERED
SHP-02005,CUST-1051,MYPKG,SGSIN,VSL-0053,2024-06-13 10:00:00,2024-06-22 10:00:00,2024-06-25 09:00:00,2024-06-30 10:00:00,2024-07-06 08:00:00,2,Consumer Goods,1707.71,DELAYED
SHP-04396,CUST-1121,BEANR,INNSA,VSL-0069,2025-04-26 03:00:00,2025-05-06 03:00:00,2025-05-06 09:00:00,2025-05-21 03:00:00,2025-05-21 12:00:00,18,Apparel,1147.4,DELIVERED
SHP-02385,CUST-1225,KRPUS,MYPKG,VSL-0039,2024-11-25 02:00:00,2024-11-29 02:00:00,,2024-12-06 02:00:00,,21,electronics,2074.44,CANCELLED
SHP-02431,CUST-1084,NLRTM,THBKK,VSL-0007,2024-07-18 08:00:00,2024-07-29 08:00:00,2024-07-29 05:00:00,2024-09-01 08:00:00,2024-09-01 03:00:00,36,machinery ,55.31,DELIVERED
SHP-01482,CUST-1081,USSAV,EGPSD,VSL-0011,2025-05-31 22:00:00,2025-06-03 22:00:00,2025-06-03 21:00:00,2025-06-18 22:00:00,2025-06-18 17:00:00,23,Electronics,2302.18,DELIVERED
SHP-04214,CUST-1222,CNSHA,USLGB,VSL-0033,2024-08-31 16:00:00,2024-09-14 16:00:00,,2024-10-15 16:00:00,,33,Chemicals,1004.11,CANCELLED
SHP-01402,CUST-1103,BRSSZ,ZADUR,VSL-0061,2024-12-15 00:00:00,2024-12-20 00:00:00,2024-12-19 21:00:00,2025-01-08 00:00:00,2025-01-08 04:00:00,39,Chemicals,801.92,DELIVERED
SHP-04113,CUST-1016,CNSZX,USNYC,VSL-0031,2025-06-04 22:00:00,2025-06-16 22:00:00,2025-06-16 22:00:00,2025-07-08 22:00:00,2025-07-08 23:00:00,1,Consumer Goods,419.14,DELIVERED
SHP-02435,CUST-1054,JPYOK,CNSHA,VSL-0076,2025-09-21 21:00:00,2025-09-28 21:00:00,2025-09-29 00:00:00,2025-10-07 21:00:00,2025-10-07 22:00:00,5,Consumer Goods,2550.35,DELIVERED
SHP-04182,CUST-1027,HKHKG,KRPUS,VSL-0031,2025-02-05 13:00:00,2025-02-10 13:00:00,2025-02-10 15:00:00,2025-02-15 13:00:00,2025-02-15 07:00:00,12,Food & Beverage,1248.38,DELIVERED
SHP-01647,CUST-1171,CNSZX,BEANR,VSL-0076,2024-10-20 19:00:00,2024-10-31 19:00:00,2024-10-31 20:00:00,2024-11-27 19:00:00,2024-11-28 03:00:00,23,FURNITURE,405.06,DELIVERED
SHP-03725,CUST-1043,GBFXT,USLGB,VSL-0073,2025-03-19 13:00:00,2025-03-27 13:00:00,2025-03-30 08:00:00,2025-04-12 13:00:00,2025-04-18 03:00:00,27,machinery ,1675.03,DELAYED
SHP-04348,CUST-1229,EGPSD,USLGB,VSL-0067,2024-12-27 16:00:00,2024-12-31 16:00:00,2025-01-03 15:00:00,2025-02-02 16:00:00,2025-02-07 14:00:00,24,Apparel,112.74,DELAYED
SHP-04435,CUST-1191,USNYC,AEDXB,VSL-0046,2025-03-01 13:00:00,2025-03-13 13:00:00,2025-03-13 14:00:00,2025-04-13 13:00:00,2025-04-13 19:00:00,39,Chemicals,1766.9,DELIVERED
SHP-00188,CUST-1117,NLRTM,HKHKG,VSL-0042,2024-11-15 06:00:00,2024-11-26 06:00:00,2024-11-26 07:00:00,2024-12-25 06:00:00,2024-12-25 15:00:00,21,Pharmaceuticals,2416.0,DELIVERED
SHP-02183,CUST-1138,BRSSZ,INMUN,VSL-0029,2024-08-27 11:00:00,2024-09-02 11:00:00,2024-09-02 10:00:00,2024-09-23 11:00:00,2024-09-23 07:00:00,18,Electronics,1111.04,DELIVERED
SHP-02154,CUST-1058,GBFXT,CNNGB,VSL-0037,2025-02-14 19:00:00,2025-02-23 19:00:00,2025-02-23 21:00:00,2025-03-15 19:00:00,2025-03-16 06:00:00,14,Raw Materials,,DELIVERED
SHP-04661,CUST-1031,USSAV,BRSSZ,VSL-0065,2025-09-11 17:00:00,2025-09-21 17:00:00,2025-09-23 21:00:00,2025-09-29 17:00:00,2025-10-05 04:00:00,9,Consumer Goods,1341.05,DELAYED
SHP-04286,CUST-1230,INNSA,GBFXT,VSL-0007,2025-08-08 22:00:00,2025-08-15 22:00:00,,2025-09-10 22:00:00,,6,food & beverage,2240.26,COMPLETED
SHP-02781,CUST-1140,EGPSD,CNNGB,VSL-0014,2024-12-10 00:00:00,2024-12-19 00:00:00,2024-12-18 21:00:00,2025-01-19 00:00:00,2025-01-19 06:00:00,31,Food & Beverage,106.0,DELIVERED
SHP-00041,CUST-1086,KRPUS,PKKAR,VSL-0076,2025-05-13 15:00:00,2025-05-21 15:00:00,2025-05-21 18:00:00,2025-05-28 15:00:00,2025-05-28 07:00:00,1,Automotive Parts,2668.06,DELIVERED
SHP-04647,CUST-1156,USLGB,USNYC,VSL-0065,2025-06-02 17:00:00,2025-06-10 17:00:00,2025-06-12 21:00:00,2025-06-17 17:00:00,2025-06-20 19:00:00,5,Machinery,1741.59,DELAYED
SHP-03900,CUST-1240,USNYC,ESVLC,VSL-0077,2024-11-15 11:00:00,2024-11-19 11:00:00,2024-11-21 21:00:00,2024-12-16 11:00:00,2024-12-22 06:00:00,20,Furniture,369.03,DELAYED
SHP-04996,CUST-1233,USNYC,GBFXT,VSL-0006,2025-06-23 01:00:00,2025-07-05 01:00:00,2025-07-05 07:00:00,2025-07-21 01:00:00,2025-07-21 00:00:00,32,Chemicals,1432.35,DELIVERED
SHP-03389,CUST-1141,CNSHA,EGPSD,VSL-0051,2025-04-19 04:00:00,2025-04-23 04:00:00,2025-04-23 17:00:00,2025-05-10 04:00:00,2025-05-11 17:00:00,17,APPAREL,701.14,DELAYED
SHP-01104,CUST-1191,USNYC,INMUN,VSL-0008,2025-08-31 17:00:00,2025-09-12 17:00:00,2025-09-15 11:00:00,2025-10-03 17:00:00,2025-10-09 17:00:00,5,Machinery,2277.05,DELAYED
SHP-00098,CUST-1219,SGSIN,HKHKG,VSL-0040,2025-01-18 06:00:00,2025-01-27 06:00:00,2025-01-27 15:00:00,2025-02-06 06:00:00,2025-02-08 17:00:00,17,Food & Beverage,892.22,DELAYED
SHP-03914,CUST-1059,NLRTM,USLGB,VSL-0061,2025-06-04 16:00:00,2025-06-16 16:00:00,2025-06-18 09:00:00,2025-07-01 16:00:00,2025-07-05 04:00:00,12,Consumer Goods,1206.54,DELAYED
SHP-01037,CUST-1007,ZADUR,EGPSD,VSL-0060,2024-12-02 07:00:00,2024-12-13 07:00:00,2024-12-13 03:00:00,2024-12-23 07:00:00,2024-12-23 08:00:00,5,Pharmaceuticals,2287.98,DELIVERED
SHP-03641,CUST-1069,EGPSD,SGSIN,VSL-0011,2025-02-04 20:00:00,2025-02-10 20:00:00,2025-02-10 22:00:00,2025-02-25 20:00:00,2025-02-25 15:00:00,8,Automotive Parts,301.26,DELIVERED
SHP-02048,CUST-1169,XXTST,CNSHA,VSL-0047,2024-10-12 07:00:00,2024-10-19 07:00:00,2024-10-22 07:00:00,2024-10-29 07:00:00,2024-11-01 07:00:00,24,Automotive Parts,1780.1,DELAYED
SHP-01247,CUST-1174,CNSZX,DEHAM,VSL-0066,2024-06-30 06:00:00,2024-07-04 06:00:00,2024-07-05 22:00:00,2024-07-25 06:00:00,2024-07-30 10:00:00,25,Apparel,2489.75,DELAYED
SHP-01785,CUST-1057,CNNGB,ESVLC,VSL-0007,2025-02-27 21:00:00,2025-03-12 21:00:00,2025-03-12 19:00:00,2025-04-16 21:00:00,2025-04-16 14:00:00,29,Raw Materials,2568.91,DELIVERED
SHP-00925,CUST-1150,USNYC,SGSIN,VSL-0015,2025-06-04 20:00:00,2025-06-09 20:00:00,2025-06-10 19:00:00,2025-07-13 20:00:00,2025-07-15 03:00:00,8,Furniture,2532.25,DELAYED
SHP-04269,CUST-1037,MYPKG,ESVLC,VSL-0046,2025-09-29 23:00:00,2025-10-11 23:00:00,2025-10-12 03:00:00,2025-11-03 23:00:00,2025-11-04 04:00:00,23,Pharmaceuticals,1620.04,DELIVERED
SHP-00536,CUST-1180,AEDXB,ESVLC,VSL-0070,2024-07-29 10:00:00,2024-08-08 10:00:00,2024-08-09 06:00:00,2024-09-10 10:00:00,2024-09-14 18:00:00,15,Machinery,2304.93,DELAYED
SHP-02711,CUST-1170,USLAX,CNSZX,VSL-0014,2024-11-17 04:00:00,2024-11-29 04:00:00,2024-11-29 04:00:00,2024-12-31 04:00:00,2024-12-31 02:00:00,17,Apparel,2172.5,DELIVERED
SHP-02843,CUST-1034,INNSA,CNNGB,VSL-0036,2025-08-09 13:00:00,2025-08-12 13:00:00,2025-08-15 09:00:00,2025-08-17 13:00:00,2025-08-23 18:00:00,2,Pharmaceuticals,1281.22,DELAYED
SHP-04632,CUST-1240,AEDXB,USNYC,VSL-0077,2025-02-06 14:00:00,2025-02-20 14:00:00,2025-02-22 10:00:00,2025-03-12 14:00:00,2025-03-15 06:00:00,34,Raw Materials,636.81,DELAYED
SHP-04582,CUST-1179,KRPUS,DEHAM,VSL-0028,2025-08-19 13:00:00,2025-08-22 13:00:00,,2025-09-12 13:00:00,,29,Apparel,487.9,COMPLETED
SHP-00065,CUST-1057,SGSIN,ESVLC,VSL-0024,2025-01-16 08:00:00,2025-01-30 08:00:00,2025-01-30 13:00:00,2025-02-24 08:00:00,2025-02-24 08:00:00,4,Apparel,2071.32,DELIVERED
SHP-01166,CUST-1101,GBFXT,USLGB,VSL-0002,2024-10-09 01:00:00,2024-10-21 01:00:00,2024-10-21 04:00:00,2024-11-11 01:00:00,2024-11-11 12:00:00,40,Consumer Goods,1500.36,DELIVERED
SHP-00382,CUST-1113,PKKAR,USLGB,VSL-0007,2025-09-24 19:00:00,2025-09-27 19:00:00,2025-09-28 01:00:00,2025-10-14 19:00:00,2025-10-17 23:00:00,19,Pharmaceuticals,111.56,DELAYED
SHP-03070,CUST-1236,MYPKG,DEHAM,VSL-0069,2025-03-01 02:00:00,2025-03-14 02:00:00,2025-03-14 02:00:00,2025-04-03 02:00:00,2025-04-03 01:00:00,11,Raw Materials,1974.4,DELIVERED
SHP-03734,CUST-1196,CNNGB,KRPUS,VSL-0033,2025-10-12 08:00:00,2025-10-25 08:00:00,2025-10-25 13:00:00,2025-10-28 08:00:00,2025-10-28 18:00:00,17,Apparel,287.0,DELIVERED
SHP-03370,CUST-1151,CNNGB,ZADUR,VSL-0019,2024-11-11 14:00:00,2024-11-21 14:00:00,2024-11-23 06:00:00,2024-12-16 14:00:00,2024-12-21 07:00:00,20,Raw Materials,1391.74,DELAYED
SHP-01680,CUST-1056,DEHAM,GBFXT,VSL-0019,2025-07-21 19:00:00,2025-08-03 19:00:00,2025-08-06 19:00:00,2025-08-11 19:00:00,2025-08-16 08:00:00,8,Furniture,484.97,DELAYED
SHP-03157,CUST-1112,ZADUR,CNNGB,VSL-0053,2024-11-29 22:00:00,2024-12-08 22:00:00,2024-12-09 17:00:00,2024-12-27 22:00:00,2024-12-29 01:00:00,37,Machinery,2290.12,DELAYED
SHP-02747,CUST-1119,KRPUS,INMUN,VSL-0070,2025-05-04 05:00:00,2025-05-18 05:00:00,2025-05-20 05:00:00,2025-05-25 05:00:00,2025-05-31 04:00:00,14,Electronics,1789.95,DELAYED
SHP-02532,CUST-1009,EGPSD,DEHAM,VSL-0040,2025-02-25 02:00:00,2025-03-11 02:00:00,2025-03-11 16:00:00,2025-04-10 02:00:00,2025-04-12 03:00:00,30,Electronics,1705.03,DELAYED
SHP-00914,CUST-1125,CNSHA,JPYOK,VSL-0015,2024-06-26 08:00:00,2024-07-02 08:00:00,2024-07-02 10:00:00,2024-07-05 08:00:00,2024-07-08 01:00:00,22,Food & Beverage,2085.46,DELAYED
SHP-04749,CUST-1076,BEANR,ZADUR,VSL-0048,2024-10-28 19:00:00,2024-11-08 19:00:00,2024-11-08 23:00:00,2024-12-02 19:00:00,2024-12-03 01:00:00,19,Machinery,1188.46,DELIVERED
SHP-01536,CUST-1092,HKHKG,INMUN,VSL-0043,2024-07-15 01:00:00,2024-07-20 01:00:00,2024-07-20 18:00:00,2024-07-23 01:00:00,2024-07-25 05:00:00,13,Consumer Goods,473.45,DELAYED
SHP-04878,CUST-1231,BEANR,ESVLC,VSL-0030,2024-07-13 01:00:00,2024-07-24 01:00:00,2024-07-24 07:00:00,2024-08-02 01:00:00,2024-08-02 07:00:00,40,Raw Materials,1915.8,DELIVERED
SHP-00859,CUST-1065,ZADUR,EGPSD,VSL-0017,2025-06-07 12:00:00,2025-06-13 12:00:00,2025-06-13 18:00:00,2025-06-17 12:00:00,2025-06-17 11:00:00,29,Raw Materials,1996.16,DELIVERED
SHP-00924,CUST-1130,ZADUR,USLGB,VSL-0012,2024-10-17 16:00:00,2024-10-26 16:00:00,2024-10-26 22:00:00,2024-11-13 16:00:00,2024-11-14 02:00:00,36,Food & Beverage,1726.36,DELIVERED
SHP-04366,CUST-1097,EGPSD,CNSZX,VSL-0030,2024-10-13 16:00:00,2024-10-17 16:00:00,2024-10-18 04:00:00,2024-11-04 16:00:00,2024-11-08 18:00:00,4,Apparel,1794.85,DELAYED
SHP-03604,CUST-1172,JPYOK,CNSHA,VSL-0017,2025-09-28 17:00:00,2025-10-07 17:00:00,2025-10-07 20:00:00,2025-10-13 17:00:00,2025-10-14 05:00:00,14,Food & Beverage,1967.12,DELIVERED
SHP-00709,CUST-1173,MYPKG,BRSSZ,VSL-0064,2024-12-28 18:00:00,2025-01-10 18:00:00,2025-01-13 04:00:00,2025-02-03 18:00:00,2025-02-10 03:00:00,34,Chemicals,1599.88,DELAYED
SHP-01312,CUST-1033,GBFXT,CNSZX,VSL-0027,2024-06-10 18:00:00,2024-06-17 18:00:00,2024-06-17 16:00:00,2024-07-17 18:00:00,2024-07-18 06:00:00,24,Machinery,1932.92,DELIVERED
SHP-04318,CUST-1169,USNYC,INNSA,VSL-0045,2024-10-02 19:00:00,2024-10-08 19:00:00,2024-10-08 19:00:00,2024-10-27 19:00:00,2024-10-27 18:00:00,7,Food & Beverage,797.3,DELIVERED
SHP-00089,CUST-1012,USNYC,MYPKG,VSL-0056,2025-04-05 17:00:00,2025-04-09 17:00:00,2025-04-09 21:00:00,2025-05-13 17:00:00,2025-05-13 19:00:00,15,Furniture,1911.19,DELIVERED
SHP-01743,CUST-1110,DEHAM,BEANR,VSL-0026,2025-03-14 08:00:00,2025-03-26 08:00:00,2025-03-26 13:00:00,2025-03-31 08:00:00,2025-03-31 16:00:00,13,Consumer Goods,1681.85,DELIVERED
SHP-01606,CUST-1205,DEHAM,THBKK,VSL-0060,2025-07-03 15:00:00,2025-07-06 15:00:00,2025-07-06 23:00:00,2025-07-22 15:00:00,2025-07-23 21:00:00,37,Apparel,1851.33,DELAYED
SHP-03460,CUST-1109,EGPSD,ESVLC,VSL-0065,2025-02-08 21:00:00,2025-02-18 21:00:00,2025-02-18 23:00:00,2025-03-20 21:00:00,2025-03-21 00:00:00,37,Machinery,725.89,DELIVERED
SHP-01305,CUST-1215,CNSHA,MYPKG,VSL-0038,2024-10-11 11:00:00,2024-10-21 11:00:00,2024-10-21 20:00:00,2024-10-27 11:00:00,2024-10-30 04:00:00,9,Raw Materials,1831.9,DELAYED
SHP-03000,CUST-1213,BRSSZ,ZADUR,VSL-0006,2025-01-21 04:00:00,2025-01-28 04:00:00,2025-01-30 13:00:00,2025-02-25 04:00:00,2025-02-28 21:00:00,13,Apparel,1885.28,DELAYED
SHP-03169,CUST-1090,USNYC,USLGB,VSL-0080,2024-09-09 00:00:00,2024-09-13 00:00:00,2024-09-13 02:00:00,2024-09-16 00:00:00,2024-09-16 06:00:00,3,Food & Beverage,2270.97,DELIVERED
SHP-04834,CUST-1129,KRPUS,SGSIN,VSL-0034,2025-06-20 23:00:00,2025-07-02 23:00:00,2025-07-04 23:00:00,2025-07-05 23:00:00,2025-07-07 18:00:00,11,Automotive Parts,1506.31,DELAYED
SHP-04696,CUST-1137,ESVLC,MYPKG,VSL-0053,2025-04-09 07:00:00,2025-04-14 07:00:00,2025-04-16 11:00:00,2025-05-08 07:00:00,2025-05-12 01:00:00,21,Furniture,53.76,DELAYED
SHP-03017,CUST-1139,KRPUS,ESVLC,VSL-0080,2024-11-05 12:00:00,2024-11-13 12:00:00,2024-11-15 10:00:00,2024-12-05 12:00:00,2024-12-10 04:00:00,24,Chemicals,1564.59,DELAYED
SHP-02278,CUST-1087,KRPUS,USNYC,VSL-0004,2024-06-12 12:00:00,2024-06-17 12:00:00,2024-06-20 10:00:00,2024-07-04 12:00:00,2024-07-07 15:00:00,0,Raw Materials,440.21,DELAYED
SHP-04189,CUST-1248,JPYOK,MYPKG,VSL-0032,2024-10-14 06:00:00,2024-10-27 06:00:00,2024-10-29 16:00:00,2024-10-31 06:00:00,2024-11-06 15:00:00,1,Raw Materials,2585.77,DELAYED
SHP-01150,CUST-1189,PKKAR,MYPKG,VSL-0042,2025-10-01 04:00:00,2025-10-14 04:00:00,,2025-10-24 04:00:00,,13,Automotive parts,1627.05,CANCELLED
SHP-03783,CUST-1175,NLRTM,EGPSD,VSL-0002,2024-09-14 16:00:00,2024-09-26 16:00:00,2024-09-26 15:00:00,2024-10-15 16:00:00,2024-10-15 19:00:00,19,Food & Beverage,678.97,DELIVERED
SHP-04760,CUST-1181,HKHKG,GBFXT,VSL-0041,2024-11-25 14:00:00,2024-12-08 14:00:00,2024-12-08 10:00:00,2025-01-03 14:00:00,2025-01-03 23:00:00,25,Apparel,170.86,DELIVERED
SHP-04368,CUST-1170,AEDXB,ESVLC,VSL-0040,2025-06-19 11:00:00,2025-06-30 11:00:00,2025-06-30 14:00:00,2025-07-26 11:00:00,2025-07-26 11:00:00,11,Electronics,987.27,DELIVERED
SHP-02774,CUST-1107,AEDXB,KRPUS,VSL-0042,2024-10-03 02:00:00,2024-10-15 02:00:00,2024-10-16 18:00:00,2024-11-18 02:00:00,2024-11-20 08:00:00,39,Chemicals,915.53,DELAYED
SHP-04341,CUST-1084,ESVLC,INNSA,VSL-0071,2024-07-09 03:00:00,2024-07-18 03:00:00,2024-07-19 09:00:00,2024-08-02 03:00:00,2024-08-05 22:00:00,38,Consumer Goods,257.67,DELAYED
SHP-03101,CUST-1061,EGPSD,BRSSZ,VSL-0061,2024-08-01 01:00:00,2024-08-15 01:00:00,,2024-09-06 01:00:00,,5,Electronics,261.78,
SHP-04230,CUST-1229,NLRTM,CNSZX,VSL-0015,2025-10-05 19:00:00,2025-10-14 19:00:00,2025-10-15 22:00:00,2025-11-17 19:00:00,2025-11-21 17:00:00,28,Apparel,221.73,DELAYED
SHP-02616,CUST-1089,USSAV,USNYC,VSL-0029,2024-11-09 23:00:00,2024-11-15 23:00:00,2024-11-16 02:00:00,2024-11-22 23:00:00,2024-11-23 10:00:00,40,Consumer Goods,2101.75,DELIVERED
SHP-01239,CUST-1163,CNNGB,HKHKG,VSL-0049,2025-01-23 18:00:00,2025-02-06 18:00:00,2025-02-06 18:00:00,2025-02-15 18:00:00,2025-02-15 23:00:00,13,Machinery,2583.24,DELIVERED
SHP-01362,CUST-1015,EGPSD,MYPKG,VSL-0034,2025-04-08 23:00:00,2025-04-14 23:00:00,2025-04-15 04:00:00,2025-05-06 23:00:00,2025-05-07 04:00:00,5,Raw Materials,2008.31,DELIVERED
SHP-02301,CUST-1114,KRPUS,NLRTM,VSL-0048,2024-11-01 22:00:00,2024-11-04 22:00:00,2024-11-05 06:00:00,2024-11-24 22:00:00,2024-11-28 19:00:00,19,Furniture,2052.2,DELAYED
SHP-04764,CUST-1204,CNSHA,JPYOK,VSL-0067,2025-02-16 04:00:00,2025-02-19 04:00:00,2025-02-21 13:00:00,2025-03-01 04:00:00,2025-03-05 20:00:00,22,Chemicals,1204.93,DELAYED
SHP-00134,CUST-1089,KRPUS,ZADUR,VSL-0014,2025-01-20 16:00:00,2025-01-27 16:00:00,2025-01-30 01:00:00,2025-02-22 16:00:00,2025-02-26 04:00:00,24,Chemicals,921.73,DELAYED
SHP-00581,CUST-1187,CNSZX,JPYOK,VSL-0065,2024-08-04 00:00:00,2024-08-12 00:00:00,2024-08-12 04:00:00,2024-08-15 00:00:00,2024-08-14 17:00:00,34,Food & Beverage,1094.28,DELIVERED
SHP-03912,CUST-1127,AEDXB,USSAV,VSL-0072,2025-07-27 10:00:00,2025-07-31 10:00:00,2025-07-31 15:00:00,2025-08-22 10:00:00,2025-08-22 05:00:00,16,Food & Beverage,2719.45,DELIVERED
SHP-02487,CUST-1206,USLAX,HKHKG,VSL-0007,2025-05-26 05:00:00,2025-06-02 05:00:00,2025-06-02 07:00:00,2025-06-22 05:00:00,2025-06-22 04:00:00,23,Pharmaceuticals,1061.35,DELIVERED
SHP-00955,CUST-1201,SGSIN,ZADUR,VSL-0065,2025-05-27 18:00:00,2025-06-09 18:00:00,2025-06-09 18:00:00,2025-07-12 18:00:00,2025-07-13 04:00:00,3,Apparel,2195.67,DELIVERED
SHP-01564,CUST-1131,DEHAM,NLRTM,VSL-0067,2024-11-13 00:00:00,2024-11-27 00:00:00,2024-11-26 22:00:00,2024-12-03 00:00:00,2024-12-03 04:00:00,19, Chemicals,708.75,DELIVERED
SHP-00834,CUST-1190,CNSZX,CNSHA,VSL-0070,2024-06-07 20:00:00,2024-06-20 20:00:00,2024-06-23 09:00:00,2024-06-30 20:00:00,2024-07-06 14:00:00,32,Pharmaceuticals,1235.72,DELAYED
SHP-01193,CUST-1032,BRSSZ,MYPKG,VSL-0047,2025-06-09 20:00:00,2025-06-22 20:00:00,2025-06-24 13:00:00,2025-07-25 20:00:00,2025-07-31 03:00:00,8,Electronics,685.74,DELAYED
SHP-02519,CUST-1247,CNNGB,NLRTM,VSL-0033,2025-07-27 05:00:00,2025-08-08 05:00:00,2025-08-08 11:00:00,2025-09-08 05:00:00,2025-09-09 11:00:00,5,Pharmaceuticals,2735.99,DELAYED
SHP-01963,CUST-1006,JPYOK,DEHAM,VSL-0028,2025-08-17 03:00:00,2025-08-27 03:00:00,2025-08-29 01:00:00,2025-09-19 03:00:00,2025-09-24 03:00:00,33,Electronics,1390.88,DELAYED
SHP-02927,CUST-1033,ESVLC,BEANR,VSL-0068,2025-02-22 11:00:00,2025-02-25 11:00:00,2025-02-25 14:00:00,2025-03-04 11:00:00,2025-03-06 20:00:00,32,Chemicals,662.24,DELAYED
SHP-01178,CUST-1068,CNNGB,CNSHA,VSL-0011,2024-07-17 11:00:00,2024-07-29 11:00:00,2024-07-29 08:00:00,2024-08-04 11:00:00,2024-08-04 10:00:00,7,Food & Beverage,1888.24,DELIVERED
SHP-01120,CUST-1186,THBKK,BRSSZ,VSL-0078,2025-08-19 08:00:00,2025-08-29 08:00:00,2025-08-29 11:00:00,2025-09-20 08:00:00,2025-09-20 14:00:00,33,Food & Beverage,2732.36,DELIVERED
SHP-03090,CUST-1058,INNSA,AEDXB,VSL-0008,2024-07-30 20:00:00,2024-08-12 20:00:00,2024-08-12 22:00:00,2024-09-15 20:00:00,2024-09-16 02:00:00,17,Pharmaceuticals,921.02,DELIVERED
SHP-04675,CUST-1105,MYPKG,THBKK,VSL-0006,2025-02-17 06:00:00,2025-02-27 06:00:00,2025-03-02 00:00:00,2025-03-09 06:00:00,2025-03-13 14:00:00,2,Chemicals,243.72,DELAYED
SHP-01326,CUST-1161,EGPSD,GBFXT,VSL-0056,2025-07-24 09:00:00,2025-07-29 09:00:00,2025-07-29 08:00:00,2025-08-21 09:00:00,2025-08-21 06:00:00,35,Pharmaceuticals,2620.03,DELIVERED
SHP-00024,CUST-1212,GBFXT,AEDXB,VSL-0078,2024-09-02 04:00:00,2024-09-16 04:00:00,2024-09-17 04:00:00,2024-10-09 04:00:00,2024-10-13 22:00:00,18,Apparel,738.02,DELAYED
SHP-00611,CUST-1019,CNSHA,HKHKG,VSL-0068,2024-06-22 01:00:00,2024-07-06 01:00:00,2024-07-08 14:00:00,2024-07-14 01:00:00,2024-07-19 15:00:00,35,Pharmaceuticals,2179.24,DELAYED
SHP-04137,CUST-1015,USSAV,KRPUS,VSL-0007,2025-03-22 15:00:00,2025-03-30 15:00:00,2025-03-30 21:00:00,2025-04-16 15:00:00,2025-04-16 19:00:00,13,Consumer Goods,1731.87,DELIVERED
SHP-01028,CUST-1009,KRPUS,ESVLC,VSL-0070,2025-06-17 12:00:00,2025-06-20 12:00:00,2025-06-22 12:00:00,2025-07-06 12:00:00,2025-07-11 19:00:00,35,Food & Beverage,430.53,DELAYED
SHP-03127,CUST-1117,ESVLC,JPYOK,VSL-0006,2024-12-05 06:00:00,2024-12-17 06:00:00,2024-12-17 11:00:00,2025-01-10 06:00:00,2025-01-13 13:00:00,38,Apparel,2414.07,DELAYED
SHP-00504,CUST-1130,INNSA,SGSIN,VSL-0032,2025-02-23 07:00:00,2025-03-09 07:00:00,2025-03-09 07:00:00,2025-03-18 07:00:00,2025-03-18 03:00:00,27,Electronics,859.29,DELIVERED
SHP-03968,CUST-1248,NLRTM,EGPSD,VSL-0009,2025-01-19 06:00:00,2025-01-23 06:00:00,2025-01-23 08:00:00,2025-02-24 06:00:00,2025-02-23 23:00:00,31,Chemicals,2378.52,DELIVERED
SHP-04330,CUST-1184,JPYOK,INMUN,VSL-0039,2024-06-29 15:00:00,2024-07-08 15:00:00,2024-07-08 17:00:00,2024-07-14 15:00:00,2024-07-14 23:00:00,14,Food & Beverage,1719.73,DELIVERED
SHP-02541,CUST-1083,THBKK,MYPKG,VSL-0039,2025-07-27 13:00:00,2025-08-10 13:00:00,2025-08-10 12:00:00,2025-08-14 13:00:00,2025-08-14 22:00:00,39,Furniture,2512.77,DELIVERED
SHP-02621,CUST-1022,INNSA,THBKK,VSL-0038,2025-05-16 00:00:00,2025-05-19 00:00:00,2025-05-21 12:00:00,2025-05-22 00:00:00,2025-05-27 02:00:00,28,Chemicals,1466.1,DELAYED
SHP-04102,CUST-1070,EGPSD,INMUN,VSL-0039,2024-09-26 10:00:00,2024-10-02 10:00:00,2024-10-04 03:00:00,2024-10-31 10:00:00,2024-11-04 03:00:00,5,Furniture,2291.81,DELAYED
SHP-01476,CUST-1139,USLGB,JPYOK,VSL-0035,2024-12-05 14:00:00,2024-12-08 14:00:00,2024-12-08 19:00:00,2025-01-08 14:00:00,2025-01-08 13:00:00,38,Electronics,1419.65,DELIVERED
SHP-01453,CUST-1239,AEDXB,ZADUR,VSL-0006,2024-11-08 04:00:00,2024-11-18 04:00:00,2024-11-18 01:00:00,2024-11-28 04:00:00,2024-11-28 16:00:00,4,Machinery,824.52,DELIVERED
SHP-04127,CUST-1109,HKHKG,KRPUS,VSL-0031,2024-10-10 09:00:00,2024-10-23 09:00:00,2024-10-23 08:00:00,2024-11-02 09:00:00,2024-11-02 09:00:00,23,Furniture,1840.05,DELIVERED
SHP-04135,CUST-1233,KRPUS,JPYOK,VSL-0008,2025-04-11 16:00:00,2025-04-17 16:00:00,2025-04-19 22:00:00,2025-04-21 16:00:00,2025-04-25 08:00:00,30,Raw Materials,515.53,DELAYED
SHP-02586,CUST-1238,THBKK,HKHKG,VSL-0032,2025-04-23 17:00:00,2025-04-30 17:00:00,2025-04-30 23:00:00,2025-05-10 17:00:00,2025-05-10 11:00:00,24,Automotive Parts,1861.71,DELIVERED
SHP-04100,CUST-1121,BRSSZ,HKHKG,VSL-0017,2025-04-24 19:00:00,2025-04-30 19:00:00,2025-04-30 16:00:00,2025-05-19 19:00:00,2025-05-19 22:00:00,13,Consumer Goods,2664.07,DELIVERED
SHP-02448,CUST-1131,USSAV,CNSZX,VSL-0069,2025-08-02 04:00:00,2025-08-08 04:00:00,2025-08-08 09:00:00,2025-08-27 04:00:00,2025-08-27 00:00:00,7,Chemicals,2512.96,DELIVERED
SHP-00144,CUST-1231,BEANR,USLGB,VSL-0071,2025-06-07 04:00:00,2025-06-12 04:00:00,2025-06-13 14:00:00,2025-07-17 04:00:00,2025-07-21 22:00:00,34,Food & Beverage,1590.16,DELAYED
SHP-00656,CUST-1078,ZADUR,CNNGB,VSL-0014,2025-09-15 00:00:00,2025-09-18 00:00:00,2025-09-19 11:00:00,2025-10-16 00:00:00,2025-10-21 05:00:00,12,Pharmaceuticals,118.83,DELAYED
SHP-00717,CUST-1158,MYPKG,USLGB,VSL-0054,2025-10-01 02:00:00,2025-10-11 02:00:00,2025-10-12 09:00:00,2025-10-30 02:00:00,2025-11-01 20:00:00,38,Machinery,699.1,DELAYED
SHP-02761,CUST-1010,NLRTM,ESVLC,VSL-0015,2025-07-24 19:00:00,2025-07-29 19:00:00,2025-07-31 19:00:00,2025-08-07 19:00:00,2025-08-12 05:00:00,8,Apparel,1040.45,DELAYED
SHP-03475,CUST-1011,USLAX,USLGB,VSL-0064,2025-03-29 18:00:00,2025-04-05 18:00:00,2025-04-08 04:00:00,2025-04-08 18:00:00,2025-04-11 23:00:00,29,Apparel,470.95,DELAYED
SHP-03413,CUST-1031,HKHKG,NLRTM,VSL-0031,2025-04-05 01:00:00,2025-04-08 01:00:00,2025-04-08 07:00:00,2025-05-07 01:00:00,2025-05-07 13:00:00,22,Pharmaceuticals,2451.27,DELIVERED
SHP-03482,CUST-1031,USLGB,INMUN,VSL-0073,2024-11-20 09:00:00,2024-11-25 09:00:00,2024-11-26 06:00:00,2024-12-14 09:00:00,2024-12-15 09:00:00,10,Machinery,626.66,DELIVERED
SHP-04909,CUST-1087,ESVLC,BEANR,VSL-0065,2024-12-08 01:00:00,2024-12-14 01:00:00,2024-12-13 21:00:00,2024-12-21 01:00:00,2024-12-21 13:00:00,13,Raw Materials,1587.3,DELIVERED
SHP-03139,CUST-1218,SGSIN,USLGB,VSL-0065,2024-08-26 13:00:00,2024-09-05 13:00:00,2024-09-08 07:00:00,2024-09-29 13:00:00,2024-10-05 20:00:00,30,Raw Materials,2456.16,DELAYED
SHP-01068,CUST-1150,DEHAM,JPYOK,VSL-0045,2024-08-22 23:00:00,2024-08-28 23:00:00,2024-08-29 05:00:00,2024-09-27 23:00:00,2024-09-28 04:00:00,1,Automotive Parts,1376.61,DELIVERED
SHP-04134,CUST-1215,DEHAM,USNYC,VSL-0060,2024-11-25 13:00:00,2024-12-01 13:00:00,2024-12-03 15:00:00,2024-12-25 13:00:00,2024-12-28 05:00:00,32,machinery ,1831.84,DELAYED
SHP-02553,CUST-1007,USNYC,SGSIN,VSL-0035,2025-02-07 03:00:00,2025-02-19 03:00:00,2025-02-19 05:00:00,2025-03-12 03:00:00,2025-03-12 15:00:00,5,Apparel,1025.46,DELIVERED
SHP-00561,CUST-1130,JPYOK,SGSIN,VSL-0044,2024-06-18 00:00:00,2024-07-02 00:00:00,2024-07-01 23:00:00,2024-07-05 00:00:00,2024-07-05 09:00:00,22, Chemicals,928.67,DELIVERED
SHP-02878,CUST-1100,USNYC,HKHKG,VSL-0012,2024-09-20 18:00:00,2024-09-30 18:00:00,2024-10-01 00:00:00,2024-10-17 18:00:00,2024-10-17 18:00:00,15,Furniture,1229.66,DELIVERED
SHP-03869,CUST-1198,CNNGB,ESVLC,VSL-0006,2024-12-19 21:00:00,2024-12-28 21:00:00,2024-12-29 03:00:00,2025-01-23 21:00:00,2025-01-24 01:00:00,28,Consumer Goods,1288.86,DELIVERED
SHP-01833,CUST-1126,CNNGB,DEHAM,VSL-0011,2024-08-01 12:00:00,2024-08-12 12:00:00,2024-08-13 04:00:00,2024-09-14 12:00:00,2024-09-18 18:00:00,14,Food & Beverage,582.0,DELAYED
SHP-02406,CUST-1140,THBKK,EGPSD,VSL-0009,2024-09-01 08:00:00,2024-09-13 08:00:00,2024-09-13 04:00:00,2024-10-15 08:00:00,2024-10-15 00:00:00,9,electronics,1450.79,DELIVERED
SHP-01378,CUST-1102,USLGB,BRSSZ,VSL-0068,2024-07-28 11:00:00,2024-08-01 11:00:00,2024-08-04 04:00:00,2024-08-10 11:00:00,2024-08-16 20:00:00,32,Raw Materials,1943.08,DELAYED
SHP-00873,CUST-1156,BRSSZ,KRPUS,VSL-0046,2025-07-26 01:00:00,2025-08-07 01:00:00,2025-08-07 02:00:00,2025-08-23 01:00:00,2025-08-23 05:00:00,33,Chemicals,1529.17,DELIVERED
SHP-00003,CUST-1163,JPYOK,PKKAR,VSL-0008,2024-08-22 23:00:00,2024-09-01 23:00:00,2024-09-02 02:00:00,2024-09-06 23:00:00,2024-09-07 17:00:00,9,Apparel,443.01,DELIVERED
SHP-04848,CUST-1067,CNSHA,SGSIN,VSL-0063,2024-10-04 16:00:00,2024-10-11 16:00:00,2024-10-11 15:00:00,2024-10-21 16:00:00,2024-10-22 03:00:00,33,Chemicals,1612.02,DELIVERED
SHP-04606,CUST-1179,KRPUS,DEHAM,VSL-0070,2025-08-24 18:00:00,2025-09-01 18:00:00,2025-09-01 21:00:00,2025-09-22 18:00:00,2025-09-22 20:00:00,3,Consumer Goods,1497.05,DELIVERED
SHP-00735,CUST-1202,AEDXB,NLRTM,VSL-0005,2024-09-11 21:00:00,2024-09-22 21:00:00,2024-09-22 21:00:00,2024-10-14 21:00:00,2024-10-15 07:00:00,2,Electronics,411.85,DELIVERED
SHP-02964,CUST-1195,NLRTM,KRPUS,VSL-0051,2025-01-03 14:00:00,2025-01-15 14:00:00,2025-01-15 11:00:00,2025-02-08 14:00:00,2025-02-09 02:00:00,30,Food & Beverage,2735.86,DELIVERED
SHP-00437,CUST-1235,DEHAM,JPYOK,VSL-0034,2024-06-27 13:00:00,2024-06-30 13:00:00,,2024-08-04 13:00:00,,22,Raw Materials,2741.34,CANCELLED
SHP-01245,CUST-1218,SGSIN,USNYC,VSL-0036,2024-11-13 10:00:00,2024-11-16 10:00:00,2024-11-16 08:00:00,2024-12-14 10:00:00,2024-12-14 14:00:00,9,Apparel,2319.96,DELIVERED
SHP-01455,CUST-1155,NLRTM,USSAV,VSL-0059,2024-11-04 04:00:00,2024-11-15 04:00:00,2024-11-17 20:00:00,2024-12-18 04:00:00,2024-12-21 23:00:00,14,Automotive Parts,1237.13,DELAYED
SHP-02862,CUST-1141,INNSA,AEDXB,VSL-0076,2025-09-02 12:00:00,2025-09-10 12:00:00,2025-09-10 12:00:00,2025-09-27 12:00:00,2025-09-27 21:00:00,12,Automotive Parts,1945.89,DELIVERED
SHP-01575,CUST-1032,SGSIN,HKHKG,VSL-0004,2025-09-20 10:00:00,2025-10-03 10:00:00,2025-10-04 08:00:00,2025-10-13 10:00:00,2025-10-17 16:00:00,6,Pharmaceuticals,2662.61,DELAYED
SHP-03091,CUST-1201,BRSSZ,ZADUR,VSL-0043,2025-05-03 06:00:00,2025-05-16 06:00:00,,2025-06-02 06:00:00,,10,Electronics,1999.17,Complete
SHP-02138,CUST-1009,DEHAM,USNYC,VSL-0012,2024-12-25 05:00:00,2025-01-02 05:00:00,2025-01-04 00:00:00,2025-01-27 05:00:00,2025-02-01 01:00:00,20,Pharmaceuticals,991.61,DELAYED
SHP-03014,CUST-1008,USLAX,GBFXT,VSL-0043,2024-11-26 12:00:00,2024-12-04 12:00:00,,2025-01-07 12:00:00,,21,Raw Materials,1694.76,CANCELLED
SHP-03888,CUST-1193,JPYOK,THBKK,VSL-0065,2025-08-26 01:00:00,2025-09-05 01:00:00,2025-09-05 02:00:00,2025-09-09 01:00:00,2025-09-09 12:00:00,25,Automotive Parts,223.49,DELIVERED
SHP-04513,CUST-1092,HKHKG,ESVLC,VSL-0052,2025-09-24 08:00:00,2025-10-03 08:00:00,2025-10-05 07:00:00,2025-11-01 08:00:00,2025-11-06 15:00:00,34,Food & Beverage,1549.87,DELAYED
SHP-01793,CUST-1007,ZADUR,SGSIN,VSL-0017,2025-07-24 01:00:00,2025-08-06 01:00:00,,2025-08-29 01:00:00,,22,Electronics,1860.42,CANCELLED
SHP-04457,CUST-1233,MYPKG,INMUN,VSL-0037,2025-06-22 18:00:00,2025-06-30 18:00:00,2025-07-01 21:00:00,2025-07-05 18:00:00,2025-07-08 23:00:00,12,,594.99,DELAYED
SHP-00800,CUST-1171,CNNGB,INNSA,VSL-0015,2025-05-21 15:00:00,2025-06-04 15:00:00,2025-06-04 18:00:00,2025-06-13 15:00:00,2025-06-13 11:00:00,28,Pharmaceuticals,1815.16,DELIVERED
SHP-00820,CUST-1230,CNSZX,KRPUS,VSL-0027,2025-04-07 06:00:00,2025-04-13 06:00:00,2025-04-16 03:00:00,2025-04-20 06:00:00,2025-04-24 01:00:00,2,Pharmaceuticals,1863.06,DELAYED
SHP-03397,CUST-1216,DEHAM,BRSSZ,VSL-0069,2025-09-19 18:00:00,2025-09-22 18:00:00,2025-09-24 14:00:00,2025-10-25 18:00:00,2025-10-29 19:00:00,28,Furniture,478.83,DELAYED
SHP-01296,CUST-1019,HKHKG,USLAX,VSL-0048,2025-09-07 22:00:00,2025-09-18 22:00:00,2025-09-18 22:00:00,2025-10-20 22:00:00,2025-10-20 19:00:00,32,Chemicals,1199.75,DELIVERED
SHP-01463,CUST-1154,SGSIN,GBFXT,VSL-0068,2024-07-04 23:00:00,2024-07-12 23:00:00,2024-07-12 22:00:00,2024-08-06 23:00:00,2024-08-06 18:00:00,35,Food & Beverage,2705.58,DELIVERED
SHP-03776,CUST-1215,USNYC,HKHKG,VSL-0050,2025-04-21 22:00:00,2025-05-03 22:00:00,2025-05-04 04:00:00,2025-05-24 22:00:00,2025-05-24 17:00:00,10,Electronics,1666.52,DELIVERED
SHP-03438,CUST-1050,AEDXB,DEHAM,VSL-0040,2024-06-10 21:00:00,2024-06-16 21:00:00,2024-06-16 19:00:00,2024-07-08 21:00:00,2024-07-09 01:00:00,31,Machinery,1169.56,DELIVERED
SHP-01013,CUST-1029,THBKK,KRPUS,VSL-0036,2024-09-08 10:00:00,2024-09-15 10:00:00,2024-09-15 14:00:00,2024-09-18 10:00:00,2024-09-18 03:00:00,14,Apparel,817.82,DELIVERED
SHP-04275,CUST-1146,NLRTM,INNSA,VSL-0002,2025-03-07 23:00:00,2025-03-11 23:00:00,,2025-04-13 23:00:00,,7,Pharmaceuticals,2158.29,N/A
SHP-02307,CUST-1086,USNYC,KRPUS,VSL-0003,2025-08-14 02:00:00,2025-08-26 02:00:00,2025-08-29 02:00:00,2025-09-18 02:00:00,2025-09-24 21:00:00,14,Automotive Parts,1201.15,DELAYED
SHP-01815,CUST-1101,BRSSZ,ZADUR,VSL-0022,2024-06-23 23:00:00,2024-06-30 23:00:00,2024-07-02 11:00:00,2024-08-04 23:00:00,2024-08-07 06:00:00,13,Apparel,632.93,DELAYED
SHP-02039,CUST-1226,HKHKG,THBKK,VSL-0024,2025-01-08 17:00:00,2025-01-19 17:00:00,2025-01-19 23:00:00,2025-01-24 17:00:00,2025-01-24 18:00:00,37,Automotive Parts,1723.61,DELIVERED
SHP-01422,CUST-1054,BEANR,ZADUR,VSL-0070,2024-06-23 20:00:00,2024-06-28 20:00:00,2024-06-29 00:00:00,2024-07-15 20:00:00,2024-07-15 14:00:00,25,Automotive Parts,2624.43,DELIVERED
SHP-00633,CUST-1228,AEDXB,NLRTM,VSL-0079,2025-04-17 11:00:00,2025-04-27 11:00:00,2025-04-27 15:00:00,2025-05-28 11:00:00,2025-05-28 22:00:00,17,Apparel,2784.38,DELIVERED
SHP-02349,CUST-1010,NLRTM,CNSZX,VSL-0015,2025-02-14 13:00:00,2025-02-19 13:00:00,2025-02-19 09:00:00,2025-03-24 13:00:00,2025-03-24 20:00:00,1,Automotive Parts,1642.94,DELIVERED
SHP-02834,CUST-1071,CNNGB,ESVLC,VSL-0060,2025-09-15 22:00:00,2025-09-21 22:00:00,2025-09-23 23:00:00,2025-10-12 22:00:00,2025-10-15 01:00:00,37,Consumer Goods,2357.25,DELAYED
SHP-03381,CUST-1226,AEDXB,USLAX,VSL-0019,2025-10-02 20:00:00,2025-10-08 20:00:00,2025-10-08 19:00:00,2025-11-09 20:00:00,2025-11-10 05:00:00,34,Consumer Goods,1782.05,DELIVERED
SHP-03056,CUST-1147,JPYOK,ZADUR,VSL-0009,2025-08-05 03:00:00,2025-08-17 03:00:00,2025-08-18 22:00:00,2025-09-03 03:00:00,2025-09-07 23:00:00,7,Chemicals,1889.65,DELAYED
SHP-01563,CUST-1104,EGPSD,USLGB,VSL-0058,2024-07-04 16:00:00,2024-07-16 16:00:00,2024-07-16 20:00:00,2024-08-12 16:00:00,2024-08-12 13:00:00,27,Pharmaceuticals,961.48,DELIVERED
SHP-04164,CUST-1127,CNSZX,GBFXT,VSL-0064,2025-02-12 08:00:00,2025-02-19 08:00:00,2025-02-19 09:00:00,2025-03-26 08:00:00,2025-03-26 15:00:00,25,Automotive Parts,2115.74,DELIVERED
SHP-02799,CUST-1096,THBKK,EGPSD,VSL-0030,2025-06-05 01:00:00,2025-06-17 01:00:00,2025-06-17 02:00:00,2025-07-21 01:00:00,2025-07-21 12:00:00,11,Automotive Parts,782.29,DELIVERED
SHP-00723,CUST-1241,SGSIN,INMUN,VSL-0029,2024-06-26 14:00:00,2024-07-02 14:00:00,2024-07-02 10:00:00,2024-07-12 14:00:00,2024-07-12 08:00:00,21,Electronics,1552.98,DELIVERED
SHP-01708,CUST-1111,ESVLC,USSAV,VSL-0055,2025-03-17 22:00:00,2025-03-20 22:00:00,2025-03-22 14:00:00,2025-04-08 22:00:00,2025-04-13 01:00:00,7,Chemicals,2504.73,DELAYED
SHP-01265,CUST-1136,USSAV,ESVLC,VSL-0015,2025-02-15 06:00:00,2025-02-19 06:00:00,2025-02-21 08:00:00,2025-03-15 06:00:00,2025-03-19 06:00:00,15,Food & Beverage,1154.03,DELAYED
SHP-00555,CUST-1183,USLAX,USNYC,VSL-0049,2025-07-14 09:00:00,2025-07-25 09:00:00,2025-07-25 14:00:00,2025-08-04 09:00:00,2025-08-04 05:00:00,15,Pharmaceuticals,1228.05,DELIVERED
SHP-02715,CUST-1162,BEANR,ZADUR,VSL-0027,2025-08-09 21:00:00,2025-08-19 21:00:00,2025-08-19 23:00:00,2025-09-14 21:00:00,2025-09-14 23:00:00,18,Consumer Goods,2746.79,DELIVERED
SHP-03483,CUST-1099,BRSSZ,DEHAM,VSL-0077,2024-07-13 12:00:00,2024-07-26 12:00:00,2024-07-26 11:00:00,2024-08-23 12:00:00,2024-08-24 00:00:00,37,Electronics,1345.6,DELIVERED
SHP-04593,CUST-1103,HKHKG,BRSSZ,VSL-0048,2025-08-14 13:00:00,2025-08-18 13:00:00,2025-08-21 13:00:00,2025-09-09 13:00:00,2025-09-13 21:00:00,27,Pharmaceuticals,2509.62,DELAYED
SHP-00984,CUST-1012,INNSA,USLAX,VSL-0079,2024-08-21 06:00:00,2024-08-24 06:00:00,,2024-09-17 06:00:00,,8,electronics,770.13,CANCELLED
SHP-02366,CUST-1023,JPYOK,BRSSZ,VSL-0017,2025-06-09 21:00:00,2025-06-19 21:00:00,2025-06-20 03:00:00,2025-07-12 21:00:00,2025-07-12 21:00:00,10,machinery ,2724.39,DELIVERED
SHP-03390,CUST-1164,ESVLC,USLGB,VSL-0015,2024-07-09 06:00:00,2024-07-23 06:00:00,2024-07-25 04:00:00,2024-08-13 06:00:00,2024-08-16 19:00:00,14,Consumer Goods,1002.81,DELAYED
SHP-00078,CUST-1172,GBFXT,JPYOK,VSL-0063,2025-01-20 06:00:00,2025-01-23 06:00:00,2025-01-23 05:00:00,2025-02-26 06:00:00,2025-02-26 13:00:00,9,Automotive Parts,703.95,DELIVERED
SHP-00867,CUST-1019,USLAX,CNSZX,VSL-0060,2025-09-16 07:00:00,2025-09-21 07:00:00,2025-09-21 11:00:00,2025-10-25 07:00:00,2025-10-25 15:00:00,19,Machinery,2121.64,DELIVERED
SHP-01291,CUST-1059,KRPUS,JPYOK,VSL-0079,2025-05-31 13:00:00,2025-06-08 13:00:00,2025-06-08 18:00:00,2025-06-12 13:00:00,2025-06-12 10:00:00,17,Furniture,345.39,DELIVERED
SHP-02416,CUST-1101,KRPUS,CNNGB,VSL-0003,2025-02-15 09:00:00,2025-02-27 09:00:00,2025-03-01 04:00:00,2025-03-02 09:00:00,2025-03-07 14:00:00,39,Pharmaceuticals,1258.53,DELAYED
SHP-00970,CUST-1078,BEANR,HKHKG,VSL-0058,2025-10-03 12:00:00,2025-10-07 12:00:00,2025-10-09 12:00:00,2025-10-31 12:00:00,2025-11-02 13:00:00,18,Electronics,52.23,DELAYED
SHP-03394,CUST-1181,CNNGB,MYPKG,VSL-0039,2024-10-25 12:00:00,2024-10-31 12:00:00,2024-11-02 12:00:00,2024-11-10 12:00:00,2024-11-15 02:00:00,36,Furniture,1125.08,DELAYED
SHP-04238,CUST-1161,NLRTM,MYPKG,VSL-0078,2025-08-08 09:00:00,2025-08-22 09:00:00,2025-08-22 07:00:00,2025-09-15 09:00:00,2025-09-15 11:00:00,36,Apparel,2307.23,DELIVERED
SHP-00493,CUST-1147,BRSSZ,ESVLC,VSL-0026,2024-08-18 07:00:00,2024-08-29 07:00:00,2024-08-29 12:00:00,2024-10-01 07:00:00,2024-10-01 06:00:00,25,Automotive Parts,780.18,DELIVERED
SHP-00557,CUST-1117,ZADUR,ESVLC,VSL-0077,2024-11-25 03:00:00,2024-12-03 03:00:00,,2025-01-01 03:00:00,,21,Chemicals,2404.88,CANCELLED
SHP-01522,CUST-1002,USLAX,CNSHA,VSL-0014,2024-11-05 12:00:00,2024-11-12 12:00:00,2024-11-12 17:00:00,2024-12-03 12:00:00,2024-12-03 15:00:00,758,Automotive Parts,715.88,DELIVERED
SHP-01888,CUST-1201,USLAX,PKKAR,VSL-0070,2025-04-24 12:00:00,2025-05-01 12:00:00,2025-05-03 20:00:00,2025-05-17 12:00:00,2025-05-23 16:00:00,34,Pharmaceuticals,2342.81,DELAYED
SHP-03973,CUST-1043,BRSSZ,CNSHA,VSL-0016,2024-09-22 02:00:00,2024-10-01 02:00:00,2024-10-02 19:00:00,2024-10-31 02:00:00,2024-11-04 07:00:00,7,Raw Materials,1805.61,DELAYED
SHP-00638,CUST-1056,CNSHA,EGPSD,VSL-0010,2024-10-21 06:00:00,2024-11-01 06:00:00,2024-11-01 09:00:00,2024-11-15 06:00:00,2024-11-14 23:00:00,8,Machinery,905.31,DELIVERED
SHP-03558,CUST-1233,ESVLC,CNNGB,VSL-0029,2025-01-21 06:00:00,2025-01-24 06:00:00,2025-01-26 00:00:00,2025-02-14 06:00:00,2025-02-19 09:00:00,34,Consumer Goods,345.33,DELAYED
SHP-03564,CUST-1161,SGSIN,ESVLC,VSL-0036,2024-07-24 13:00:00,2024-08-04 13:00:00,2024-08-04 13:00:00,2024-09-02 13:00:00,2024-09-02 18:00:00,28,Consumer Goods,2310.87,DELIVERED
SHP-02104,CUST-1006,EGPSD,KRPUS,VSL-0068,2025-01-23 19:00:00,2025-02-06 19:00:00,2025-02-07 09:00:00,2025-03-11 19:00:00,2025-03-15 14:00:00,35,Raw Materials,1311.55,DELAYED
SHP-04003,CUST-1219,INNSA,KRPUS,VSL-0027,2024-07-23 17:00:00,2024-08-05 17:00:00,2024-08-05 13:00:00,2024-08-09 17:00:00,2024-08-10 02:00:00,19,Machinery,212.95,DELIVERED
SHP-02885,CUST-1004,MYPKG,USNYC,VSL-0024,2025-02-22 08:00:00,2025-02-25 08:00:00,2025-02-25 08:00:00,2025-03-19 08:00:00,2025-03-19 01:00:00,38,Raw Materials,2295.49,DELIVERED
SHP-04634,CUST-1239,USLGB,SGSIN,VSL-0066,2024-11-07 03:00:00,2024-11-18 03:00:00,2024-11-18 18:00:00,2024-12-06 03:00:00,2024-12-06 14:00:00,35,Machinery,314.49,DELIVERED
SHP-00667,CUST-1015,INMUN,AEDXB,VSL-0059,2025-04-19 22:00:00,2025-04-23 22:00:00,2025-04-26 04:00:00,2025-05-12 22:00:00,2025-05-15 14:00:00,24,Chemicals,884.65,DELAYED
SHP-00583,CUST-1216,ESVLC,GBFXT,VSL-0033,2024-10-05 02:00:00,2024-10-18 02:00:00,2024-10-18 04:00:00,2024-10-25 02:00:00,2024-10-25 06:00:00,30,Food & Beverage,1567.76,DELIVERED
SHP-01088,CUST-1042,INMUN,SGSIN,VSL-0063,2024-09-01 11:00:00,2024-09-13 11:00:00,2024-09-13 10:00:00,2024-09-21 11:00:00,2024-09-21 09:00:00,30,Automotive Parts,2616.29,DELIVERED
SHP-02479,CUST-1028,KRPUS,ESVLC,VSL-0069,2025-09-22 16:00:00,2025-09-29 16:00:00,2025-09-29 18:00:00,2025-10-13 16:00:00,2025-10-13 22:00:00,23,Consumer Goods,369.11,DELIVERED
SHP-02494,CUST-1099,BEANR,USSAV,VSL-0018,2025-02-01 08:00:00,2025-02-09 08:00:00,2025-02-09 11:00:00,2025-02-26 08:00:00,2025-02-26 19:00:00,8,Consumer Goods,2583.78,DELIVERED
SHP-01118,CUST-1115,USLGB,JPYOK,VSL-0033,2024-06-24 11:00:00,2024-07-02 11:00:00,,2024-07-21 11:00:00,,6,FURNITURE,1064.07,CANCELLED
SHP-04455,CUST-1142,USSAV,INNSA,VSL-0015,2025-07-21 00:00:00,2025-07-28 00:00:00,2025-07-29 18:00:00,2025-08-12 00:00:00,2025-08-14 08:00:00,23,Food & Beverage,783.11,DELAYED
SHP-00316,CUST-1157,JPYOK,BRSSZ,VSL-0031,2025-06-13 17:00:00,2025-06-18 17:00:00,2025-06-18 14:00:00,2025-07-23 17:00:00,2025-07-23 09:00:00,5,Automotive Parts,1670.37,DELIVERED
SHP-03298,CUST-1236,HKHKG,CNNGB,VSL-0013,2024-08-24 03:00:00,2024-08-29 03:00:00,2024-08-28 23:00:00,2024-09-02 03:00:00,2024-09-02 09:00:00,6,Machinery,519.36,DELIVERED
SHP-00290,CUST-1187,DEHAM,USNYC,VSL-0070,2025-08-18 08:00:00,2025-08-30 08:00:00,2025-08-30 13:00:00,2025-09-18 08:00:00,2025-09-18 04:00:00,31,Automotive Parts,2580.45,DELIVERED
SHP-03655,CUST-1026,BEANR,CNNGB,VSL-0044,2024-12-25 15:00:00,2024-12-28 15:00:00,,2025-01-13 15:00:00,,22,Automotive Parts,370.36,COMPLETED
SHP-02717,CUST-1162,CNNGB,ESVLC,VSL-0027,2025-10-11 16:00:00,2025-10-23 16:00:00,2025-10-23 19:00:00,2025-11-27 16:00:00,2025-11-27 23:00:00,4,Chemicals,1084.89,DELIVERED
SHP-01692,CUST-1133,CNSHA,CNSZX,VSL-0064,2025-01-31 11:00:00,2025-02-05 11:00:00,2025-02-05 15:00:00,2025-02-12 11:00:00,2025-02-12 16:00:00,39,Apparel,513.73,DELIVERED
SHP-02677,CUST-1041,JPYOK,CNNGB,VSL-0010,2025-04-06 09:00:00,2025-04-18 09:00:00,2025-04-19 04:00:00,2025-04-27 09:00:00,2025-04-28 23:00:00,24, Chemicals,2364.0,DELAYED
SHP-00614,CUST-1218,CNSZX,INNSA,VSL-0013,2024-10-26 00:00:00,2024-11-08 00:00:00,2024-11-08 02:00:00,2024-11-12 00:00:00,2024-11-11 22:00:00,12,Chemicals,2507.58,DELIVERED
SHP-00054,CUST-1083,JPYOK,BRSSZ,VSL-0078,2025-01-05 09:00:00,2025-01-09 09:00:00,2025-01-09 07:00:00,2025-01-25 09:00:00,2025-01-25 08:00:00,22,Apparel,1351.31,DELIVERED
SHP-03204,CUST-1160,INNSA,NLRTM,VSL-0067,2024-10-31 17:00:00,2024-11-12 17:00:00,2024-11-14 23:00:00,2024-12-12 17:00:00,2024-12-16 16:00:00,17,Machinery,594.18,DELAYED
SHP-04235,CUST-1069,INNSA,MYPKG,VSL-0037,2025-09-09 21:00:00,2025-09-23 21:00:00,2025-09-24 02:00:00,2025-10-03 21:00:00,2025-10-03 14:00:00,3,Consumer Goods,2268.94,DELIVERED
SHP-03034,CUST-1222,AEDXB,CNNGB,VSL-0051,2025-05-08 04:00:00,2025-05-21 04:00:00,2025-05-21 06:00:00,2025-06-20 04:00:00,2025-06-20 14:00:00,33,Furniture,652.19,DELIVERED
SHP-01556,CUST-1173,AEDXB,USLGB,VSL-0046,2024-07-06 14:00:00,2024-07-20 14:00:00,2024-07-20 18:00:00,2024-08-11 14:00:00,2024-08-12 01:00:00,8,Food & Beverage,163.72,DELIVERED
SHP-04065,CUST-1138,JPYOK,INMUN,VSL-0035,2024-12-16 23:00:00,2024-12-29 23:00:00,2025-01-01 07:00:00,2025-01-08 23:00:00,2025-01-11 04:00:00,15,food & beverage,237.97,DELAYED
SHP-04824,CUST-1052,AEDXB,ESVLC,VSL-0080,2025-04-12 12:00:00,2025-04-18 12:00:00,2025-04-20 01:00:00,2025-05-07 12:00:00,2025-05-10 23:00:00,9,Furniture,1292.75,DELAYED
SHP-02332,CUST-1178,DEHAM,USSAV,VSL-0004,2025-09-07 22:00:00,2025-09-17 22:00:00,2025-09-17 22:00:00,2025-10-05 22:00:00,2025-10-06 02:00:00,22,Raw Materials,1363.58,DELIVERED
SHP-01581,CUST-1085,BRSSZ,BEANR,VSL-0029,2024-07-05 05:00:00,2024-07-13 05:00:00,2024-07-14 23:00:00,2024-08-15 05:00:00,2024-08-18 18:00:00,37,Raw Materials,836.19,DELAYED
SHP-03379,CUST-1117,EGPSD,JPYOK,VSL-0048,2025-01-30 05:00:00,2025-02-05 05:00:00,2025-02-05 06:00:00,2025-02-25 05:00:00,2025-02-25 05:00:00,4,machinery ,1077.71,DELIVERED
SHP-01282,CUST-1001,DEHAM,USLAX,VSL-0048,2024-07-09 04:00:00,2024-07-17 04:00:00,2024-07-17 05:00:00,2024-08-14 04:00:00,2024-08-14 04:00:00,30,Furniture,790.68,DELIVERED
SHP-02094,CUST-1226,USNYC,JPYOK,VSL-0067,2025-05-20 03:00:00,2025-05-26 03:00:00,2025-05-28 23:00:00,2025-06-25 03:00:00,2025-07-01 02:00:00,7,Raw Materials,1081.41,DELAYED
SHP-04842,CUST-1124,AEDXB,UNKNW,VSL-0006,2025-08-07 06:00:00,2025-08-20 06:00:00,,2025-09-24 06:00:00,,29,Chemicals,363.69,CANCELLED
SHP-03598,CUST-1104,CNSZX,NLRTM,VSL-0012,2024-06-19 11:00:00,2024-06-25 11:00:00,2024-06-25 09:00:00,2024-07-26 11:00:00,2024-07-26 15:00:00,26,Furniture,1080.13,DELIVERED
SHP-00049,CUST-1191,INNSA,USNYC,VSL-0066,2025-04-08 03:00:00,2025-04-13 03:00:00,2025-04-14 10:00:00,2025-04-29 03:00:00,2025-05-02 23:00:00,4,Food & Beverage,560.91,DELAYED
SHP-02029,CUST-1031,ZADUR,DEHAM,VSL-0008,2025-06-14 15:00:00,2025-06-20 15:00:00,2025-06-20 14:00:00,2025-07-05 15:00:00,2025-07-05 07:00:00,15,Automotive Parts,1589.75,DELIVERED
SHP-01664,CUST-1162,CNSZX,USSAV,VSL-0049,2025-08-04 11:00:00,2025-08-18 11:00:00,2025-08-18 18:00:00,2025-09-18 11:00:00,2025-09-19 06:00:00,12,Food & Beverage,2313.14,DELIVERED
SHP-04524,CUST-1231,GBFXT,ESVLC,VSL-0035,2025-02-28 21:00:00,2025-03-10 21:00:00,2025-02-27 21:00:00,2025-03-18 21:00:00,2025-03-18 20:00:00,38,Pharmaceuticals,2131.63,DELIVERED
SHP-00445,CUST-1207,CNNGB,BRSSZ,VSL-0018,2024-07-01 08:00:00,2024-07-05 08:00:00,2024-07-05 07:00:00,2024-07-27 08:00:00,2024-07-27 16:00:00,29,Electronics,1409.9,DELIVERED
SHP-00090,CUST-1097,USLAX,INMUN,VSL-0069,2024-12-23 14:00:00,2024-12-26 14:00:00,2024-12-29 05:00:00,2025-01-13 14:00:00,2025-01-18 16:00:00,9,Furniture,2597.51,DELAYED
SHP-02917,CUST-1093,KRPUS,USLGB,VSL-0074,2025-10-07 07:00:00,2025-10-15 07:00:00,2025-10-16 21:00:00,2025-11-09 07:00:00,2025-11-12 14:00:00,2,Automotive Parts,2764.74,DELAYED
SHP-01219,CUST-1071,GBFXT,USNYC,VSL-0049,2024-10-16 12:00:00,2024-10-23 12:00:00,2024-10-23 12:00:00,2024-11-12 12:00:00,2024-11-12 16:00:00,20,Consumer Goods,159.71,DELIVERED
SHP-04527,CUST-1242,ESVLC,USLAX,VSL-0064,2025-09-27 00:00:00,2025-10-10 00:00:00,2025-10-10 06:00:00,2025-10-26 00:00:00,2025-10-25 22:00:00,33,Pharmaceuticals,1790.72,DELIVERED
SHP-00707,CUST-1169,DEHAM,USSAV,VSL-0036,2024-08-28 09:00:00,2024-09-11 09:00:00,2024-09-11 05:00:00,2024-10-09 09:00:00,2024-10-09 21:00:00,8,Consumer Goods,852.89,DELIVERED
SHP-03310,CUST-1202,EGPSD,USLGB,VSL-0058,2024-09-29 10:00:00,2024-10-05 10:00:00,2024-10-05 06:00:00,2024-10-22 10:00:00,2024-10-22 02:00:00,21,Food & Beverage,1851.68,DELIVERED
SHP-01512,CUST-1136,AEDXB,ZADUR,VSL-0060,2025-02-05 19:00:00,2025-02-10 19:00:00,2025-02-10 15:00:00,2025-02-13 19:00:00,2025-02-13 12:00:00,14,Consumer Goods,2201.73,DELIVERED
SHP-03594,CUST-1181,ZADUR,USNYC,VSL-0058,2024-10-28 15:00:00,2024-11-02 15:00:00,2024-11-04 06:00:00,2024-11-20 15:00:00,2024-11-23 01:00:00,10,Machinery,247.18,DELAYED
SHP-03898,CUST-1146,AEDXB,GBFXT,VSL-0066,2024-09-01 06:00:00,2024-09-08 06:00:00,2024-09-08 05:00:00,2024-09-27 06:00:00,2024-09-27 11:00:00,25,Electronics,2336.45,DELIVERED
SHP-01742,CUST-1049,USLGB,JPYOK,VSL-0069,2024-06-29 15:00:00,2024-07-06 15:00:00,2024-07-06 21:00:00,2024-08-09 15:00:00,2024-08-11 05:00:00,32,Consumer Goods,1370.84,DELAYED
SHP-04989,CUST-1204,ESVLC,INNSA,VSL-0004,2024-08-11 19:00:00,2024-08-24 19:00:00,2024-08-25 00:00:00,2024-09-17 19:00:00,2024-09-17 17:00:00,32,machinery ,2797.37,DELIVERED
SHP-03942,CUST-1236,THBKK,EGPSD,VSL-0065,2024-12-29 22:00:00,2025-01-04 22:00:00,2025-01-04 22:00:00,2025-01-21 22:00:00,2025-01-21 23:00:00,27,Food & Beverage,1398.53,DELIVERED
SHP-00727,CUST-1104,SGSIN,PKKAR,VSL-0039,2025-02-07 10:00:00,2025-02-12 10:00:00,,2025-02-16 10:00:00,,19,Food & Beverage,2473.29,Complete
SHP-02896,CUST-1146,INMUN,CNNGB,VSL-0047,2025-10-09 11:00:00,2025-10-13 11:00:00,2025-10-14 17:00:00,2025-10-22 11:00:00,2025-10-25 22:00:00,28,Pharmaceuticals,2732.15,DELAYED
SHP-01047,CUST-1138,AEDXB,CNSZX,VSL-0075,2025-05-18 00:00:00,2025-06-01 00:00:00,2025-06-01 00:00:00,2025-06-18 00:00:00,2025-06-18 06:00:00,5,Apparel,728.29,DELIVERED
SHP-03518,CUST-1038,BRSSZ,USNYC,VSL-0006,2025-01-11 13:00:00,2025-01-15 13:00:00,2025-01-15 15:00:00,2025-01-24 13:00:00,2025-01-24 09:00:00,11,Food & Beverage,445.2,DELIVERED
SHP-00094,CUST-1248,ESVLC,USNYC,VSL-0061,2025-06-26 08:00:00,2025-07-07 08:00:00,2025-07-07 13:00:00,2025-07-30 08:00:00,2025-07-30 13:00:00,39,Chemicals,1507.74,DELIVERED
SHP-04897,CUST-1197,PKKAR,USSAV,VSL-0039,2024-08-31 12:00:00,2024-09-06 12:00:00,2024-09-06 09:00:00,2024-09-20 12:00:00,2024-09-20 21:00:00,10,Apparel,1048.73,DELIVERED
SHP-02925,CUST-1076,CNSZX,USNYC,VSL-0073,2025-05-01 00:00:00,2025-05-15 00:00:00,2025-05-15 19:00:00,2025-06-01 00:00:00,2025-06-05 03:00:00,30,Automotive Parts,493.01,DELAYED
SHP-03816,CUST-1063,THBKK,ZADUR,VSL-0038,2024-09-21 12:00:00,2024-09-29 12:00:00,2024-10-01 00:00:00,2024-10-19 12:00:00,2024-10-24 11:00:00,32,Machinery,2755.19,DELAYED
SHP-01939,CUST-1190,PKKAR,USNYC,VSL-0066,2025-05-24 04:00:00,2025-06-05 04:00:00,2025-06-08 00:00:00,2025-07-10 04:00:00,2025-07-15 01:00:00,7,Apparel,157.56,DELAYED
SHP-00806,CUST-1053,CNSZX,CNSHA,VSL-0073,2024-10-13 08:00:00,2024-10-16 08:00:00,,2024-10-22 08:00:00,,6,Consumer Goods,53.0,CANCELLED
SHP-02238,CUST-1146,HKHKG,AEDXB,VSL-0013,2025-02-13 03:00:00,2025-02-27 03:00:00,2025-03-01 10:00:00,2025-03-19 03:00:00,2025-03-24 19:00:00,23,Apparel,605.34,DELAYED
SHP-02547,CUST-1077,CNNGB,USNYC,VSL-0018,2024-06-25 04:00:00,2024-07-07 04:00:00,2024-07-07 07:00:00,2024-08-04 04:00:00,2024-08-04 10:00:00,34,Food & Beverage,1326.79,DELIVERED
SHP-00903,CUST-1043,DEHAM,CNSHA,VSL-0075,2025-03-27 19:00:00,2025-04-04 19:00:00,2025-04-05 10:00:00,2025-05-05 19:00:00,2025-05-08 20:00:00,2,Machinery,2771.21,DELAYED
SHP-01442,CUST-1045,HKHKG,CNSHA,VSL-0058,2024-07-27 15:00:00,2024-08-07 15:00:00,2024-08-09 22:00:00,2024-08-10 15:00:00,2024-08-13 05:00:00,26,Automotive Parts,1495.02,DELAYED
SHP-04864,CUST-1188,MYPKG,GBFXT,VSL-0059,2025-01-07 06:00:00,2025-01-13 06:00:00,2025-01-15 11:00:00,2025-02-10 06:00:00,2025-02-12 13:00:00,10,Food & Beverage,96.06,DELAYED
SHP-00615,CUST-1201,BRSSZ,EGPSD,VSL-0026,2025-04-02 05:00:00,2025-04-14 05:00:00,2025-04-14 08:00:00,2025-05-19 05:00:00,2025-05-19 11:00:00,11,Pharmaceuticals,630.77,DELIVERED
SHP-03514,CUST-1103,EGPSD,BRSSZ,VSL-0028,2025-07-17 23:00:00,2025-07-25 23:00:00,2025-07-25 19:00:00,2025-08-28 23:00:00,2025-08-29 03:00:00,27,Consumer Goods,707.39,DELIVERED
SHP-03810,CUST-1143,USLGB,GBFXT,VSL-0002,2024-12-17 21:00:00,2024-12-21 21:00:00,2024-12-23 18:00:00,2025-01-09 21:00:00,2025-01-15 11:00:00,1,Automotive Parts,231.36,DELAYED
SHP-03686,CUST-1104,HKHKG,INMUN,VSL-0050,2024-09-09 05:00:00,2024-09-13 05:00:00,2024-09-14 23:00:00,2024-09-17 05:00:00,2024-09-19 14:00:00,12,Raw Materials,676.5,DELAYED
SHP-04007,CUST-1183,INMUN,USLGB,VSL-0043,2025-02-18 21:00:00,2025-03-01 21:00:00,2025-03-02 03:00:00,2025-03-27 21:00:00,2025-03-27 17:00:00,2,Raw Materials,895.09,DELIVERED
SHP-03203,CUST-1077,INMUN,KRPUS,VSL-0049,2025-07-20 02:00:00,2025-07-30 02:00:00,2025-07-30 05:00:00,2025-08-06 02:00:00,2025-08-05 23:00:00,29,Raw Materials,2094.49,DELIVERED
SHP-01149,CUST-1061,BRSSZ,ZZZZZ,VSL-0011,2025-05-04 11:00:00,2025-05-09 11:00:00,2025-05-09 07:00:00,2025-05-18 11:00:00,2025-05-18 20:00:00,17,Food & Beverage,2119.14,DELIVERED
SHP-01152,CUST-1219,USLAX,ZADUR,VSL-0051,2025-09-21 09:00:00,2025-09-28 09:00:00,2025-09-30 08:00:00,2025-10-27 09:00:00,2025-11-01 12:00:00,2,Food & Beverage,,DELAYED
SHP-04509,CUST-1023,USLAX,INNSA,VSL-0029,2025-07-30 20:00:00,2025-08-09 20:00:00,2025-08-09 17:00:00,2025-08-30 20:00:00,2025-08-30 15:00:00,28,Pharmaceuticals,2519.85,DELIVERED
SHP-04789,CUST-1186,CNSHA,EGPSD,VSL-0009,2024-12-26 22:00:00,2025-01-09 22:00:00,2025-01-12 14:00:00,2025-02-12 22:00:00,2025-02-16 18:00:00,32,Furniture,566.5,DELAYED
SHP-02019,CUST-1069,USLGB,CNNGB,VSL-0078,2025-05-30 07:00:00,2025-06-03 07:00:00,,2025-06-26 07:00:00,,27,Pharmaceuticals,2254.35,CANCELLED
SHP-00621,CUST-1239,UNKNW,NLRTM,VSL-0059,2024-10-15 05:00:00,2024-10-18 05:00:00,2024-10-18 11:00:00,2024-11-13 05:00:00,2024-11-13 08:00:00,37,Electronics,1638.15,DELIVERED
SHP-03924,CUST-1184,CNSHA,CNSZX,VSL-0071,2024-07-21 01:00:00,2024-07-30 01:00:00,2024-07-30 04:00:00,2024-08-08 01:00:00,2024-08-08 00:00:00,14,Consumer Goods,577.17,DELIVERED
SHP-03581,CUST-1141,USLAX,CNNGB,VSL-0067,2024-07-01 14:00:00,2024-07-12 14:00:00,2024-07-13 20:00:00,2024-07-31 14:00:00,2024-08-02 20:00:00,9,Chemicals,2659.19,DELAYED
SHP-02411,CUST-1041,USSAV,SGSIN,VSL-0002,2025-07-31 05:00:00,2025-08-12 05:00:00,2025-08-12 04:00:00,2025-09-04 05:00:00,2025-09-04 05:00:00,16,Pharmaceuticals,506.2,DELIVERED
SHP-00272,CUST-1232,INNSA,BEANR,VSL-0058,2025-05-25 01:00:00,2025-05-29 01:00:00,2025-05-29 14:00:00,2025-07-03 01:00:00,2025-07-06 16:00:00,34,Machinery,135.48,DELAYED
SHP-03344,CUST-1002,EGPSD,SGSIN,VSL-0020,2025-03-08 15:00:00,2025-03-13 15:00:00,2025-03-13 14:00:00,2025-04-09 15:00:00,2025-04-09 16:00:00,19,Machinery,2058.08,DELIVERED
SHP-04263,CUST-1070,INNSA,CNNGB,VSL-0069,2024-11-27 10:00:00,2024-12-08 10:00:00,2024-12-10 05:00:00,2024-12-18 10:00:00,2024-12-20 00:00:00,11,Furniture,2073.17,DELAYED
SHP-04954,CUST-1173,EGPSD,AEDXB,VSL-0006,2025-09-13 22:00:00,2025-09-16 22:00:00,2025-09-17 02:00:00,2025-09-21 22:00:00,2025-09-22 00:00:00,35,Consumer Goods,1078.87,DELIVERED
SHP-01076,CUST-1158,ZADUR,CNSHA,VSL-0042,2025-03-22 18:00:00,2025-04-05 18:00:00,2025-04-05 18:00:00,2025-05-08 18:00:00,2025-05-09 00:00:00,17,Chemicals,2683.04,DELIVERED
SHP-03182,CUST-1029,USLAX,SGSIN,VSL-0056,2024-07-22 04:00:00,2024-08-05 04:00:00,2024-08-06 01:00:00,2024-08-23 04:00:00,2024-08-27 09:00:00,8,Consumer Goods,2435.58,DELAYED
SHP-03637,CUST-1026,CNSZX,NLRTM,VSL-0017,2024-07-09 21:00:00,2024-07-17 21:00:00,2024-07-18 02:00:00,2024-08-07 21:00:00,2024-08-08 04:00:00,15,Consumer Goods,1150.94,DELIVERED
SHP-00968,CUST-1039,PKKAR,HKHKG,VSL-0016,2025-10-13 20:00:00,2025-10-16 20:00:00,2025-10-16 19:00:00,2025-10-23 20:00:00,2025-10-24 05:00:00,11,Consumer Goods,2047.74,DELIVERED
SHP-03521,CUST-1045,THBKK,CNNGB,VSL-0002,2024-12-23 19:00:00,2025-01-01 19:00:00,2025-01-01 16:00:00,2025-01-06 19:00:00,2025-01-06 21:00:00,4,Machinery,2462.06,DELIVERED
SHP-01735,CUST-1058,EGPSD,ESVLC,VSL-0029,2024-07-14 21:00:00,2024-07-23 21:00:00,2024-07-23 22:00:00,2024-08-09 21:00:00,2024-08-09 18:00:00,36,Apparel,1473.79,DELIVERED
SHP-03838,CUST-1057,SGSIN,CNNGB,VSL-0056,2025-07-06 10:00:00,2025-07-12 10:00:00,2025-07-12 13:00:00,2025-07-19 10:00:00,2025-07-19 16:00:00,20,Food & Beverage,1344.87,DELIVERED
SHP-03606,CUST-1181,SGSIN,MYPKG,VSL-0043,2025-02-05 08:00:00,2025-02-17 08:00:00,2025-02-17 14:00:00,2025-02-27 08:00:00,2025-02-27 20:00:00,23,Machinery,1997.98,DELIVERED
SHP-00398,CUST-1163,JPYOK,USLGB,VSL-0021,2024-08-03 12:00:00,2024-08-14 12:00:00,2024-08-17 04:00:00,2024-09-11 12:00:00,2024-09-17 03:00:00,15,Machinery,1404.33,DELAYED
SHP-04257,CUST-1082,PKKAR,BRSSZ,VSL-0001,2024-10-08 00:00:00,2024-10-16 00:00:00,2024-10-16 07:00:00,2024-10-31 00:00:00,2024-11-02 02:00:00,33,Machinery,2020.59,DELAYED
SHP-03055,CUST-1223,UNKNW,AEDXB,VSL-0017,2025-01-27 18:00:00,2025-02-07 18:00:00,2025-02-07 22:00:00,2025-03-09 18:00:00,2025-03-09 20:00:00,33,Raw Materials,1231.44,DELIVERED
SHP-03461,CUST-1061,ESVLC,USNYC,VSL-0062,2025-03-22 11:00:00,2025-04-03 11:00:00,2025-04-04 01:00:00,2025-05-06 11:00:00,2025-05-07 14:00:00,18,Machinery,210.12,DELAYED
SHP-00930,CUST-1103,BEANR,USLGB,VSL-0075,2025-02-18 04:00:00,2025-02-22 04:00:00,2025-02-22 03:00:00,2025-03-27 04:00:00,2025-03-27 13:00:00,12,Consumer Goods,2456.75,DELIVERED
SHP-01016,CUST-1191,THBKK,DEHAM,VSL-0051,2025-09-23 10:00:00,2025-10-01 10:00:00,,2025-11-04 10:00:00,,19,Food & Beverage,2638.8,CANCELLED
SHP-04091,CUST-1146,USSAV,USNYC,VSL-0076,2024-09-03 12:00:00,2024-09-16 12:00:00,2024-09-16 11:00:00,2024-09-21 12:00:00,2024-09-21 13:00:00,6,Chemicals,1436.5,DELIVERED
SHP-01075,CUST-1245,USSAV,HKHKG,VSL-0033,2024-11-16 03:00:00,2024-11-24 03:00:00,2024-11-24 18:00:00,2024-12-28 03:00:00,2024-12-28 14:00:00,26,Apparel,1809.54,DELIVERED
SHP-04984,CUST-1076,USLGB,BEANR,VSL-0053,2025-05-16 11:00:00,2025-05-24 11:00:00,2025-05-24 15:00:00,2025-06-25 11:00:00,2025-06-25 04:00:00,17,Automotive Parts,1661.49,DELIVERED
SHP-00450,CUST-1160,EGPSD,CNSZX,VSL-0075,2024-10-07 17:00:00,2024-10-11 17:00:00,,2024-11-05 17:00:00,,14,Furniture,1313.83,CANCELLED
SHP-00221,CUST-1065,INMUN,ZADUR,VSL-0033,2024-07-20 09:00:00,2024-08-02 09:00:00,2024-08-04 10:00:00,2024-08-20 09:00:00,2024-08-24 18:00:00,1,Apparel,2217.1,DELAYED
SHP-02985,CUST-1137,INMUN,CNSZX,VSL-0047,2025-05-08 00:00:00,2025-05-12 00:00:00,2025-05-14 23:00:00,2025-05-15 00:00:00,2025-05-17 18:00:00,3,Apparel,2672.79,DELAYED
SHP-02637,CUST-1135,USSAV,AEDXB,VSL-0047,2025-09-17 22:00:00,2025-09-29 22:00:00,2025-10-02 12:00:00,2025-10-15 22:00:00,2025-10-19 11:00:00,8,Consumer Goods,2046.25,DELAYED
SHP-02653,CUST-1057,USLAX,SGSIN,VSL-0021,2025-05-19 06:00:00,2025-05-30 06:00:00,2025-05-30 02:00:00,2025-07-02 06:00:00,2025-07-02 16:00:00,21,Furniture,862.03,DELIVERED
SHP-00503,CUST-1229,USLAX,ZADUR,VSL-0002,2025-01-05 22:00:00,2025-01-12 22:00:00,2025-01-13 07:00:00,2025-01-30 22:00:00,2025-02-03 17:00:00,40,electronics,439.03,DELAYED
SHP-02372,CUST-1167,EGPSD,KRPUS,VSL-0069,2024-09-28 22:00:00,2024-10-10 22:00:00,2024-10-10 20:00:00,2024-11-02 22:00:00,2024-11-03 04:00:00,28,Apparel,2527.04,DELIVERED
SHP-02990,CUST-1157,ESVLC,CNSHA,VSL-0030,2025-03-11 12:00:00,2025-03-21 12:00:00,2025-03-22 12:00:00,2025-04-20 12:00:00,2025-04-23 05:00:00,1,Apparel,613.73,DELAYED
SHP-02882,CUST-1132,CNSHA,SGSIN,VSL-0021,2024-11-13 08:00:00,2024-11-22 08:00:00,2024-11-22 06:00:00,2024-11-26 08:00:00,2024-11-26 15:00:00,37,Raw Materials,2521.51,DELIVERED
SHP-01156,CUST-1184,SGSIN,USNYC,VSL-0068,2025-04-18 00:00:00,2025-05-02 00:00:00,2025-05-03 14:00:00,2025-06-03 00:00:00,2025-06-06 18:00:00,20,Automotive Parts,157.97,DELAYED
SHP-01379,CUST-1072,EGPSD,USLAX,VSL-0026,2025-01-22 19:00:00,2025-01-27 19:00:00,2025-01-27 23:00:00,2025-02-17 19:00:00,2025-02-18 02:00:00,36,Furniture,1506.16,DELIVERED
SHP-04474,CUST-1006,KRPUS,ZADUR,VSL-0041,2025-03-04 13:00:00,2025-03-17 13:00:00,2025-03-17 13:00:00,2025-04-07 13:00:00,2025-04-07 09:00:00,13,Apparel,147.53,DELIVERED
SHP-02110,CUST-1192,JPYOK,USLAX,VSL-0051,2024-12-15 19:00:00,2024-12-29 19:00:00,2024-12-29 18:00:00,2025-01-13 19:00:00,2025-01-14 02:00:00,11,food & beverage,2134.73,DELIVERED
SHP-00618,CUST-1224,AEDXB,PKKAR,VSL-0017,2024-11-23 21:00:00,2024-12-07 21:00:00,2024-12-07 20:00:00,2025-01-01 21:00:00,2025-01-01 15:00:00,18,Pharmaceuticals,1821.7,DELIVERED
SHP-01277,CUST-1232,PKKAR,ZADUR,VSL-0035,2024-06-02 15:00:00,2024-06-07 15:00:00,2024-06-07 16:00:00,2024-06-25 15:00:00,2024-06-25 21:00:00,34,Apparel,815.35,DELIVERED
SHP-01416,CUST-1026,NLRTM,ESVLC,VSL-0014,2025-10-01 06:00:00,2025-10-08 06:00:00,2025-10-08 02:00:00,2025-10-14 06:00:00,2025-10-14 17:00:00,29,Consumer Goods,969.04,DELIVERED
SHP-00807,CUST-1086,ZADUR,KRPUS,VSL-0063,2025-10-03 04:00:00,2025-10-14 04:00:00,2025-10-14 18:00:00,2025-11-17 04:00:00,2025-11-17 12:00:00,36,Consumer Goods,1975.58,DELIVERED
SHP-02762,CUST-1234,HKHKG,CNSHA,VSL-0068,2025-05-08 22:00:00,2025-05-18 22:00:00,2025-05-19 02:00:00,2025-05-27 22:00:00,2025-05-28 09:00:00,24,Chemicals,1377.15,DELIVERED
SHP-02584,CUST-1185,CNNGB,USLAX,VSL-0014,2024-07-28 21:00:00,2024-08-01 21:00:00,2024-08-01 23:00:00,2024-08-31 21:00:00,2024-09-01 02:00:00,9,Food & Beverage,2268.75,DELIVERED
SHP-00223,CUST-1011,JPYOK,ESVLC,VSL-0056,2025-01-19 19:00:00,2025-01-29 19:00:00,2025-01-29 23:00:00,2025-02-23 19:00:00,2025-02-23 16:00:00,40,Food & Beverage,183.12,DELIVERED
SHP-00883,CUST-1116,USNYC,JPYOK,VSL-0010,2024-07-25 21:00:00,2024-07-30 21:00:00,2024-07-30 20:00:00,2024-08-13 21:00:00,2024-08-13 19:00:00,36,Raw Materials,2395.55,DELIVERED
SHP-03455,CUST-1028,BRSSZ,ZZZZZ,VSL-0050,2024-06-22 22:00:00,2024-06-25 22:00:00,2024-06-26 10:00:00,2024-07-27 22:00:00,2024-07-30 02:00:00,11,Automotive Parts,52.32,DELAYED
SHP-04603,CUST-1099,USLAX,PKKAR,VSL-0019,2024-08-26 15:00:00,2024-09-03 15:00:00,2024-09-03 14:00:00,2024-10-03 15:00:00,2024-10-03 23:00:00,21,Apparel,925.81,DELIVERED
SHP-04867,CUST-1191,USLAX,CNSZX,VSL-0058,2025-05-19 07:00:00,2025-05-30 07:00:00,2025-05-30 04:00:00,2025-06-19 07:00:00,2025-06-19 09:00:00,32,Automotive Parts,851.0,DELIVERED
SHP-00556,CUST-1170,GBFXT,DEHAM,VSL-0053,2025-01-17 04:00:00,2025-01-20 04:00:00,2025-01-20 20:00:00,2025-01-25 04:00:00,2025-01-29 09:00:00,16,Pharmaceuticals,458.01,DELAYED
SHP-01894,CUST-1082,JPYOK,USSAV,VSL-0041,2024-12-20 10:00:00,2025-01-02 10:00:00,,2025-01-28 10:00:00,,32,Raw Materials,2006.28,COMPLETED
SHP-01814,CUST-1071,USNYC,NLRTM,VSL-0047,2024-09-01 13:00:00,2024-09-04 13:00:00,,2024-09-20 13:00:00,,40,Raw Materials,1212.43,Complete
SHP-00671,CUST-1064,JPYOK,ZADUR,VSL-0034,2024-12-10 23:00:00,2024-12-22 23:00:00,2024-12-22 22:00:00,2025-01-21 23:00:00,2025-01-22 07:00:00,19,Electronics,2374.46,DELIVERED
SHP-01200,CUST-1115,USLAX,INNSA,VSL-0002,2024-09-18 15:00:00,2024-09-29 15:00:00,2024-10-01 04:00:00,2024-10-25 15:00:00,2024-10-28 16:00:00,39,Food & Beverage,1926.35,DELAYED
SHP-04956,CUST-1141,NLRTM,ESVLC,VSL-0013,2025-04-13 09:00:00,2025-04-19 09:00:00,2025-04-19 14:00:00,2025-04-29 09:00:00,2025-04-29 21:00:00,4,Machinery,227.55,DELIVERED
SHP-01574,CUST-1027,THBKK,CNSHA,VSL-0058,2024-10-20 18:00:00,2024-11-03 18:00:00,2024-11-03 17:00:00,2024-11-11 18:00:00,2024-11-11 11:00:00,3,Furniture,280.35,DELIVERED
SHP-01644,CUST-1119,HKHKG,MYPKG,VSL-0024,2025-10-10 17:00:00,2025-10-16 17:00:00,2025-10-16 13:00:00,2025-10-25 17:00:00,2025-10-25 10:00:00,2,Pharmaceuticals,,DELIVERED
SHP-01110,CUST-1035,USNYC,CNSZX,VSL-0055,2025-09-05 22:00:00,2025-09-13 22:00:00,2025-09-16 22:00:00,2025-10-12 22:00:00,2025-10-17 19:00:00,19,machinery ,604.04,DELAYED
SHP-00609,CUST-1152,BRSSZ,ESVLC,VSL-0047,2024-08-23 16:00:00,2024-09-04 16:00:00,2024-09-04 16:00:00,2024-09-23 16:00:00,2024-09-24 00:00:00,11,Chemicals,1022.3,DELIVERED
SHP-00045,CUST-1063,INMUN,ESVLC,VSL-0003,2025-10-07 06:00:00,2025-10-17 06:00:00,2025-10-18 10:00:00,2025-11-07 06:00:00,2025-11-09 23:00:00,28,Chemicals,154.76,DELAYED
SHP-01831,CUST-1151,SGSIN,INMUN,VSL-0048,2025-09-05 01:00:00,2025-09-19 01:00:00,,2025-09-24 01:00:00,,17,Electronics,444.45,N/A
SHP-02109,CUST-1059,USSAV,ESVLC,VSL-0072,2025-05-29 19:00:00,2025-06-08 19:00:00,,2025-07-06 19:00:00,,37,Apparel,371.26,CANCELLED
SHP-03836,CUST-1232,INNSA,PKKAR,VSL-0031,2025-05-15 16:00:00,2025-05-18 16:00:00,2025-05-19 02:00:00,2025-05-23 16:00:00,2025-05-28 02:00:00,27,Chemicals,2290.84,DELAYED
SHP-02192,CUST-1001,EGPSD,CNNGB,VSL-0035,2024-10-03 20:00:00,2024-10-11 20:00:00,2024-10-12 01:00:00,2024-11-06 20:00:00,2024-11-07 02:00:00,33,Furniture,705.87,DELIVERED
SHP-00980,CUST-1137,ZADUR,USNYC,VSL-0006,2024-08-25 22:00:00,2024-08-29 22:00:00,2024-08-30 16:00:00,2024-09-17 22:00:00,2024-09-22 14:00:00,28,Consumer Goods,832.79,DELAYED
SHP-03185,CUST-1158,CNSHA,BRSSZ,VSL-0054,2024-11-16 04:00:00,2024-11-26 04:00:00,,2024-12-28 04:00:00,,27,machinery ,726.73,COMPLETED
SHP-02758,CUST-1179,EGPSD,USNYC,VSL-0028,2024-06-13 00:00:00,2024-06-19 00:00:00,2024-06-19 02:00:00,2024-07-10 00:00:00,2024-07-10 05:00:00,16,Machinery,1969.21,DELIVERED
SHP-02198,CUST-1014,BEANR,USNYC,VSL-0016,2025-04-12 02:00:00,2025-04-22 02:00:00,2025-04-23 10:00:00,2025-05-25 02:00:00,2025-05-27 21:00:00,31,Raw Materials,768.57,DELAYED
SHP-00894,CUST-1155,USNYC,SGSIN,VSL-0019,2025-07-30 05:00:00,2025-08-12 05:00:00,2025-08-12 21:00:00,2025-09-01 05:00:00,2025-09-05 09:00:00,3,Pharmaceuticals,1448.04,DELAYED
SHP-03623,CUST-1176,USLGB,PKKAR,VSL-0037,2025-07-30 20:00:00,2025-08-08 20:00:00,2025-08-08 16:00:00,2025-08-22 20:00:00,2025-08-22 12:00:00,0,Chemicals,1412.2,DELIVERED
SHP-01554,CUST-1002,USSAV,CNSZX,VSL-0043,2024-12-21 23:00:00,2024-12-26 23:00:00,2024-12-27 00:00:00,2025-01-14 23:00:00,2025-01-15 11:00:00,15,Furniture,1525.74,DELIVERED
SHP-02441,CUST-1080,AEDXB,HKHKG,VSL-0064,2024-08-06 10:00:00,2024-08-10 10:00:00,2024-08-11 20:00:00,2024-09-03 10:00:00,2024-09-06 16:00:00,31,Machinery,1397.87,DELAYED
SHP-03308,CUST-1151,GBFXT,CNNGB,VSL-0031,2024-07-03 20:00:00,2024-07-09 20:00:00,2024-07-10 03:00:00,2024-08-02 20:00:00,2024-08-05 09:00:00,40,Machinery,2355.26,DELAYED
SHP-02153,CUST-1185,CNSHA,ZADUR,VSL-0022,2024-10-12 01:00:00,2024-10-16 01:00:00,2024-10-16 00:00:00,2024-11-10 01:00:00,2024-11-10 00:00:00,40,Machinery,2345.97,DELIVERED
SHP-03495,CUST-1040,NLRTM,GBFXT,VSL-0038,2025-06-11 19:00:00,2025-06-21 19:00:00,2025-06-22 00:00:00,2025-06-27 19:00:00,2025-06-28 00:00:00,38,Automotive Parts,397.37,DELIVERED
SHP-04070,CUST-1092,NLRTM,PKKAR,VSL-0041,2024-12-17 23:00:00,2024-12-25 23:00:00,2024-12-26 02:00:00,2025-01-20 23:00:00,2025-01-21 09:00:00,25,Automotive Parts,2708.84,DELIVERED
SHP-03316,CUST-1231,KRPUS,CNSZX,VSL-0048,2024-11-09 18:00:00,2024-11-23 18:00:00,2024-11-25 09:00:00,2024-11-27 18:00:00,2024-11-29 19:00:00,5,FURNITURE,1324.0,DELAYED
SHP-03205,CUST-1155,HKHKG,GBFXT,VSL-0005,2025-07-13 21:00:00,2025-07-17 21:00:00,2025-07-17 21:00:00,2025-08-03 21:00:00,2025-08-04 00:00:00,6,Electronics,1686.39,DELIVERED
SHP-01587,CUST-1219,GBFXT,BRSSZ,VSL-0010,2025-10-01 11:00:00,2025-10-10 11:00:00,2025-09-30 18:00:00,2025-11-05 11:00:00,2025-11-08 18:00:00,28,Furniture,2434.12,DELAYED
SHP-01844,CUST-1246,JPYOK,THBKK,VSL-0039,2025-02-24 13:00:00,2025-03-02 13:00:00,2025-03-04 16:00:00,2025-03-12 13:00:00,2025-03-16 20:00:00,8,Chemicals,2379.76,DELAYED
SHP-01744,CUST-1092,USSAV,JPYOK,VSL-0008,2025-06-18 06:00:00,2025-07-02 06:00:00,2025-07-02 04:00:00,2025-07-28 06:00:00,2025-07-28 11:00:00,33,Furniture,1105.91,DELIVERED
SHP-00327,CUST-1060,PKKAR,CNSHA,VSL-0010,2024-09-12 23:00:00,2024-09-15 23:00:00,,2024-09-18 23:00:00,,560,Apparel,1796.54,N/A
SHP-04526,CUST-1231,JPYOK,BEANR,VSL-0058,2025-08-31 07:00:00,2025-09-04 07:00:00,2025-09-04 11:00:00,2025-09-20 07:00:00,2025-09-20 01:00:00,17,Raw Materials,2417.82,DELIVERED
SHP-00977,CUST-1039,DEHAM,HKHKG,VSL-0048,2024-09-06 19:00:00,2024-09-18 19:00:00,2024-09-18 17:00:00,2024-10-04 19:00:00,2024-10-04 19:00:00,13,Apparel,472.0,DELIVERED
SHP-01585,CUST-1130,USLAX,GBFXT,VSL-0076,2025-04-12 05:00:00,2025-04-19 05:00:00,,2025-05-24 05:00:00,,921,Electronics,2521.24,Complete
SHP-04180,CUST-1128,JPYOK,USLAX,VSL-0016,2025-02-14 20:00:00,2025-02-20 20:00:00,2025-02-21 02:00:00,2025-03-13 20:00:00,2025-03-13 14:00:00,13,Consumer Goods,660.45,DELIVERED
SHP-03545,CUST-1166,CNNGB,CNSHA,VSL-0034,2024-11-29 10:00:00,2024-12-04 10:00:00,,2024-12-14 10:00:00,,15,Food & Beverage,2160.45,CANCELLED
SHP-04548,CUST-1187,AEDXB,USLGB,VSL-0050,2024-08-19 18:00:00,2024-08-23 18:00:00,2024-08-23 19:00:00,2024-09-23 18:00:00,2024-09-26 19:00:00,29,Food & Beverage,951.48,DELAYED
SHP-02320,CUST-1148,KRPUS,ESVLC,VSL-0069,2025-01-15 16:00:00,2025-01-22 16:00:00,2025-01-23 20:00:00,2025-02-21 16:00:00,2025-02-22 16:00:00,18,Consumer Goods,2022.89,DELIVERED
SHP-02566,CUST-1095,BRSSZ,USSAV,VSL-0066,2025-07-25 17:00:00,2025-08-07 17:00:00,2025-08-08 07:00:00,2025-08-13 17:00:00,2025-08-15 00:00:00,37,Machinery,2310.2,DELAYED
SHP-00014,CUST-1207,SGSIN,INMUN,VSL-0037,2024-12-10 21:00:00,2024-12-14 21:00:00,2024-12-14 18:00:00,2024-12-20 21:00:00,2024-12-20 18:00:00,11,Raw Materials,175.4,DELIVERED
SHP-03027,CUST-1145,THBKK,USLAX,VSL-0053,2024-12-28 09:00:00,2025-01-07 09:00:00,2025-01-09 21:00:00,2025-01-22 09:00:00,2025-01-28 00:00:00,27,Raw Materials,1759.37,DELAYED
SHP-01583,CUST-1065,DEHAM,EGPSD,VSL-0048,2024-12-05 09:00:00,2024-12-19 09:00:00,,2025-01-02 09:00:00,,20,Consumer Goods,504.02,CANCELLED
SHP-00714,CUST-1165,ESVLC,BEANR,VSL-0039,2025-09-29 10:00:00,2025-10-07 10:00:00,2025-10-07 14:00:00,2025-10-17 10:00:00,2025-10-17 15:00:00,26,Raw Materials,2148.93,DELIVERED
SHP-01379,CUST-1072,EGPSD,USLAX,VSL-0026,2025-01-22 19:00:00,2025-01-27 19:00:00,2025-01-27 23:00:00,2025-02-17 19:00:00,2025-02-18 02:00:00,36,Furniture,1506.91,DELIVERED
SHP-04891,CUST-1156,CNSZX,HKHKG,VSL-0031,2024-10-26 23:00:00,2024-11-08 23:00:00,2024-11-09 21:00:00,2024-11-12 23:00:00,2024-11-16 09:00:00,20,Chemicals,2792.92,DELAYED
SHP-04711,CUST-1164,USLAX,USNYC,VSL-0008,2024-09-29 20:00:00,2024-10-12 20:00:00,2024-10-15 18:00:00,2024-10-19 20:00:00,2024-10-23 19:00:00,15,Raw Materials,2687.36,DELAYED
SHP-02968,CUST-1092,GBFXT,USSAV,VSL-0068,2025-09-03 14:00:00,2025-09-08 14:00:00,2025-09-08 16:00:00,2025-09-29 14:00:00,2025-09-29 17:00:00,6,Automotive Parts,1553.17,DELIVERED
SHP-01584,CUST-1232,USLAX,NLRTM,VSL-0011,2025-02-19 00:00:00,2025-03-03 00:00:00,2025-03-02 20:00:00,2025-03-18 00:00:00,2025-03-17 17:00:00,5,Electronics,,DELIVERED
SHP-04908,CUST-1060,CNNGB,BRSSZ,VSL-0041,2025-08-20 22:00:00,2025-08-29 22:00:00,2025-08-30 03:00:00,2025-09-30 22:00:00,2025-10-01 09:00:00,32,Apparel,501.42,DELIVERED
SHP-01338,CUST-1095,MYPKG,SGSIN,VSL-0062,2024-09-28 13:00:00,2024-10-05 13:00:00,2024-10-05 19:00:00,2024-10-15 13:00:00,2024-10-15 11:00:00,19,Furniture,1478.64,DELIVERED
SHP-01784,CUST-1130,USLGB,THBKK,VSL-0045,2024-07-29 08:00:00,2024-08-12 08:00:00,2024-08-14 22:00:00,2024-08-31 08:00:00,2024-09-02 20:00:00,7,Chemicals,1368.99,DELAYED
SHP-00651,CUST-1187,ESVLC,BEANR,VSL-0010,2025-08-25 08:00:00,2025-09-07 08:00:00,,2025-09-11 08:00:00,,19,Furniture,456.8,CANCELLED
SHP-03459,CUST-1052,CNSZX,CNNGB,VSL-0002,2025-03-24 06:00:00,2025-04-06 06:00:00,2025-04-08 20:00:00,2025-04-14 06:00:00,2025-04-19 09:00:00,21,Automotive Parts,581.15,DELAYED
SHP-00457,CUST-1191,HKHKG,BEANR,VSL-0021,2025-10-13 06:00:00,2025-10-18 06:00:00,2025-10-18 11:00:00,2025-11-21 06:00:00,2025-11-20 23:00:00,36,Apparel,841.62,DELIVERED
SHP-00605,CUST-1160,ZADUR,SGSIN,VSL-0028,2024-11-05 00:00:00,2024-11-18 00:00:00,2024-11-19 03:00:00,2024-12-12 00:00:00,2024-12-15 01:00:00,36,Consumer Goods,-141.86,DELAYED
SHP-00148,CUST-1027,USNYC,INNSA,VSL-0074,2025-08-17 22:00:00,2025-08-27 22:00:00,2025-08-28 04:00:00,2025-09-18 22:00:00,2025-09-18 23:00:00,17,Pharmaceuticals,2215.84,DELIVERED
SHP-02303,CUST-1222,KRPUS,ESVLC,VSL-0003,2024-06-21 08:00:00,2024-06-26 08:00:00,2024-06-26 12:00:00,2024-07-29 08:00:00,2024-07-29 05:00:00,17,Food & Beverage,1157.04,DELIVERED
SHP-04882,CUST-1000,PKKAR,INMUN,VSL-0023,2024-09-23 19:00:00,2024-09-30 19:00:00,2024-10-03 09:00:00,2024-10-10 19:00:00,2024-10-14 22:00:00,21,Apparel,2287.2,DELAYED
SHP-03710,CUST-1091,INMUN,USSAV,VSL-0037,2025-08-11 05:00:00,2025-08-25 05:00:00,2025-08-25 06:00:00,2025-09-16 05:00:00,2025-09-16 11:00:00,17,Chemicals,1420.32,DELIVERED
SHP-04590,CUST-1086,USSAV,BRSSZ,VSL-0050,2025-04-17 22:00:00,2025-04-30 22:00:00,2025-05-01 07:00:00,2025-05-03 22:00:00,2025-05-05 15:00:00,4,Chemicals,1833.67,DELAYED
SHP-02501,CUST-1210,EGPSD,USLGB,VSL-0019,2025-06-12 18:00:00,2025-06-19 18:00:00,,2025-07-10 18:00:00,,9,Chemicals,1632.56,delivered
SHP-04981,CUST-1239,USSAV,NLRTM,VSL-0019,2025-02-17 18:00:00,2025-02-27 18:00:00,2025-02-27 22:00:00,2025-03-28 18:00:00,2025-03-28 23:00:00,31,Chemicals,753.62,DELIVERED
SHP-03504,CUST-1090,ESVLC,PKKAR,VSL-0068,2025-09-07 09:00:00,2025-09-20 09:00:00,2025-09-20 14:00:00,2025-10-15 09:00:00,2025-10-15 17:00:00,20,Consumer Goods,337.94,DELIVERED
SHP-02866,CUST-1206,SGSIN,CNSHA,VSL-0054,2024-09-27 09:00:00,2024-10-08 09:00:00,2024-10-08 10:00:00,2024-10-15 09:00:00,2024-10-15 20:00:00,40,Automotive Parts,2723.06,DELIVERED
SHP-03755,CUST-1097,THBKK,USLGB,VSL-0006,2024-12-10 15:00:00,2024-12-21 15:00:00,2024-12-24 08:00:00,2025-01-17 15:00:00,2025-01-23 22:00:00,8,Pharmaceuticals,881.82,DELAYED
SHP-00280,CUST-1174,USLGB,GBFXT,VSL-0044,2024-06-17 02:00:00,2024-06-29 02:00:00,2024-06-28 22:00:00,2024-07-24 02:00:00,2024-07-23 18:00:00,34,Consumer Goods,2558.34,DELIVERED
SHP-02024,CUST-1015,BRSSZ,INNSA,VSL-0050,2025-04-07 16:00:00,2025-04-12 16:00:00,2025-04-12 21:00:00,2025-04-28 16:00:00,2025-04-29 01:00:00,35,Automotive Parts,1324.86,DELIVERED
SHP-01960,CUST-1067,BEANR,NLRTM,VSL-0065,2024-12-09 12:00:00,2024-12-21 12:00:00,2024-12-21 14:00:00,2024-12-28 12:00:00,2024-12-28 05:00:00,13,Automotive Parts,1137.68,DELIVERED
SHP-01579,CUST-1063,CNSHA,GBFXT,VSL-0075,2025-04-27 12:00:00,2025-05-03 12:00:00,2025-05-03 14:00:00,2025-05-22 12:00:00,2025-05-22 19:00:00,37,Electronics,362.86,DELIVERED
SHP-02367,CUST-1003,ESVLC,INNSA,VSL-0039,2025-09-20 15:00:00,2025-09-27 15:00:00,2025-09-29 09:00:00,2025-10-18 15:00:00,2025-10-21 18:00:00,10,Machinery,152.91,DELAYED
SHP-03969,CUST-1074,DEHAM,PKKAR,VSL-0033,2025-08-27 04:00:00,2025-09-08 04:00:00,2025-09-09 08:00:00,2025-09-26 04:00:00,2025-10-01 01:00:00,7,Raw Materials,113.77,DELAYED
SHP-00573,CUST-1129,USLGB,EGPSD,VSL-0067,2025-02-03 19:00:00,2025-02-15 19:00:00,2025-02-17 14:00:00,2025-03-01 19:00:00,2025-03-07 10:00:00,20,Food & Beverage,1065.73,DELAYED
SHP-00333,CUST-1185,NLRTM,ZADUR,VSL-0035,2025-04-13 21:00:00,2025-04-18 21:00:00,2025-04-12 15:00:00,2025-05-14 21:00:00,2025-05-14 19:00:00,7,Furniture,822.46,DELIVERED
SHP-02906,CUST-1091,KRPUS,USLAX,VSL-0076,2025-07-17 22:00:00,2025-07-21 22:00:00,2025-07-23 09:00:00,2025-08-14 22:00:00,2025-08-16 19:00:00,38,Pharmaceuticals,2424.87,DELAYED
SHP-03611,CUST-1133,USNYC,USLGB,VSL-0001,2025-08-12 20:00:00,2025-08-19 20:00:00,,2025-08-22 20:00:00,,27,Consumer Goods,1955.58,N/A
SHP-03488,CUST-1045,USLGB,BEANR,VSL-0070,2025-08-07 20:00:00,2025-08-11 20:00:00,,2025-09-07 20:00:00,,18,Raw Materials,1686.02,
SHP-01431,CUST-1225,ESVLC,GBFXT,VSL-0009,2024-11-20 02:00:00,2024-11-28 02:00:00,2024-11-28 06:00:00,2024-12-07 02:00:00,2024-12-06 23:00:00,35, Chemicals,1751.81,DELIVERED
SHP-04753,CUST-1057,KRPUS,BEANR,VSL-0045,2025-09-28 00:00:00,2025-10-10 00:00:00,2025-10-09 22:00:00,2025-11-10 00:00:00,2025-11-09 16:00:00,20,Machinery,1232.69,DELIVERED
SHP-02568,CUST-1057,BRSSZ,ZADUR,VSL-0046,2025-05-08 07:00:00,2025-05-13 07:00:00,,2025-06-05 07:00:00,,15,Apparel,252.03,COMPLETED
SHP-00163,CUST-1094,CNNGB,EGPSD,VSL-0023,2024-10-20 02:00:00,2024-10-29 02:00:00,2024-10-29 03:00:00,2024-11-24 02:00:00,2024-11-24 14:00:00,17,machinery ,983.76,DELIVERED
SHP-04724,CUST-1088,USLGB,BRSSZ,VSL-0056,2024-07-07 21:00:00,2024-07-14 21:00:00,2024-07-14 20:00:00,2024-07-23 21:00:00,2024-07-23 20:00:00,33,Raw Materials,303.1,DELIVERED
SHP-04053,CUST-1042,NLRTM,BRSSZ,VSL-0029,2024-06-21 07:00:00,2024-06-24 07:00:00,2024-06-24 07:00:00,2024-07-21 07:00:00,2024-07-21 04:00:00,3,Consumer Goods,959.33,DELIVERED
SHP-01342,CUST-1194,INMUN,MYPKG,VSL-0034,2024-11-03 13:00:00,2024-11-11 13:00:00,2024-11-11 15:00:00,2024-11-20 13:00:00,2024-11-20 08:00:00,7,Furniture,2385.55,DELIVERED
SHP-04061,CUST-1074,BEANR,USNYC,VSL-0037,2025-08-29 09:00:00,2025-09-04 09:00:00,2025-09-04 07:00:00,2025-09-21 09:00:00,2025-09-21 16:00:00,26,Chemicals,1127.42,DELIVERED
SHP-03283,CUST-1027,EGPSD,MYPKG,VSL-0017,2025-02-17 03:00:00,2025-02-25 03:00:00,2025-02-26 08:00:00,2025-03-17 03:00:00,2025-03-18 04:00:00,32,Raw Materials,2321.8,DELAYED
SHP-01651,CUST-1092,AEDXB,INNSA,VSL-0080,2025-03-08 03:00:00,2025-03-22 03:00:00,2025-03-22 04:00:00,2025-04-21 03:00:00,2025-04-21 09:00:00,40,Furniture,2680.75,DELIVERED
SHP-04712,CUST-1217,AEDXB,THBKK,VSL-0016,2024-06-29 01:00:00,2024-07-04 01:00:00,2024-07-03 21:00:00,2024-07-24 01:00:00,2024-07-23 20:00:00,19,Consumer Goods,1891.15,DELIVERED
SHP-04204,CUST-1232,HKHKG,NLRTM,VSL-0053,2025-06-20 20:00:00,2025-07-01 20:00:00,2025-07-01 17:00:00,2025-07-26 20:00:00,2025-07-27 03:00:00,27,Apparel,994.08,DELIVERED
SHP-01034,CUST-1210,CNSZX,BEANR,VSL-0051,2024-12-16 08:00:00,2024-12-19 08:00:00,2024-12-20 08:00:00,2025-01-09 08:00:00,2025-01-10 23:00:00,34, Chemicals,2770.12,DELAYED
SHP-01274,CUST-1249,BRSSZ,PKKAR,VSL-0045,2025-04-12 08:00:00,2025-04-16 08:00:00,2025-04-16 20:00:00,2025-05-14 08:00:00,2025-05-17 07:00:00,11, Chemicals,1448.02,DELAYED
SHP-01063,CUST-1102,NLRTM,INNSA,VSL-0006,2025-01-08 10:00:00,2025-01-11 10:00:00,2025-01-11 16:00:00,2025-02-07 10:00:00,2025-02-07 08:00:00,16,Pharmaceuticals,719.26,DELIVERED
SHP-02496,CUST-1140,CNSHA,NLRTM,VSL-0018,2025-05-08 11:00:00,2025-05-21 11:00:00,2025-05-22 09:00:00,2025-06-12 11:00:00,2025-06-16 14:00:00,11,Apparel,2324.05,DELAYED
SHP-03053,CUST-1054,USNYC,CNSHA,VSL-0046,2024-12-31 20:00:00,2025-01-14 20:00:00,2025-01-16 06:00:00,2025-02-12 20:00:00,2025-02-15 16:00:00,6,Automotive Parts,258.4,DELAYED
SHP-03937,CUST-1246,USLGB,HKHKG,VSL-0078,2025-07-05 05:00:00,2025-07-11 05:00:00,2025-07-13 09:00:00,2025-08-09 05:00:00,2025-08-11 16:00:00,14,Food & Beverage,566.61,DELAYED
SHP-00542,CUST-1193,JPYOK,MYPKG,VSL-0018,2024-07-09 18:00:00,2024-07-15 18:00:00,2024-07-15 23:00:00,2024-07-25 18:00:00,2024-07-26 02:00:00,35,Furniture,954.21,DELIVERED
SHP-01821,CUST-1092,USLAX,INNSA,VSL-0046,2025-04-04 19:00:00,2025-04-13 19:00:00,,2025-04-29 19:00:00,,4,food & beverage,1015.42,CANCELLED
SHP-02454,CUST-1192,CNSHA,INMUN,VSL-0049,2025-04-07 04:00:00,2025-04-17 04:00:00,2025-04-17 10:00:00,2025-04-24 04:00:00,2025-04-24 15:00:00,8,Chemicals,1134.94,DELIVERED
SHP-03861,CUST-1123,AEDXB,CNSHA,VSL-0076,2025-07-30 22:00:00,2025-08-09 22:00:00,2025-08-12 21:00:00,2025-09-05 22:00:00,2025-09-09 06:00:00,22,Chemicals,391.32,DELAYED
SHP-02229,CUST-1200,AEDXB,KRPUS,VSL-0073,2024-10-25 11:00:00,2024-10-30 11:00:00,2024-10-30 07:00:00,2024-11-15 11:00:00,2024-11-15 13:00:00,32,Machinery,1629.98,DELIVERED
SHP-03925,CUST-1207,MYPKG,CNSHA,VSL-0014,2024-12-29 23:00:00,2025-01-04 23:00:00,2025-01-04 21:00:00,2025-01-12 23:00:00,2025-01-13 07:00:00,36,Electronics,866.35,DELIVERED
SHP-03374,CUST-1055,THBKK,KRPUS,VSL-0039,2025-04-10 11:00:00,2025-04-20 11:00:00,2025-04-20 11:00:00,2025-04-30 11:00:00,2025-04-30 12:00:00,9,Automotive Parts,1519.2,DELIVERED
SHP-00393,CUST-1119,HKHKG,USLGB,VSL-0023,2025-02-07 09:00:00,2025-02-12 09:00:00,2025-02-12 09:00:00,2025-03-14 09:00:00,2025-03-14 17:00:00,1,Furniture,863.49,DELIVERED
SHP-04973,CUST-1169,MYPKG,CNNGB,VSL-0003,2024-11-29 14:00:00,2024-12-04 14:00:00,2024-12-06 21:00:00,2024-12-14 14:00:00,2024-12-20 09:00:00,22,Apparel,476.96,DELAYED
SHP-00469,CUST-1046,CNNGB,USNYC,VSL-0001,2024-12-15 05:00:00,2024-12-20 05:00:00,2024-12-20 03:00:00,2025-01-24 05:00:00,2025-01-24 13:00:00,3,Furniture,316.92,DELIVERED
SHP-00694,CUST-1048,PKKAR,MYPKG,VSL-0015,2025-02-28 02:00:00,2025-03-08 02:00:00,2025-03-09 16:00:00,2025-03-18 02:00:00,2025-03-22 08:00:00,36,Electronics,309.24,DELAYED
SHP-02321,CUST-1198,CNNGB,DEHAM,VSL-0052,2025-08-21 09:00:00,2025-08-26 09:00:00,2025-08-26 15:00:00,2025-09-23 09:00:00,2025-09-23 17:00:00,39,Food & Beverage,457.57,DELIVERED
SHP-02886,CUST-1171,ZADUR,KRPUS,VSL-0040,2024-12-31 20:00:00,2025-01-12 20:00:00,2025-01-13 01:00:00,2025-01-28 20:00:00,2025-01-29 08:00:00,25,Machinery,2387.25,DELIVERED
SHP-02823,CUST-1172,CNSHA,BRSSZ,VSL-0068,2024-08-15 10:00:00,2024-08-19 10:00:00,2024-08-19 14:00:00,2024-09-12 10:00:00,2024-09-12 07:00:00,34,Chemicals,1275.83,DELIVERED
SHP-02658,CUST-1138,HKHKG,INNSA,VSL-0005,2025-02-05 09:00:00,2025-02-14 09:00:00,2025-02-15 20:00:00,2025-02-17 09:00:00,2025-02-20 02:00:00,15,Chemicals,999.56,DELAYED
SHP-01562,CUST-1104,NLRTM,XXTST,VSL-0014,2025-06-16 04:00:00,2025-06-28 04:00:00,2025-07-01 03:00:00,2025-07-22 04:00:00,2025-07-28 10:00:00,13,Automotive Parts,1106.02,DELAYED
SHP-03180,CUST-1205,MYPKG,NLRTM,VSL-0049,2025-09-14 05:00:00,2025-09-18 05:00:00,2025-09-18 11:00:00,2025-10-02 05:00:00,2025-10-02 03:00:00,18,Chemicals,1008.99,DELIVERED
SHP-00962,CUST-1194,EGPSD,AEDXB,VSL-0075,2025-08-06 04:00:00,2025-08-10 04:00:00,2025-08-10 06:00:00,2025-08-17 04:00:00,2025-08-17 11:00:00,38,Chemicals,2172.07,DELIVERED
SHP-03590,CUST-1175,ESVLC,AEDXB,VSL-0040,2025-09-30 18:00:00,2025-10-11 18:00:00,2025-10-11 15:00:00,2025-11-08 18:00:00,2025-11-09 05:00:00,1,Consumer Goods,1313.37,DELIVERED
SHP-02945,CUST-1032,CNSZX,MYPKG,VSL-0064,2025-09-07 12:00:00,2025-09-17 12:00:00,2025-09-17 18:00:00,2025-09-21 12:00:00,2025-09-24 20:00:00,39,Furniture,589.95,DELAYED
SHP-01401,CUST-1018,DEHAM,JPYOK,VSL-0056,2025-08-17 01:00:00,2025-08-28 01:00:00,2025-08-27 21:00:00,2025-09-16 01:00:00,2025-09-15 22:00:00,26,Raw Materials,853.95,DELIVERED
SHP-02837,CUST-1137,HKHKG,ESVLC,VSL-0063,2025-01-11 22:00:00,2025-01-23 22:00:00,2025-01-23 21:00:00,2025-02-19 22:00:00,2025-02-19 17:00:00,37,Furniture,1640.02,DELIVERED
SHP-02013,CUST-1068,ZZZZZ,JPYOK,VSL-0058,2024-11-21 10:00:00,2024-12-05 10:00:00,2024-12-05 21:00:00,2024-12-30 10:00:00,2025-01-02 12:00:00,16,Pharmaceuticals,2437.49,DELAYED
SHP-00378,CUST-1127,KRPUS,NLRTM,VSL-0022,2024-07-03 10:00:00,2024-07-12 10:00:00,2024-07-13 22:00:00,2024-07-27 10:00:00,2024-07-29 08:00:00,23,Machinery,189.83,DELAYED
SHP-02639,CUST-1138,BEANR,CNSZX,VSL-0072,2024-10-14 06:00:00,2024-10-19 06:00:00,2024-10-19 03:00:00,2024-11-14 06:00:00,2024-11-14 04:00:00,31,Machinery,818.57,DELIVERED
SHP-03874,CUST-1157,SGSIN,BRSSZ,VSL-0064,2024-09-06 05:00:00,2024-09-13 05:00:00,2024-09-13 23:00:00,2024-10-10 05:00:00,2024-10-13 16:00:00,29,Consumer Goods,425.33,DELAYED
SHP-02817,CUST-1242,AEDXB,SGSIN,VSL-0033,2024-06-08 09:00:00,2024-06-18 09:00:00,2024-06-20 16:00:00,2024-07-08 09:00:00,2024-07-11 12:00:00,27,Raw Materials,1519.4,DELAYED
SHP-03569,CUST-1163,HKHKG,BEANR,VSL-0027,2024-10-26 11:00:00,2024-11-08 11:00:00,2024-11-11 04:00:00,2024-12-01 11:00:00,2024-12-06 12:00:00,34,Furniture,1009.38,DELAYED
SHP-04838,CUST-1021,USSAV,KRPUS,VSL-0046,2024-07-05 11:00:00,2024-07-17 11:00:00,2024-07-19 06:00:00,2024-08-20 11:00:00,2024-08-24 02:00:00,34,Electronics,1850.37,DELAYED
SHP-03650,CUST-1184,INNSA,HKHKG,VSL-0018,2025-09-21 15:00:00,2025-10-05 15:00:00,2025-10-05 15:00:00,2025-10-10 15:00:00,2025-10-10 20:00:00,6,Apparel,76.67,DELIVERED
SHP-01885,CUST-1115,THBKK,JPYOK,VSL-0058,2024-10-03 20:00:00,2024-10-15 20:00:00,2024-10-15 21:00:00,2024-10-24 20:00:00,2024-10-24 21:00:00,26,Furniture,727.4,DELIVERED
SHP-00321,CUST-1119,NLRTM,THBKK,VSL-0010,2024-10-09 21:00:00,2024-10-12 21:00:00,2024-10-12 17:00:00,2024-11-02 21:00:00,2024-11-02 20:00:00,26,Furniture,55.77,DELIVERED
SHP-00936,CUST-1142,USSAV,EGPSD,VSL-0033,2025-03-28 14:00:00,2025-03-31 14:00:00,2025-04-01 01:00:00,2025-04-28 14:00:00,2025-05-01 18:00:00,31,Automotive parts,477.77,DELAYED
SHP-03633,CUST-1246,BEANR,MYPKG,VSL-0017,2025-08-17 07:00:00,2025-08-29 07:00:00,2025-08-29 19:00:00,2025-09-25 07:00:00,2025-09-29 13:00:00,33,Apparel,98.76,DELAYED
SHP-00856,CUST-1063,ZADUR,NLRTM,VSL-0056,2024-11-15 12:00:00,2024-11-19 12:00:00,2024-11-20 14:00:00,2024-12-20 12:00:00,2024-12-23 19:00:00,6,Food & Beverage,2062.5,DELAYED
SHP-00899,CUST-1070,INNSA,ZADUR,VSL-0058,2024-11-19 04:00:00,2024-12-03 04:00:00,,2024-12-27 04:00:00,,31,Consumer Goods,2535.63,CANCELLED
SHP-01106,CUST-1017,BEANR,EGPSD,VSL-0063,2025-06-01 22:00:00,2025-06-09 22:00:00,2025-06-10 01:00:00,2025-07-10 22:00:00,2025-07-10 15:00:00,16,Machinery,1237.96,DELIVERED
SHP-00425,CUST-1205,PKKAR,CNNGB,VSL-0075,2024-06-27 13:00:00,2024-07-08 13:00:00,,2024-07-11 13:00:00,,29,Consumer Goods,798.72,CANCELLED
SHP-01943,CUST-1075,CNSHA,GBFXT,VSL-0054,2025-04-24 07:00:00,2025-05-07 07:00:00,2025-05-07 13:00:00,2025-06-08 07:00:00,2025-06-08 01:00:00,11,Machinery,304.65,DELIVERED
SHP-00403,CUST-1182,USLGB,CNSHA,VSL-0046,2025-10-03 13:00:00,2025-10-06 13:00:00,2025-10-08 08:00:00,2025-11-08 13:00:00,2025-11-11 10:00:00,30,Chemicals,2669.54,DELAYED
SHP-04295,CUST-1115,KRPUS,ZADUR,VSL-0010,2025-01-07 02:00:00,2025-01-18 02:00:00,2025-01-18 08:00:00,2025-02-14 02:00:00,2025-02-14 13:00:00,10,Food & Beverage,2526.91,DELIVERED
SHP-00012,CUST-1139,ESVLC,CNSHA,VSL-0020,2025-05-23 13:00:00,2025-05-29 13:00:00,2025-05-31 12:00:00,2025-06-18 13:00:00,2025-06-20 15:00:00,8,Pharmaceuticals,2689.89,DELAYED
SHP-00546,CUST-1072,INMUN,INNSA,VSL-0037,2024-12-27 14:00:00,2025-01-07 14:00:00,2025-01-07 19:00:00,2025-01-16 14:00:00,2025-01-16 13:00:00,39,Furniture,2451.8,DELIVERED
SHP-01154,CUST-1008,ESVLC,DEHAM,VSL-0079,2025-01-23 01:00:00,2025-01-28 01:00:00,2025-01-30 02:00:00,2025-02-03 01:00:00,2025-02-08 19:00:00,18,Pharmaceuticals,1999.15,DELAYED
SHP-02615,CUST-1049,NLRTM,PKKAR,VSL-0021,2025-05-06 18:00:00,2025-05-15 18:00:00,2025-05-15 15:00:00,2025-06-05 18:00:00,2025-06-05 11:00:00,26,Food & Beverage,175.2,DELIVERED
SHP-03910,CUST-1226,KRPUS,USLGB,VSL-0027,2025-08-18 20:00:00,2025-08-29 20:00:00,2025-08-29 17:00:00,2025-09-20 20:00:00,2025-09-20 18:00:00,25,Furniture,1692.73,DELIVERED
SHP-00657,CUST-1019,PKKAR,GBFXT,VSL-0021,2024-10-14 12:00:00,2024-10-18 12:00:00,2024-10-18 09:00:00,2024-11-13 12:00:00,2024-11-13 17:00:00,21,,269.98,DELIVERED
SHP-01171,CUST-1103,GBFXT,BRSSZ,VSL-0055,2025-06-14 03:00:00,2025-06-18 03:00:00,2025-06-17 23:00:00,2025-07-18 03:00:00,2025-07-17 21:00:00,33,Consumer Goods,1925.62,DELIVERED
SHP-02582,CUST-1105,THBKK,EGPSD,VSL-0077,2025-01-14 07:00:00,2025-01-22 07:00:00,2025-01-22 09:00:00,2025-02-05 07:00:00,2025-02-05 12:00:00,27,Consumer Goods,2482.11,DELIVERED
SHP-04528,CUST-1004,USSAV,KRPUS,VSL-0044,2025-05-23 22:00:00,2025-06-03 22:00:00,2025-06-04 03:00:00,2025-06-25 22:00:00,2025-06-26 05:00:00,21,Machinery,-57.24,DELIVERED
SHP-04960,CUST-1063,NLRTM,CNSHA,VSL-0051,2025-08-07 07:00:00,2025-08-11 07:00:00,,2025-08-31 07:00:00,,12,Machinery,1083.08,N/A
SHP-03987,CUST-1156,JPYOK,GBFXT,VSL-0079,2025-04-06 21:00:00,2025-04-15 21:00:00,2025-04-15 23:00:00,2025-05-09 21:00:00,2025-05-09 17:00:00,22,Food & Beverage,2513.78,DELIVERED
SHP-01458,CUST-1215,DEHAM,GBFXT,VSL-0073,2024-11-19 14:00:00,2024-11-22 14:00:00,2024-11-25 11:00:00,2024-12-02 14:00:00,2024-12-08 07:00:00,6,Electronics,714.31,DELAYED
SHP-04229,CUST-1130,INNSA,USNYC,VSL-0023,2025-03-29 21:00:00,2025-04-02 21:00:00,2025-04-03 00:00:00,2025-04-27 21:00:00,2025-05-01 01:00:00,37,Food & Beverage,1630.54,DELAYED
SHP-04386,CUST-1237,JPYOK,CNSHA,VSL-0036,2024-12-19 17:00:00,2025-01-01 17:00:00,,2025-01-11 17:00:00,,33,Furniture,2019.32,Complete
SHP-01783,CUST-1134,ZADUR,PKKAR,VSL-0065,2025-06-30 11:00:00,2025-07-09 11:00:00,2025-07-09 16:00:00,2025-08-06 11:00:00,2025-08-06 22:00:00,8,Automotive Parts,2505.36,DELIVERED
SHP-01318,CUST-1199,PKKAR,BRSSZ,VSL-0007,2025-05-10 18:00:00,2025-05-21 18:00:00,2025-05-22 04:00:00,2025-06-14 18:00:00,2025-06-17 07:00:00,37,Raw Materials,-73.45,DELAYED
SHP-01646,CUST-1030,GBFXT,MYPKG,VSL-0039,2025-03-11 08:00:00,2025-03-24 08:00:00,2025-03-24 08:00:00,2025-04-13 08:00:00,2025-04-13 07:00:00,14,Chemicals,,DELIVERED
SHP-00198,CUST-1107,SGSIN,USNYC,VSL-0020,2025-04-16 14:00:00,2025-04-19 14:00:00,2025-04-20 09:00:00,2025-05-23 14:00:00,2025-05-27 13:00:00,29,Furniture,1821.98,DELAYED
SHP-00563,CUST-1167,CNSHA,USSAV,VSL-0018,2024-10-04 20:00:00,2024-10-16 20:00:00,2024-10-19 17:00:00,2024-11-07 20:00:00,2024-11-13 03:00:00,29,Consumer Goods,1360.59,DELAYED
SHP-03877,CUST-1171,ZZZZZ,USSAV,VSL-0069,2024-10-09 06:00:00,2024-10-22 06:00:00,2024-10-22 06:00:00,2024-11-21 06:00:00,2024-11-21 06:00:00,29,Apparel,1881.13,DELIVERED
SHP-03579,CUST-1221,PKKAR,MYPKG,VSL-0070,2025-02-13 02:00:00,2025-02-24 02:00:00,2025-02-27 01:00:00,2025-03-01 02:00:00,2025-03-05 08:00:00,17,electronics,1857.76,DELAYED
SHP-04466,CUST-1010,BRSSZ,ESVLC,VSL-0036,2024-07-28 17:00:00,2024-07-31 17:00:00,2024-07-31 22:00:00,2024-08-21 17:00:00,2024-08-25 09:00:00,29,Consumer Goods,465.97,DELAYED
SHP-01160,CUST-1036,EGPSD,INNSA,VSL-0070,2024-07-17 11:00:00,2024-07-24 11:00:00,2024-07-25 18:00:00,2024-08-14 11:00:00,2024-08-16 06:00:00,4,Automotive Parts,964.87,DELAYED
SHP-02436,CUST-1049,MYPKG,ESVLC,VSL-0016,2024-12-14 03:00:00,2024-12-26 03:00:00,2024-12-27 02:00:00,2025-01-28 03:00:00,2025-01-31 13:00:00,36,Raw Materials,353.75,DELAYED
SHP-02316,CUST-1107,CNSHA,USNYC,VSL-0014,2024-12-07 04:00:00,2024-12-13 04:00:00,2024-12-13 10:00:00,2025-01-14 04:00:00,2025-01-14 10:00:00,36,Pharmaceuticals,894.96,DELIVERED
SHP-02377,CUST-1137,DEHAM,PKKAR,VSL-0014,2025-04-23 08:00:00,2025-05-01 08:00:00,2025-05-01 10:00:00,2025-05-28 08:00:00,2025-05-28 10:00:00,34,Pharmaceuticals,2585.8,DELIVERED
SHP-03951,CUST-1083,AEDXB,DEHAM,VSL-0048,2024-11-10 12:00:00,2024-11-16 12:00:00,2024-11-18 01:00:00,2024-12-03 12:00:00,2024-12-07 02:00:00,37,Food & Beverage,2367.76,DELAYED
SHP-00401,CUST-1229,HKHKG,PKKAR,VSL-0058,2025-02-08 05:00:00,2025-02-13 05:00:00,2025-02-13 02:00:00,2025-02-21 05:00:00,2025-02-20 22:00:00,37,Furniture,1898.26,DELIVERED
SHP-03258,CUST-1186,THBKK,HKHKG,VSL-0029,2024-12-02 07:00:00,2024-12-05 07:00:00,2024-12-08 03:00:00,2024-12-14 07:00:00,2024-12-19 22:00:00,19,Chemicals,2156.47,DELAYED
SHP-04510,CUST-1155,HKHKG,SGSIN,VSL-0061,2024-10-23 01:00:00,2024-11-02 01:00:00,2024-11-02 17:00:00,2024-11-05 01:00:00,2024-11-07 06:00:00,14,Chemicals,1685.83,DELAYED
SHP-04399,CUST-1235,ESVLC,USSAV,VSL-0080,2025-06-04 04:00:00,2025-06-14 04:00:00,,2025-07-10 04:00:00,,4,Electronics,2440.62,CANCELLED
SHP-01936,CUST-1082,ZADUR,HKHKG,VSL-0050,2024-09-19 22:00:00,2024-09-26 22:00:00,2024-09-27 23:00:00,2024-10-27 22:00:00,2024-10-31 03:00:00,6,Electronics,750.66,DELAYED
SHP-01926,CUST-1100,BRSSZ,USLGB,VSL-0029,2024-06-26 19:00:00,2024-07-02 19:00:00,2024-07-02 19:00:00,2024-07-07 19:00:00,2024-07-08 06:00:00,21,Machinery,455.87,DELIVERED
SHP-03441,CUST-1086,CNSZX,BRSSZ,VSL-0076,2024-07-11 17:00:00,2024-07-24 17:00:00,,2024-08-13 17:00:00,,35,Machinery,1079.14,CANCELLED
SHP-02077,CUST-1138,BEANR,USNYC,VSL-0050,2024-08-28 13:00:00,2024-09-11 13:00:00,2024-09-11 16:00:00,2024-10-15 13:00:00,2024-10-15 13:00:00,10,Pharmaceuticals,2253.45,DELIVERED
SHP-02874,CUST-1209,USLGB,GBFXT,VSL-0011,2025-07-12 21:00:00,2025-07-23 21:00:00,2025-07-23 17:00:00,2025-08-26 21:00:00,2025-08-27 04:00:00,15,Pharmaceuticals,2466.08,DELIVERED
SHP-03733,CUST-1016,USNYC,HKHKG,VSL-0066,2024-07-30 07:00:00,2024-08-11 07:00:00,2024-07-28 23:00:00,2024-09-05 07:00:00,2024-09-09 00:00:00,14,Automotive Parts,509.06,DELAYED
SHP-01082,CUST-1101,AEDXB,DEHAM,VSL-0008,2025-08-07 04:00:00,2025-08-13 04:00:00,2025-08-14 09:00:00,2025-09-10 04:00:00,2025-09-15 07:00:00,25,Apparel,2238.07,DELAYED
SHP-02909,CUST-1248,CNSZX,EGPSD,VSL-0066,2024-08-31 06:00:00,2024-09-06 06:00:00,2024-09-06 11:00:00,2024-09-24 06:00:00,2024-09-26 13:00:00,10,Consumer Goods,911.01,DELAYED
SHP-04353,CUST-1175,AEDXB,BRSSZ,VSL-0043,2025-06-01 01:00:00,2025-06-05 01:00:00,2025-06-05 02:00:00,2025-06-21 01:00:00,2025-06-20 21:00:00,37,Food & Beverage,226.5,DELIVERED
SHP-02531,CUST-1182,SGSIN,ZADUR,VSL-0017,2025-09-01 02:00:00,2025-09-07 02:00:00,2025-09-07 02:00:00,2025-10-02 02:00:00,2025-10-02 02:00:00,5,Apparel,1666.09,DELIVERED
SHP-04707,CUST-1130,HKHKG,SGSIN,VSL-0022,2024-10-20 09:00:00,2024-10-26 09:00:00,2024-10-26 05:00:00,2024-10-31 09:00:00,2024-10-31 13:00:00,40,Food & Beverage,2630.14,DELIVERED
SHP-02344,CUST-1069,GBFXT,USLGB,VSL-0014,2025-08-16 20:00:00,2025-08-23 20:00:00,2025-08-25 16:00:00,2025-09-18 20:00:00,2025-09-23 07:00:00,3,Machinery,1923.87,DELAYED
SHP-00118,CUST-1074,CNNGB,DEHAM,VSL-0031,2025-07-05 23:00:00,2025-07-16 23:00:00,2025-07-17 01:00:00,2025-08-01 23:00:00,2025-08-02 03:00:00,34,Consumer Goods,2176.14,DELIVERED
SHP-00987,CUST-1224,INMUN,SGSIN,VSL-0035,2025-08-04 08:00:00,2025-08-09 08:00:00,2025-08-09 10:00:00,2025-08-17 08:00:00,2025-08-19 11:00:00,38,Furniture,600.92,DELAYED
SHP-00286,CUST-1182,INNSA,SGSIN,VSL-0051,2025-07-30 01:00:00,2025-08-10 01:00:00,2025-08-09 22:00:00,2025-08-16 01:00:00,2025-08-16 12:00:00,1,Automotive Parts,1723.13,DELIVERED
SHP-04317,CUST-1192,USNYC,HKHKG,VSL-0034,2025-01-16 09:00:00,2025-01-19 09:00:00,2025-01-19 11:00:00,2025-02-06 09:00:00,2025-02-06 19:00:00,3,Consumer Goods,1439.85,DELIVERED
SHP-01020,CUST-1028,USLGB,AEDXB,VSL-0031,2024-09-04 20:00:00,2024-09-15 20:00:00,2024-09-15 23:00:00,2024-09-29 20:00:00,2024-09-30 00:00:00,30,Chemicals,62.02,DELIVERED
SHP-01918,CUST-1131,CNSHA,ESVLC,VSL-0079,2024-07-26 21:00:00,2024-08-08 21:00:00,2024-08-09 00:00:00,2024-08-22 21:00:00,2024-08-22 14:00:00,2,Consumer Goods,930.88,DELIVERED
SHP-01980,CUST-1125,BEANR,KRPUS,VSL-0016,2024-08-03 05:00:00,2024-08-14 05:00:00,2024-08-14 10:00:00,2024-09-14 05:00:00,2024-09-14 10:00:00,39,Chemicals,1226.56,DELIVERED
SHP-00133,CUST-1072,INMUN,THBKK,VSL-0035,2025-09-02 23:00:00,2025-09-13 23:00:00,2025-09-14 04:00:00,2025-09-17 23:00:00,2025-09-18 08:00:00,24,Chemicals,2204.24,DELIVERED
SHP-01392,CUST-1093,HKHKG,CNSZX,VSL-0066,2025-07-09 08:00:00,2025-07-21 08:00:00,2025-07-22 12:00:00,2025-07-28 08:00:00,2025-08-02 08:00:00,9,Furniture,315.41,DELAYED
SHP-02090,CUST-1004,USLAX,INMUN,VSL-0010,2024-09-17 07:00:00,2024-09-22 07:00:00,2024-09-22 03:00:00,2024-10-15 07:00:00,2024-10-15 08:00:00,9,Food & Beverage,2166.31,DELIVERED
SHP-04866,CUST-1004,USLGB,USSAV,VSL-0055,2025-09-03 06:00:00,2025-09-12 06:00:00,,2025-09-22 06:00:00,,31,Automotive Parts,1049.93,
SHP-02618,CUST-1237,PKKAR,USLGB,VSL-0041,2025-10-08 02:00:00,2025-10-14 02:00:00,2025-10-14 18:00:00,2025-10-31 02:00:00,2025-11-02 07:00:00,19,Electronics,309.87,DELAYED
SHP-03938,CUST-1099,USSAV,ZADUR,VSL-0014,2025-09-08 05:00:00,2025-09-22 05:00:00,2025-09-22 05:00:00,2025-10-10 05:00:00,2025-10-10 17:00:00,5,Chemicals,1147.72,DELIVERED
SHP-01130,CUST-1160,SGSIN,CNNGB,VSL-0055,2024-11-24 21:00:00,2024-12-03 21:00:00,2024-12-04 00:00:00,2024-12-13 21:00:00,2024-12-14 04:00:00,21,Chemicals,944.15,DELIVERED
SHP-00523,CUST-1182,USLGB,BRSSZ,VSL-0053,2025-10-08 01:00:00,2025-10-20 01:00:00,2025-10-20 03:00:00,2025-10-23 01:00:00,2025-10-23 09:00:00,29,Food & Beverage,2011.09,DELIVERED
SHP-03227,CUST-1246,INNSA,AEDXB,VSL-0068,2025-04-24 16:00:00,2025-05-02 16:00:00,2025-05-02 20:00:00,2025-05-26 16:00:00,2025-05-26 14:00:00,38,Food & Beverage,2341.21,DELIVERED
SHP-00734,CUST-1062,ESVLC,USSAV,VSL-0050,2024-12-25 08:00:00,2025-01-05 08:00:00,2024-12-23 14:00:00,2025-02-09 08:00:00,2025-02-13 22:00:00,17,Furniture,118.74,DELAYED
SHP-03470,CUST-1072,MYPKG,INNSA,VSL-0044,2025-08-13 20:00:00,2025-08-17 20:00:00,2025-08-17 19:00:00,2025-08-23 20:00:00,2025-08-24 02:00:00,21,Furniture,448.01,DELIVERED
SHP-00685,CUST-1009,EGPSD,JPYOK,VSL-0043,2025-03-28 23:00:00,2025-04-05 23:00:00,2025-04-06 00:00:00,2025-05-07 23:00:00,2025-05-07 23:00:00,9,Chemicals,2360.3,DELIVERED
SHP-04223,CUST-1244,USLAX,KRPUS,VSL-0028,2025-08-26 13:00:00,2025-09-07 13:00:00,,2025-10-02 13:00:00,,3,Electronics,58.91,CANCELLED
SHP-02971,CUST-1081,CNSZX,USLAX,VSL-0010,2024-11-07 21:00:00,2024-11-21 21:00:00,2024-11-23 22:00:00,2024-12-17 21:00:00,2024-12-21 00:00:00,5,Furniture,1101.13,DELAYED
SHP-03038,CUST-1050,MYPKG,AEDXB,VSL-0038,2024-06-01 17:00:00,2024-06-04 17:00:00,2024-06-06 12:00:00,2024-06-22 17:00:00,2024-06-26 03:00:00,31,Pharmaceuticals,2063.14,DELAYED
SHP-01928,CUST-1161,SGSIN,HKHKG,VSL-0017,2024-09-19 20:00:00,2024-10-02 20:00:00,2024-10-03 03:00:00,2024-10-12 20:00:00,2024-10-15 06:00:00,22,Consumer Goods,,DELAYED
SHP-03334,CUST-1179,ZADUR,USLAX,VSL-0024,2025-05-03 00:00:00,2025-05-09 00:00:00,2025-05-11 13:00:00,2025-06-07 00:00:00,2025-06-09 17:00:00,9,Food & Beverage,324.21,DELAYED
SHP-01895,CUST-1219,EGPSD,CNNGB,VSL-0037,2025-06-25 02:00:00,2025-07-05 02:00:00,2025-07-05 05:00:00,2025-08-08 02:00:00,2025-08-07 23:00:00,13,Chemicals,2548.76,DELIVERED
SHP-00229,CUST-1118,NLRTM,USLGB,VSL-0040,2025-09-10 19:00:00,2025-09-20 19:00:00,2025-09-21 02:00:00,2025-10-25 19:00:00,2025-10-29 15:00:00,6,Pharmaceuticals,1875.34,DELAYED
SHP-02383,CUST-1011,BRSSZ,CNNGB,VSL-0056,2024-12-05 18:00:00,2024-12-19 18:00:00,2024-12-19 14:00:00,2025-01-05 18:00:00,2025-01-06 00:00:00,9,Furniture,931.02,DELIVERED
SHP-01196,CUST-1166,ESVLC,GBFXT,VSL-0038,2025-03-08 06:00:00,2025-03-21 06:00:00,2025-03-23 22:00:00,2025-03-31 06:00:00,2025-04-03 23:00:00,6,Electronics,1079.48,DELAYED
SHP-01975,CUST-1024,USSAV,HKHKG,VSL-0009,2025-03-26 00:00:00,2025-04-03 00:00:00,2025-04-02 22:00:00,2025-04-17 00:00:00,2025-04-17 01:00:00,13,Food & Beverage,1419.45,DELIVERED
SHP-03020,CUST-1006,HKHKG,ZADUR,VSL-0067,2025-06-23 20:00:00,2025-07-07 20:00:00,2025-07-07 20:00:00,2025-08-09 20:00:00,2025-08-09 20:00:00,25,Electronics,1581.43,DELIVERED
SHP-03201,CUST-1142,BRSSZ,USLGB,VSL-0025,2025-09-04 14:00:00,2025-09-15 14:00:00,2025-09-15 18:00:00,2025-09-20 14:00:00,2025-09-20 21:00:00,25,Raw Materials,580.69,DELIVERED
SHP-00704,CUST-1032,INNSA,GBFXT,VSL-0012,2024-06-04 06:00:00,2024-06-13 06:00:00,2024-06-15 22:00:00,2024-07-12 06:00:00,2024-07-16 12:00:00,5,Apparel,1241.25,DELAYED
SHP-02746,CUST-1240,USNYC,MYPKG,VSL-0036,2025-07-21 00:00:00,2025-07-24 00:00:00,2025-07-24 04:00:00,2025-08-08 00:00:00,2025-08-07 21:00:00,15,Apparel,859.16,DELIVERED
SHP-04839,CUST-1116,DEHAM,USLAX,VSL-0065,2025-03-03 11:00:00,2025-03-11 11:00:00,2025-03-12 06:00:00,2025-04-14 11:00:00,2025-04-18 21:00:00,20,Machinery,2743.24,DELAYED
SHP-03773,CUST-1079,USNYC,KRPUS,VSL-0015,2025-06-03 21:00:00,2025-06-07 21:00:00,2025-06-08 03:00:00,2025-07-02 21:00:00,2025-07-03 07:00:00,9,Machinery,1338.83,DELIVERED
SHP-01745,CUST-1218,DEHAM,BEANR,VSL-0058,2025-05-21 14:00:00,2025-06-01 14:00:00,2025-06-01 13:00:00,2025-06-05 14:00:00,2025-06-05 22:00:00,20,Machinery,2009.43,DELIVERED
SHP-02725,CUST-1040,PKKAR,SGSIN,VSL-0053,2024-09-10 03:00:00,2024-09-15 03:00:00,2024-09-15 03:00:00,2024-09-18 03:00:00,2024-09-18 09:00:00,35,Automotive Parts,2522.89,DELIVERED
SHP-03085,CUST-1210,THBKK,BEANR,VSL-0040,2024-12-13 09:00:00,2024-12-23 09:00:00,2024-12-25 21:00:00,2025-01-16 09:00:00,2025-01-22 00:00:00,32,Machinery,1960.73,DELAYED
SHP-02524,CUST-1049,KRPUS,DEHAM,VSL-0067,2025-04-05 06:00:00,2025-04-08 06:00:00,2025-04-10 10:00:00,2025-04-30 06:00:00,2025-05-05 04:00:00,1,Apparel,1169.97,DELAYED
SHP-04933,CUST-1099,THBKK,CNSHA,VSL-0011,2025-04-06 12:00:00,2025-04-12 12:00:00,,2025-04-16 12:00:00,,32,Raw Materials,2637.31,CANCELLED
SHP-04567,CUST-1178,BRSSZ,SGSIN,VSL-0020,2025-06-07 00:00:00,2025-06-17 00:00:00,,2025-07-08 00:00:00,,21,Furniture,2786.82,CANCELLED
SHP-03585,CUST-1239,PKKAR,ESVLC,VSL-0066,2025-04-12 06:00:00,2025-04-16 06:00:00,2025-04-18 07:00:00,2025-05-08 06:00:00,2025-05-13 17:00:00,7,Consumer Goods,506.47,DELAYED
SHP-01525,CUST-1015,MYPKG,PKKAR,VSL-0042,2025-07-06 14:00:00,2025-07-16 14:00:00,2025-07-16 18:00:00,2025-07-22 14:00:00,2025-07-25 19:00:00,35,Apparel,291.14,DELAYED
SHP-02199,CUST-1095,USLAX,USLGB,VSL-0029,2025-02-10 01:00:00,2025-02-23 01:00:00,2025-02-23 01:00:00,2025-03-03 01:00:00,2025-03-03 12:00:00,32,Automotive Parts,956.44,DELIVERED
SHP-03407,CUST-1140,PKKAR,JPYOK,VSL-0060,2024-11-07 13:00:00,2024-11-18 13:00:00,2024-11-18 16:00:00,2024-11-22 13:00:00,2024-11-22 17:00:00,27,Furniture,1701.14,DELIVERED
SHP-03741,CUST-1025,MYPKG,USNYC,VSL-0009,2025-07-12 22:00:00,2025-07-15 22:00:00,2025-07-17 14:00:00,2025-08-05 22:00:00,2025-08-09 09:00:00,32,Apparel,2040.33,DELAYED
SHP-02376,CUST-1090,JPYOK,ZADUR,VSL-0078,2025-06-11 01:00:00,2025-06-25 01:00:00,2025-06-25 06:00:00,2025-07-18 01:00:00,2025-07-18 08:00:00,38,Chemicals,1832.39,DELIVERED
SHP-00773,CUST-1170,ZADUR,ESVLC,VSL-0068,2025-02-27 13:00:00,2025-03-03 13:00:00,2025-03-03 16:00:00,2025-04-06 13:00:00,2025-04-06 16:00:00,18,Food & Beverage,243.37,DELIVERED
SHP-02176,CUST-1041,USLAX,MYPKG,VSL-0069,2025-09-14 02:00:00,2025-09-18 02:00:00,2025-09-18 18:00:00,2025-10-23 02:00:00,2025-10-27 10:00:00,12,Automotive Parts,,DELAYED
SHP-02580,CUST-1011,USLGB,CNSHA,VSL-0013,2024-10-06 15:00:00,2024-10-15 15:00:00,2024-10-16 11:00:00,2024-11-07 15:00:00,2024-11-09 21:00:00,4,Furniture,1963.55,DELAYED
SHP-03982,CUST-1192,JPYOK,USNYC,VSL-0019,2024-07-17 05:00:00,2024-07-30 05:00:00,2024-07-30 10:00:00,2024-08-17 05:00:00,2024-08-17 16:00:00,36,Apparel,971.97,DELIVERED
SHP-04133,CUST-1133,CNSHA,JPYOK,VSL-0058,2025-01-03 04:00:00,2025-01-10 04:00:00,2025-01-10 10:00:00,2025-01-19 04:00:00,2025-01-19 09:00:00,28, Chemicals,981.77,DELIVERED
SHP-03758,CUST-1185,CNNGB,EGPSD,VSL-0007,2025-02-06 04:00:00,2025-02-16 04:00:00,2025-02-16 06:00:00,2025-03-02 04:00:00,2025-03-01 22:00:00,10,Machinery,1157.27,DELIVERED
SHP-04398,CUST-1191,KRPUS,DEHAM,VSL-0045,2025-08-18 21:00:00,2025-08-22 21:00:00,2025-08-23 02:00:00,2025-09-19 21:00:00,2025-09-20 02:00:00,14,Pharmaceuticals,1121.49,DELIVERED
SHP-01121,CUST-1239,USLAX,AEDXB,VSL-0006,2025-04-09 18:00:00,2025-04-21 18:00:00,2025-04-24 03:00:00,2025-05-10 18:00:00,2025-05-15 10:00:00,19,Chemicals,1140.15,DELAYED
SHP-00942,CUST-1173,USLAX,ESVLC,VSL-0073,2025-03-22 05:00:00,2025-04-02 05:00:00,2025-04-03 21:00:00,2025-04-18 05:00:00,2025-04-22 10:00:00,35,Machinery,2759.28,DELAYED
SHP-00712,CUST-1173,NLRTM,THBKK,VSL-0015,2024-07-04 20:00:00,2024-07-17 20:00:00,2024-07-18 13:00:00,2024-08-21 20:00:00,2024-08-23 02:00:00,37,Machinery,1612.64,DELAYED
SHP-00553,CUST-1146,BRSSZ,BEANR,VSL-0013,2025-09-12 02:00:00,2025-09-20 02:00:00,2025-09-20 05:00:00,2025-10-08 02:00:00,2025-10-07 20:00:00,39,Raw Materials,2111.62,DELIVERED
SHP-01126,CUST-1210,INMUN,PKKAR,VSL-0079,2025-04-26 18:00:00,2025-05-05 18:00:00,2025-05-05 23:00:00,2025-05-09 18:00:00,2025-05-09 16:00:00,35,Machinery,831.65,DELIVERED
SHP-03777,CUST-1000,KRPUS,CNSHA,VSL-0024,2025-07-17 01:00:00,2025-07-29 01:00:00,2025-07-29 08:00:00,2025-08-04 01:00:00,2025-08-05 08:00:00,29,Food & Beverage,781.74,DELAYED
SHP-01317,CUST-1093,NLRTM,KRPUS,VSL-0059,2024-10-24 07:00:00,2024-10-28 07:00:00,2024-10-28 06:00:00,2024-11-15 07:00:00,2024-11-15 05:00:00,27,Apparel,447.71,DELIVERED
SHP-00586,CUST-1146,ZADUR,BEANR,VSL-0031,2025-04-15 22:00:00,2025-04-22 22:00:00,2025-04-22 19:00:00,2025-05-23 22:00:00,2025-05-23 20:00:00,4,Pharmaceuticals,116.24,DELIVERED
SHP-01093,CUST-1213,GBFXT,BEANR,VSL-0034,2025-03-31 22:00:00,2025-04-12 22:00:00,2025-04-15 11:00:00,2025-04-18 22:00:00,2025-04-23 14:00:00,9,Apparel,991.7,DELAYED
SHP-03899,CUST-1005,BRSSZ,KRPUS,VSL-0011,2025-07-07 22:00:00,2025-07-16 22:00:00,2025-07-17 00:00:00,2025-08-07 22:00:00,2025-08-07 17:00:00,16,Chemicals,773.9,DELIVERED
SHP-02770,CUST-1210,USSAV,USLGB,VSL-0019,2025-06-24 21:00:00,2025-07-05 21:00:00,2025-07-05 23:00:00,2025-07-10 21:00:00,2025-07-11 05:00:00,12,Furniture,348.27,DELIVERED
SHP-01969,CUST-1147,NLRTM,DEHAM,VSL-0012,2025-07-10 00:00:00,2025-07-23 00:00:00,2025-07-22 23:00:00,2025-07-26 00:00:00,2025-07-26 05:00:00,19,Electronics,1643.44,DELIVERED
SHP-01475,CUST-1242,GBFXT,AEDXB,VSL-0018,2025-08-13 16:00:00,2025-08-26 16:00:00,2025-08-26 18:00:00,2025-09-10 16:00:00,2025-09-14 03:00:00,17,Apparel,1931.09,DELAYED
SHP-04479,CUST-1214,MYPKG,BRSSZ,VSL-0050,2025-09-03 00:00:00,2025-09-06 00:00:00,2025-09-05 22:00:00,2025-10-05 00:00:00,2025-10-04 23:00:00,40,Furniture,2632.39,DELIVERED
SHP-03299,CUST-1003,INNSA,MYPKG,VSL-0065,2025-03-14 00:00:00,2025-03-23 00:00:00,2025-03-23 14:00:00,2025-04-01 00:00:00,2025-04-03 15:00:00,11,Apparel,2401.71,DELAYED
SHP-02858,CUST-1107,EGPSD,NLRTM,VSL-0035,2025-09-20 03:00:00,2025-10-04 03:00:00,2025-10-04 16:00:00,2025-10-18 03:00:00,2025-10-20 04:00:00,19,Pharmaceuticals,444.48,DELAYED
SHP-00291,CUST-1247,DEHAM,ESVLC,VSL-0065,2024-12-18 08:00:00,2024-12-22 08:00:00,2024-12-22 13:00:00,2024-12-25 08:00:00,2024-12-25 09:00:00,13,Electronics,1874.73,DELIVERED
SHP-04913,CUST-1085,USLGB,USNYC,VSL-0021,2025-05-18 11:00:00,2025-05-31 11:00:00,2025-06-01 11:00:00,2025-06-06 11:00:00,2025-06-09 11:00:00,13,Consumer Goods,650.62,DELAYED
SHP-00958,CUST-1250,BRSSZ,AEDXB,VSL-0031,2025-06-27 15:00:00,2025-07-02 15:00:00,2025-07-02 21:00:00,2025-07-19 15:00:00,2025-07-19 18:00:00,39,Consumer Goods,1531.89,DELIVERED
SHP-03731,CUST-1172,USSAV,SGSIN,VSL-0047,2025-03-01 07:00:00,2025-03-06 07:00:00,2025-03-06 09:00:00,2025-03-30 07:00:00,2025-03-31 16:00:00,40,Furniture,853.36,DELAYED
SHP-03845,CUST-1016,BEANR,CNSZX,VSL-0046,2025-03-03 14:00:00,2025-03-06 14:00:00,2025-03-06 14:00:00,2025-03-20 14:00:00,2025-03-20 06:00:00,36,Raw Materials,1915.87,DELIVERED
SHP-03738,CUST-1154,KRPUS,USSAV,VSL-0032,2024-08-04 14:00:00,2024-08-18 14:00:00,2024-08-18 10:00:00,2024-09-04 14:00:00,2024-09-04 16:00:00,28,Food & Beverage,2428.36,DELIVERED
SHP-03730,CUST-1096,KRPUS,ESVLC,VSL-0080,2024-07-08 01:00:00,2024-07-17 01:00:00,2024-07-17 23:00:00,2024-08-20 01:00:00,2024-08-21 23:00:00,18,Automotive Parts,418.6,DELAYED
SHP-03600,CUST-1082,HKHKG,ESVLC,VSL-0052,2025-01-25 23:00:00,2025-02-06 23:00:00,2025-02-09 02:00:00,2025-02-20 23:00:00,2025-02-24 01:00:00,31,Apparel,,DELAYED
SHP-03890,CUST-1167,GBFXT,INNSA,VSL-0052,2024-08-05 16:00:00,2024-08-19 16:00:00,2024-08-20 11:00:00,2024-09-13 16:00:00,2024-09-17 12:00:00,12,Pharmaceuticals,311.36,DELAYED
SHP-01012,CUST-1144,BRSSZ,AEDXB,VSL-0002,2025-02-16 20:00:00,2025-02-28 20:00:00,2025-02-28 23:00:00,2025-03-29 20:00:00,2025-03-29 21:00:00,34,Consumer Goods,2693.58,DELIVERED
SHP-02938,CUST-1226,MYPKG,USSAV,VSL-0001,2024-12-27 08:00:00,2025-01-10 08:00:00,2025-01-10 09:00:00,2025-01-24 08:00:00,2025-01-24 05:00:00,12,Consumer Goods,1388.94,DELIVERED
SHP-02308,CUST-1066,AEDXB,INMUN,VSL-0005,2024-06-02 09:00:00,2024-06-14 09:00:00,2024-06-14 22:00:00,2024-07-12 09:00:00,2024-07-13 17:00:00,3,Machinery,2104.87,DELAYED
SHP-03757,CUST-1022,USNYC,JPYOK,VSL-0078,2024-06-30 10:00:00,2024-07-06 10:00:00,2024-07-06 15:00:00,2024-07-31 10:00:00,2024-07-31 09:00:00,27,FURNITURE,1919.34,DELIVERED
SHP-03432,CUST-1189,JPYOK,ZADUR,VSL-0031,2025-09-06 01:00:00,2025-09-11 01:00:00,2025-09-11 04:00:00,2025-10-11 01:00:00,2025-10-11 00:00:00,2,Chemicals,549.8,DELIVERED
SHP-01448,CUST-1108,HKHKG,CNSZX,VSL-0076,2024-08-17 10:00:00,2024-08-29 10:00:00,2024-08-31 03:00:00,2024-09-02 10:00:00,2024-09-04 19:00:00,1,Machinery,1451.29,DELAYED
SHP-04181,CUST-1057,GBFXT,AEDXB,VSL-0036,2025-08-05 06:00:00,2025-08-17 06:00:00,2025-08-19 23:00:00,2025-09-05 06:00:00,2025-09-08 11:00:00,6,Pharmaceuticals,912.47,DELAYED
SHP-04508,CUST-1222,CNSZX,EGPSD,VSL-0080,2025-04-08 12:00:00,2025-04-14 12:00:00,2025-04-15 15:00:00,2025-05-05 12:00:00,2025-05-08 21:00:00,37,Furniture,2627.54,DELAYED
SHP-02397,CUST-1093,SGSIN,ESVLC,VSL-0022,2025-04-18 22:00:00,2025-04-30 22:00:00,2025-05-01 03:00:00,2025-05-15 22:00:00,2025-05-16 07:00:00,12,Consumer Goods,2482.75,DELIVERED
SHP-02430,CUST-1046,BEANR,THBKK,VSL-0020,2025-04-06 20:00:00,2025-04-10 20:00:00,2025-04-11 12:00:00,2025-05-06 20:00:00,2025-05-09 12:00:00,13,Pharmaceuticals,2636.17,DELAYED
SHP-01823,CUST-1169,ZADUR,KRPUS,VSL-0037,2025-04-17 04:00:00,2025-04-25 04:00:00,2025-04-27 21:00:00,2025-05-25 04:00:00,2025-05-30 22:00:00,4,Automotive Parts,159.28,DELAYED
SHP-04383,CUST-1212,EGPSD,KRPUS,VSL-0009,2024-10-12 05:00:00,2024-10-24 05:00:00,2024-10-24 07:00:00,2024-11-14 05:00:00,2024-11-14 12:00:00,20,Consumer Goods,2607.04,DELIVERED
SHP-03141,CUST-1203,SGSIN,PKKAR,VSL-0041,2025-08-21 07:00:00,2025-08-29 07:00:00,2025-08-29 12:00:00,2025-09-07 07:00:00,2025-09-07 00:00:00,29,Apparel,1973.84,DELIVERED
SHP-00993,CUST-1080,SGSIN,HKHKG,VSL-0071,2025-08-11 23:00:00,2025-08-14 23:00:00,2025-08-15 23:00:00,2025-08-24 23:00:00,2025-08-27 02:00:00,23,Automotive Parts,1836.12,DELAYED
SHP-01796,CUST-1149,CNSHA,CNSZX,VSL-0038,2025-02-18 07:00:00,2025-03-04 07:00:00,2025-03-04 14:00:00,2025-03-11 07:00:00,2025-03-13 19:00:00,39,Machinery,,DELAYED
SHP-04216,CUST-1115,BEANR,HKHKG,VSL-0010,2024-07-17 15:00:00,2024-07-23 15:00:00,2024-07-23 19:00:00,2024-08-26 15:00:00,2024-08-27 03:00:00,33,Consumer Goods,1121.47,DELIVERED
SHP-03388,CUST-1149,ESVLC,MYPKG,VSL-0012,2025-09-08 19:00:00,2025-09-20 19:00:00,2025-09-21 00:00:00,2025-10-21 19:00:00,2025-10-21 23:00:00,7,Machinery,477.5,DELIVERED
SHP-03404,CUST-1234,HKHKG,PKKAR,VSL-0067,2025-04-07 04:00:00,2025-04-20 04:00:00,2025-04-21 01:00:00,2025-04-24 04:00:00,2025-04-25 01:00:00,16,Machinery,1032.58,DELIVERED
SHP-03998,CUST-1008,HKHKG,SGSIN,VSL-0017,2025-03-05 19:00:00,2025-03-14 19:00:00,2025-03-14 18:00:00,2025-03-22 19:00:00,2025-03-23 02:00:00,33,Consumer Goods,1757.67,DELIVERED
SHP-00225,CUST-1052,USNYC,DEHAM,VSL-0061,2025-09-14 08:00:00,2025-09-18 08:00:00,2025-09-18 08:00:00,2025-10-10 08:00:00,2025-10-10 19:00:00,29,Food & Beverage,1915.1,DELIVERED
SHP-04470,CUST-1078,GBFXT,INMUN,VSL-0007,2025-02-02 04:00:00,2025-02-06 04:00:00,,2025-02-28 04:00:00,,13,Raw Materials,993.46,Complete
SHP-04104,CUST-1223,INNSA,SGSIN,VSL-0072,2024-06-09 12:00:00,2024-06-21 12:00:00,2024-06-22 01:00:00,2024-07-01 12:00:00,2024-07-04 18:00:00,7,Furniture,451.38,DELAYED
SHP-01734,CUST-1072,INMUN,GBFXT,VSL-0023,2025-08-12 02:00:00,2025-08-18 02:00:00,2025-08-18 12:00:00,2025-09-04 02:00:00,2025-09-07 11:00:00,3,Machinery,1547.04,DELAYED
SHP-00982,CUST-1014,MYPKG,BRSSZ,VSL-0062,2024-06-03 13:00:00,2024-06-15 13:00:00,2024-06-15 09:00:00,2024-07-05 13:00:00,2024-07-05 15:00:00,34,Chemicals,2788.45,DELIVERED
SHP-00227,CUST-1151,MYPKG,CNNGB,VSL-0067,2025-02-19 14:00:00,2025-02-25 14:00:00,2025-02-25 17:00:00,2025-03-01 14:00:00,2025-03-05 14:00:00,2,Pharmaceuticals,846.81,DELAYED
SHP-03234,CUST-1121,KRPUS,INNSA,VSL-0031,2024-08-24 16:00:00,2024-09-05 16:00:00,2024-09-05 17:00:00,2024-09-10 16:00:00,2024-09-10 19:00:00,39,Automotive Parts,1390.53,DELIVERED
SHP-02824,CUST-1186,AEDXB,JPYOK,VSL-0057,2025-04-03 15:00:00,2025-04-07 15:00:00,2025-04-09 23:00:00,2025-04-22 15:00:00,2025-04-28 04:00:00,6,Apparel,1820.34,DELAYED
SHP-00032,CUST-1047,DEHAM,USSAV,VSL-0056,2025-10-03 04:00:00,2025-10-16 04:00:00,2025-10-16 06:00:00,2025-11-10 04:00:00,2025-11-11 03:00:00,3,Raw Materials,1309.94,DELIVERED
SHP-02527,CUST-1218,BRSSZ,USLGB,VSL-0041,2024-09-24 08:00:00,2024-10-01 08:00:00,,2024-10-08 08:00:00,,40,Food & Beverage,2071.68,CANCELLED
SHP-01169,CUST-1217,MYPKG,EGPSD,VSL-0037,2025-01-03 11:00:00,2025-01-15 11:00:00,2025-01-15 17:00:00,2025-02-14 11:00:00,2025-02-14 20:00:00,35,Electronics,95.4,DELIVERED
SHP-02991,CUST-1212,CNSHA,CNSZX,VSL-0011,2024-06-20 16:00:00,2024-07-03 16:00:00,2024-07-03 20:00:00,2024-07-06 16:00:00,2024-07-06 20:00:00,29,Pharmaceuticals,2748.54,DELIVERED
SHP-01309,CUST-1163,THBKK,KRPUS,VSL-0072,2025-03-12 10:00:00,2025-03-17 10:00:00,2025-03-19 00:00:00,2025-03-23 10:00:00,2025-03-25 11:00:00,6,Chemicals,1325.01,DELAYED
SHP-00585,CUST-1240,THBKK,BEANR,VSL-0025,2025-09-07 01:00:00,2025-09-17 01:00:00,2025-09-16 23:00:00,2025-10-20 01:00:00,2025-10-19 19:00:00,37,Chemicals,886.58,DELIVERED
SHP-00535,CUST-1192,USSAV,HKHKG,VSL-0044,2025-08-27 19:00:00,2025-09-10 19:00:00,2025-09-11 00:00:00,2025-09-27 19:00:00,2025-09-27 12:00:00,26,Pharmaceuticals,1440.74,DELIVERED
SHP-00975,CUST-1012,CNSZX,NLRTM,VSL-0029,2024-11-27 05:00:00,2024-12-10 05:00:00,2024-12-12 22:00:00,2025-01-11 05:00:00,2025-01-15 20:00:00,9,Apparel,986.24,DELAYED
SHP-04299,CUST-1063,INNSA,MYPKG,VSL-0073,2025-07-30 15:00:00,2025-08-04 15:00:00,2025-08-04 11:00:00,2025-08-09 15:00:00,2025-08-09 12:00:00,26,Consumer Goods,2504.56,DELIVERED
SHP-00875,CUST-1042,AEDXB,INNSA,VSL-0043,2025-01-27 09:00:00,2025-02-08 09:00:00,2025-02-08 10:00:00,2025-03-14 09:00:00,2025-03-14 06:00:00,24,Electronics,1555.6,DELIVERED
SHP-03591,CUST-1145,THBKK,DEHAM,VSL-0064,2025-03-07 12:00:00,2025-03-11 12:00:00,2025-03-11 08:00:00,2025-04-06 12:00:00,2025-04-06 18:00:00,8,Apparel,1572.99,DELIVERED
SHP-03009,CUST-1159,INNSA,EGPSD,VSL-0023,2024-06-20 02:00:00,2024-06-24 02:00:00,2024-06-24 03:00:00,2024-07-17 02:00:00,2024-07-17 05:00:00,29,Pharmaceuticals,1606.82,DELIVERED
SHP-04152,CUST-1208,USSAV,PKKAR,VSL-0068,2024-12-12 09:00:00,2024-12-22 09:00:00,,2025-01-05 09:00:00,,23,Automotive Parts,2443.49,CANCELLED
SHP-00444,CUST-1176,JPYOK,AEDXB,VSL-0065,2024-12-11 03:00:00,2024-12-15 03:00:00,2024-12-17 23:00:00,2025-01-09 03:00:00,2025-01-12 21:00:00,32,Automotive Parts,1725.51,DELAYED
SHP-03001,CUST-1034,THBKK,BEANR,VSL-0072,2024-11-19 05:00:00,2024-11-26 05:00:00,2024-11-28 11:00:00,2024-12-23 05:00:00,2024-12-25 10:00:00,13,Furniture,2675.96,DELAYED
SHP-03136,CUST-1002,USLAX,CNSZX,VSL-0008,2024-09-28 15:00:00,2024-10-02 15:00:00,2024-10-04 18:00:00,2024-11-04 15:00:00,2024-11-08 00:00:00,10,Automotive Parts,2220.46,DELAYED
SHP-04401,CUST-1077,AEDXB,HKHKG,VSL-0005,2025-02-12 07:00:00,2025-02-20 07:00:00,2025-02-20 07:00:00,2025-03-09 07:00:00,2025-03-09 14:00:00,36,Machinery,426.11,DELIVERED
SHP-00992,CUST-1003,USLAX,ESVLC,VSL-0070,2025-06-04 11:00:00,2025-06-11 11:00:00,2025-06-12 12:00:00,2025-07-12 11:00:00,2025-07-17 05:00:00,27,Food & Beverage,2774.84,DELAYED
SHP-04256,CUST-1119,USLAX,GBFXT,VSL-0037,2024-08-31 22:00:00,2024-09-07 22:00:00,2024-09-08 02:00:00,2024-09-30 22:00:00,2024-09-30 15:00:00,35,Chemicals,363.71,DELIVERED
SHP-03612,CUST-1023,JPYOK,USLGB,VSL-0062,2024-06-18 22:00:00,2024-06-25 22:00:00,2024-06-25 23:00:00,2024-07-10 22:00:00,2024-07-10 19:00:00,12,Electronics,2482.7,DELIVERED
SHP-04895,CUST-1245,AEDXB,GBFXT,VSL-0076,2024-06-15 13:00:00,2024-06-28 13:00:00,2024-06-30 06:00:00,2024-07-17 13:00:00,2024-07-21 21:00:00,38,Pharmaceuticals,1229.77,DELAYED
SHP-00363,CUST-1181,NLRTM,PKKAR,VSL-0068,2025-02-17 14:00:00,2025-03-02 14:00:00,2025-03-02 12:00:00,2025-04-03 14:00:00,2025-04-03 07:00:00,4,Pharmaceuticals,1735.14,DELIVERED
SHP-03659,CUST-1239,USLGB,INNSA,VSL-0062,2025-04-05 06:00:00,2025-04-10 06:00:00,2025-04-12 12:00:00,2025-05-15 06:00:00,2025-05-21 03:00:00,26,Raw Materials,1766.29,DELAYED
SHP-02939,CUST-1110,BRSSZ,PKKAR,VSL-0016,2025-05-11 14:00:00,2025-05-17 14:00:00,2025-05-19 01:00:00,2025-06-16 14:00:00,2025-06-19 02:00:00,38,Machinery,1703.37,DELAYED
SHP-01770,CUST-1005,SGSIN,AEDXB,VSL-0004,2025-09-30 03:00:00,2025-10-09 03:00:00,2025-10-09 03:00:00,2025-11-12 03:00:00,2025-11-12 13:00:00,5,Pharmaceuticals,1271.01,DELIVERED
SHP-04200,CUST-1227,HKHKG,CNSZX,VSL-0065,2024-06-07 21:00:00,2024-06-14 21:00:00,,2024-06-18 21:00:00,,25,Raw Materials,2513.88,Complete
SHP-02374,CUST-1053,CNSHA,MYPKG,VSL-0004,2024-12-26 11:00:00,2025-01-06 11:00:00,2025-01-08 13:00:00,2025-01-11 11:00:00,2025-01-14 09:00:00,39,Raw Materials,2661.49,DELAYED
SHP-02828,CUST-1178,CNNGB,SGSIN,VSL-0026,2025-05-16 23:00:00,2025-05-19 23:00:00,,2025-05-26 23:00:00,,2,Food & Beverage,153.63,
SHP-02636,CUST-1170,XXTST,USLAX,VSL-0065,2025-03-11 21:00:00,2025-03-15 21:00:00,2025-03-17 08:00:00,2025-03-21 21:00:00,2025-03-27 08:00:00,11,Pharmaceuticals,1998.1,DELAYED
SHP-02926,CUST-1219,MYPKG,BEANR,VSL-0031,2025-03-06 03:00:00,2025-03-12 03:00:00,2025-03-12 02:00:00,2025-04-16 03:00:00,2025-04-15 22:00:00,40,Electronics,1160.7,DELIVERED
SHP-03408,CUST-1224,ESVLC,AEDXB,VSL-0043,2025-03-02 00:00:00,2025-03-08 00:00:00,,2025-04-01 00:00:00,,34,Apparel,1786.94,CANCELLED
SHP-03605,CUST-1026,SGSIN,BEANR,VSL-0064,2025-07-26 15:00:00,2025-08-05 15:00:00,2025-08-05 18:00:00,2025-08-31 15:00:00,2025-08-31 23:00:00,7,Raw Materials,613.18,DELIVERED
SHP-04754,CUST-1154,DEHAM,USSAV,VSL-0033,2025-02-05 00:00:00,2025-02-15 00:00:00,2025-02-15 16:00:00,2025-03-13 00:00:00,2025-03-14 02:00:00,37,Food & Beverage,1109.68,DELAYED
SHP-03967,CUST-1191,BRSSZ,USLAX,VSL-0018,2024-09-25 05:00:00,2024-10-08 05:00:00,2024-10-08 14:00:00,2024-10-18 05:00:00,2024-10-19 12:00:00,15,Consumer Goods,607.44,DELAYED
SHP-04272,CUST-1212,GBFXT,JPYOK,VSL-0055,2025-05-22 04:00:00,2025-05-27 04:00:00,2025-05-27 04:00:00,2025-06-15 04:00:00,2025-06-15 16:00:00,30,Raw Materials,1832.52,DELIVERED
SHP-03529,CUST-1208,ZADUR,MYPKG,VSL-0064,2025-06-24 22:00:00,2025-06-30 22:00:00,2025-07-01 12:00:00,2025-07-16 22:00:00,2025-07-17 10:00:00,14,Consumer Goods,2096.83,DELIVERED
SHP-03427,CUST-1206,KRPUS,GBFXT,VSL-0030,2025-10-03 19:00:00,2025-10-16 19:00:00,2025-10-16 20:00:00,2025-11-20 19:00:00,2025-11-21 07:00:00,30,Raw Materials,1319.91,DELIVERED
SHP-04379,CUST-1000,ESVLC,AEDXB,VSL-0029,2025-07-18 03:00:00,2025-08-01 03:00:00,2025-07-31 23:00:00,2025-08-21 03:00:00,2025-08-21 00:00:00,1,Automotive Parts,2024.75,DELIVERED
SHP-01601,CUST-1233,NLRTM,JPYOK,VSL-0078,2025-01-23 03:00:00,2025-02-03 03:00:00,2025-02-05 07:00:00,2025-02-26 03:00:00,2025-02-28 22:00:00,26,Food & Beverage,1107.27,DELAYED
SHP-01415,CUST-1036,USLAX,ZADUR,VSL-0068,2024-09-13 05:00:00,2024-09-27 05:00:00,2024-09-27 02:00:00,2024-10-30 05:00:00,2024-10-30 09:00:00,6,Pharmaceuticals,1964.01,DELIVERED
SHP-04439,CUST-1016,GBFXT,PKKAR,VSL-0060,2024-10-26 08:00:00,2024-10-30 08:00:00,2024-10-31 13:00:00,2024-11-27 08:00:00,2024-11-29 14:00:00,7,Machinery,2030.77,DELAYED
SHP-04941,CUST-1095,USLGB,AEDXB,VSL-0021,2024-11-03 22:00:00,2024-11-15 22:00:00,2024-11-16 00:00:00,2024-11-29 22:00:00,2024-11-29 16:00:00,40,Furniture,646.93,DELIVERED
SHP-04860,CUST-1209,USNYC,BEANR,VSL-0047,2024-10-05 03:00:00,2024-10-17 03:00:00,2024-10-17 07:00:00,2024-11-07 03:00:00,2024-11-07 03:00:00,24,Automotive parts,,DELIVERED
SHP-00956,CUST-1056,USLGB,CNSHA,VSL-0001,2025-07-19 02:00:00,2025-07-29 02:00:00,,2025-08-27 02:00:00,,14,Machinery,111.83,CANCELLED
SHP-02186,CUST-1141,USLGB,USNYC,VSL-0039,2025-04-22 12:00:00,2025-05-02 12:00:00,2025-05-04 11:00:00,2025-05-10 12:00:00,2025-05-14 01:00:00,3,food & beverage,2621.19,DELAYED
SHP-03672,CUST-1213,NLRTM,CNNGB,VSL-0079,2024-06-26 01:00:00,2024-07-10 01:00:00,2024-07-09 23:00:00,2024-08-08 01:00:00,2024-08-08 04:00:00,30,Chemicals,1879.67,DELIVERED
SHP-03763,CUST-1110,USLGB,NLRTM,VSL-0013,2025-10-10 17:00:00,2025-10-19 17:00:00,2025-10-19 19:00:00,2025-11-08 17:00:00,2025-11-10 04:00:00,6,Food & Beverage,916.13,DELAYED
SHP-04096,CUST-1184,JPYOK,AEDXB,VSL-0052,2025-02-11 19:00:00,2025-02-24 19:00:00,2025-02-24 20:00:00,2025-03-15 19:00:00,2025-03-16 06:00:00,30,Automotive Parts,2035.54,DELIVERED
SHP-01913,CUST-1055,USLGB,CNSZX,VSL-0072,2024-09-29 11:00:00,2024-10-13 11:00:00,2024-10-13 12:00:00,2024-10-27 11:00:00,2024-10-27 05:00:00,36,Machinery,652.75,DELIVERED
SHP-01300,CUST-1064,JPYOK,NLRTM,VSL-0053,2025-07-27 20:00:00,2025-07-31 20:00:00,2025-08-01 01:00:00,2025-08-28 20:00:00,2025-08-29 03:00:00,8,Machinery,2049.28,DELIVERED
SHP-02681,CUST-1246,USLAX,ZADUR,VSL-0049,2024-10-15 14:00:00,2024-10-21 14:00:00,2024-10-21 13:00:00,2024-11-05 14:00:00,2024-11-05 13:00:00,26,Pharmaceuticals,959.12,DELIVERED
SHP-04191,CUST-1224,NLRTM,BRSSZ,VSL-0048,2024-07-23 02:00:00,2024-07-31 02:00:00,2024-08-01 10:00:00,2024-08-18 02:00:00,2024-08-20 21:00:00,0,Consumer Goods,365.78,DELAYED
SHP-02565,CUST-1246,INMUN,USSAV,VSL-0074,2024-10-06 17:00:00,2024-10-12 17:00:00,2024-10-12 18:00:00,2024-10-30 17:00:00,2024-10-31 05:00:00,18,Electronics,1868.67,DELIVERED
SHP-01057,CUST-1001,CNNGB,CNSZX,VSL-0060,2024-06-12 06:00:00,2024-06-18 06:00:00,2024-06-18 09:00:00,2024-06-24 06:00:00,2024-06-24 12:00:00,22,Machinery,1233.41,DELIVERED
SHP-04668,CUST-1132,BEANR,CNNGB,VSL-0059,2025-01-21 12:00:00,2025-01-26 12:00:00,,2025-02-28 12:00:00,,37,Automotive Parts,1468.83,N/A
SHP-00199,CUST-1089,ZADUR,BEANR,VSL-0019,2024-08-18 22:00:00,2024-08-23 22:00:00,2024-08-25 21:00:00,2024-09-14 22:00:00,2024-09-19 03:00:00,15,Machinery,2509.18,DELAYED
SHP-00777,CUST-1192,USLAX,AEDXB,VSL-0034,2025-02-25 13:00:00,2025-03-05 13:00:00,2025-03-05 17:00:00,2025-04-06 13:00:00,2025-04-06 23:00:00,13,Electronics,2332.38,DELIVERED
SHP-04210,CUST-1235,JPYOK,UNKNW,VSL-0041,2025-02-20 13:00:00,2025-03-04 13:00:00,2025-03-04 12:00:00,2025-03-08 13:00:00,2025-03-08 19:00:00,37,Consumer Goods,1919.67,DELIVERED
SHP-00943,CUST-1042,GBFXT,SGSIN,VSL-0010,2025-02-21 11:00:00,2025-03-06 11:00:00,2025-03-06 15:00:00,2025-04-06 11:00:00,2025-04-06 13:00:00,5,Automotive Parts,948.65,DELIVERED
SHP-02113,CUST-1082,MYPKG,SGSIN,VSL-0069,2024-08-06 06:00:00,2024-08-17 06:00:00,2024-08-18 05:00:00,2024-08-27 06:00:00,2024-08-29 16:00:00,32,Pharmaceuticals,2124.61,DELAYED
SHP-00996,CUST-1048,SGSIN,CNSHA,VSL-0048,2024-12-01 22:00:00,2024-12-13 22:00:00,2024-12-13 20:00:00,2024-12-16 22:00:00,2024-12-16 16:00:00,17,Furniture,878.76,DELIVERED
SHP-02873,CUST-1149,MYPKG,THBKK,VSL-0073,2025-04-14 15:00:00,2025-04-20 15:00:00,2025-04-20 18:00:00,2025-04-30 15:00:00,2025-05-01 02:00:00,18,Raw Materials,,DELIVERED
SHP-03383,CUST-1210,MYPKG,DEHAM,VSL-0070,2025-01-09 20:00:00,2025-01-19 20:00:00,2025-01-19 21:00:00,2025-02-10 20:00:00,2025-02-10 18:00:00,19,Chemicals,1177.59,DELIVERED
SHP-04768,CUST-1154,INNSA,ESVLC,VSL-0036,2025-04-16 08:00:00,2025-04-28 08:00:00,2025-04-28 05:00:00,2025-05-20 08:00:00,2025-05-20 05:00:00,37,Furniture,188.08,DELIVERED
SHP-03454,CUST-1241,INMUN,INNSA,VSL-0006,2024-12-10 22:00:00,2024-12-22 22:00:00,2024-12-24 08:00:00,2025-01-01 22:00:00,2025-01-04 10:00:00,22,Apparel,2757.76,DELAYED
SHP-03270,CUST-1217,USLAX,GBFXT,VSL-0001,2025-07-24 13:00:00,2025-07-27 13:00:00,2025-07-29 09:00:00,2025-08-14 13:00:00,2025-08-18 06:00:00,29,Pharmaceuticals,2371.11,DELAYED
SHP-01598,CUST-1126,GBFXT,CNSHA,VSL-0055,2024-11-15 04:00:00,2024-11-20 04:00:00,2024-11-20 06:00:00,2024-12-08 04:00:00,2024-12-08 03:00:00,38,Machinery,738.72,DELIVERED
SHP-02205,CUST-1171,CNSZX,ESVLC,VSL-0020,2025-10-09 15:00:00,2025-10-13 15:00:00,2025-10-15 13:00:00,2025-11-01 15:00:00,2025-11-05 10:00:00,12,Pharmaceuticals,1206.38,DELAYED
SHP-00268,CUST-1101,JPYOK,KRPUS,VSL-0020,2025-01-08 11:00:00,2025-01-18 11:00:00,2025-01-18 12:00:00,2025-01-24 11:00:00,2025-01-24 21:00:00,8,Electronics,209.18,DELIVERED
SHP-04701,CUST-1064,PKKAR,BRSSZ,VSL-0043,2025-03-08 06:00:00,2025-03-18 06:00:00,2025-03-18 08:00:00,2025-04-22 06:00:00,2025-04-22 15:00:00,11,Consumer Goods,1421.54,DELIVERED
SHP-00178,CUST-1054,NLRTM,KRPUS,VSL-0005,2025-01-11 14:00:00,2025-01-18 14:00:00,2025-01-21 13:00:00,2025-02-11 14:00:00,2025-02-18 02:00:00,20,Raw Materials,797.9,DELAYED
SHP-00909,CUST-1201,HKHKG,JPYOK,VSL-0080,2025-09-07 11:00:00,2025-09-15 11:00:00,2025-09-17 03:00:00,2025-09-18 11:00:00,2025-09-20 06:00:00,23,Furniture,1080.55,DELAYED
SHP-04804,CUST-1132,THBKK,USLGB,VSL-0080,2025-02-16 05:00:00,2025-02-28 05:00:00,2025-03-02 11:00:00,2025-03-26 05:00:00,2025-03-31 04:00:00,8,Food & Beverage,556.2,DELAYED
SHP-00616,CUST-1220,CNSHA,JPYOK,VSL-0028,2025-09-28 02:00:00,2025-10-11 02:00:00,2025-10-10 22:00:00,2025-10-19 02:00:00,2025-10-18 21:00:00,30,Raw Materials,2514.73,DELIVERED
SHP-02380,CUST-1101,DEHAM,KRPUS,VSL-0027,2025-09-11 17:00:00,2025-09-18 17:00:00,2025-09-18 14:00:00,2025-10-11 17:00:00,2025-10-11 09:00:00,39,Automotive Parts,998.65,DELIVERED
SHP-01363,CUST-1022,KRPUS,ESVLC,VSL-0038,2025-05-15 01:00:00,2025-05-26 01:00:00,,2025-06-09 01:00:00,,7,Pharmaceuticals,1651.25,CANCELLED
SHP-01671,CUST-1014,USLAX,INMUN,VSL-0046,2025-07-30 06:00:00,2025-08-10 06:00:00,2025-08-12 20:00:00,2025-09-10 06:00:00,2025-09-15 05:00:00,34,Automotive Parts,1586.64,DELAYED
SHP-03202,CUST-1247,JPYOK,AEDXB,VSL-0024,2024-06-10 18:00:00,2024-06-22 18:00:00,2024-06-24 21:00:00,2024-07-07 18:00:00,2024-07-11 02:00:00,33,Pharmaceuticals,615.39,DELAYED
SHP-03144,CUST-1044,BRSSZ,NLRTM,VSL-0077,2025-05-01 22:00:00,2025-05-06 22:00:00,2025-05-07 02:00:00,2025-05-28 22:00:00,2025-05-29 09:00:00,30,Raw Materials,198.6,DELIVERED
SHP-02058,CUST-1043,NLRTM,JPYOK,VSL-0058,2024-09-02 15:00:00,2024-09-10 15:00:00,2024-09-13 01:00:00,2024-10-14 15:00:00,2024-10-20 16:00:00,27,Food & Beverage,960.5,DELAYED
SHP-01819,CUST-1192,BEANR,EGPSD,VSL-0066,2025-04-17 13:00:00,2025-04-28 13:00:00,2025-04-28 13:00:00,2025-05-30 13:00:00,2025-05-30 19:00:00,5,Apparel,462.09,DELIVERED
SHP-04447,CUST-1221,CNSHA,EGPSD,VSL-0005,2024-11-16 04:00:00,2024-11-21 04:00:00,2024-11-21 10:00:00,2024-12-13 04:00:00,2024-12-13 01:00:00,7,Automotive Parts,2487.05,DELIVERED
SHP-04437,CUST-1049,NLRTM,AEDXB,VSL-0048,2024-06-26 14:00:00,2024-07-01 14:00:00,2024-07-01 19:00:00,2024-07-31 14:00:00,2024-07-31 15:00:00,39,Furniture,1664.14,DELIVERED
SHP-01788,CUST-1051,MYPKG,INNSA,VSL-0032,2025-03-08 18:00:00,2025-03-11 18:00:00,2025-03-11 17:00:00,2025-03-21 18:00:00,2025-03-22 00:00:00,9,Raw Materials,2338.85,DELIVERED
SHP-00537,CUST-1165,KRPUS,SGSIN,VSL-0057,2024-10-17 14:00:00,2024-10-31 14:00:00,2024-10-31 14:00:00,2024-11-10 14:00:00,2024-11-10 11:00:00,24,Pharmaceuticals,116.76,DELIVERED
SHP-00356,CUST-1003,INMUN,GBFXT,VSL-0016,2025-03-25 08:00:00,2025-04-04 08:00:00,2025-04-05 06:00:00,2025-04-24 08:00:00,2025-04-26 08:00:00,11,Raw Materials,164.89,DELAYED
SHP-03577,CUST-1080,CNNGB,ESVLC,VSL-0057,2024-10-24 22:00:00,2024-11-01 22:00:00,2024-11-01 21:00:00,2024-12-03 22:00:00,2024-12-03 16:00:00,1,Chemicals,943.01,DELIVERED
SHP-04950,CUST-1017,CNSZX,PKKAR,VSL-0031,2025-07-08 17:00:00,2025-07-18 17:00:00,2025-07-20 02:00:00,2025-07-27 17:00:00,2025-08-01 02:00:00,7,Machinery,2594.58,DELAYED
SHP-01878,CUST-1155,INMUN,HKHKG,VSL-0017,2025-06-04 07:00:00,2025-06-10 07:00:00,2025-06-10 11:00:00,2025-06-15 07:00:00,2025-06-15 15:00:00,3,Consumer Goods,1193.64,DELIVERED
SHP-03790,CUST-1018,USNYC,CNNGB,VSL-0011,2025-08-11 09:00:00,2025-08-19 09:00:00,2025-08-19 06:00:00,2025-09-23 09:00:00,2025-09-23 09:00:00,21,Raw Materials,1990.95,DELIVERED
SHP-04511,CUST-1033,INNSA,CNNGB,VSL-0035,2025-09-08 11:00:00,2025-09-20 11:00:00,2025-09-21 19:00:00,2025-09-24 11:00:00,2025-09-25 13:00:00,19,Furniture,916.95,DELAYED
SHP-04109,CUST-1126,KRPUS,JPYOK,VSL-0072,2024-07-14 16:00:00,2024-07-20 16:00:00,2024-07-20 12:00:00,2024-07-30 16:00:00,2024-07-30 08:00:00,30,Machinery,1027.15,DELIVERED
SHP-01357,CUST-1046,THBKK,CNSZX,VSL-0049,2024-06-08 06:00:00,2024-06-20 06:00:00,2024-06-20 05:00:00,2024-06-29 06:00:00,2024-06-28 23:00:00,23,electronics,1542.01,DELIVERED
SHP-03909,CUST-1168,PKKAR,CNNGB,VSL-0029,2024-09-08 02:00:00,2024-09-14 02:00:00,2024-09-16 03:00:00,2024-09-17 02:00:00,2024-09-20 01:00:00,32,Machinery,2277.64,DELAYED
SHP-02853,CUST-1032,INNSA,MYPKG,VSL-0066,2025-04-22 11:00:00,2025-04-27 11:00:00,2025-04-29 19:00:00,2025-05-06 11:00:00,2025-05-10 18:00:00,38,Apparel,1177.51,DELAYED
SHP-01327,CUST-1190,USSAV,JPYOK,VSL-0053,2025-10-09 11:00:00,2025-10-18 11:00:00,2025-10-18 08:00:00,2025-11-19 11:00:00,2025-11-19 19:00:00,10,Electronics,1108.46,DELIVERED
SHP-01808,CUST-1155,SGSIN,CNNGB,VSL-0016,2025-04-07 14:00:00,2025-04-16 14:00:00,2025-04-16 12:00:00,2025-04-21 14:00:00,2025-04-21 11:00:00,24,Machinery,2359.78,DELIVERED
SHP-01568,CUST-1084,INNSA,AEDXB,VSL-0017,2025-01-23 14:00:00,2025-02-01 14:00:00,2025-02-02 03:00:00,2025-02-27 14:00:00,2025-02-28 23:00:00,12,Automotive Parts,572.91,DELAYED
SHP-01739,CUST-1151,AEDXB,USSAV,VSL-0072,2025-01-13 06:00:00,2025-01-16 06:00:00,,2025-02-13 06:00:00,,38,Raw Materials,1405.09,CANCELLED
SHP-01590,CUST-1136,CNSHA,ESVLC,VSL-0075,2024-10-21 15:00:00,2024-10-25 15:00:00,2024-10-25 21:00:00,2024-11-24 15:00:00,2024-11-25 02:00:00,25,Raw Materials,1070.72,DELIVERED
SHP-02152,CUST-1170,INMUN,INNSA,VSL-0060,2024-08-12 03:00:00,2024-08-18 03:00:00,2024-08-19 13:00:00,2024-08-24 03:00:00,2024-08-28 17:00:00,28,Chemicals,2220.54,DELAYED
SHP-04563,CUST-1030,DEHAM,USLAX,VSL-0025,2025-06-17 02:00:00,2025-06-21 02:00:00,2025-06-20 22:00:00,2025-07-06 02:00:00,2025-07-06 08:00:00,28,Apparel,930.52,DELIVERED
SHP-02371,CUST-1196,CNNGB,USLAX,VSL-0015,2024-10-12 10:00:00,2024-10-26 10:00:00,2024-10-26 06:00:00,2024-11-21 10:00:00,2024-11-21 13:00:00,23,Automotive Parts,2534.08,DELIVERED
SHP-01818,CUST-1236,BEANR,ZADUR,VSL-0008,2025-02-15 11:00:00,2025-03-01 11:00:00,2025-03-01 08:00:00,2025-03-28 11:00:00,2025-03-28 23:00:00,17,Automotive Parts,770.73,DELIVERED
SHP-01198,CUST-1028,USLAX,BEANR,VSL-0044,2024-08-30 21:00:00,2024-09-12 21:00:00,2024-09-13 08:00:00,2024-10-16 21:00:00,2024-10-18 02:00:00,19,Raw Materials,1854.75,DELAYED
SHP-03347,CUST-1142,USLGB,BEANR,VSL-0012,2025-10-13 13:00:00,2025-10-27 13:00:00,2025-10-27 09:00:00,2025-11-10 13:00:00,2025-11-10 06:00:00,37,Electronics,1759.4,DELIVERED
SHP-02262,CUST-1051,SGSIN,JPYOK,VSL-0044,2025-10-11 03:00:00,2025-10-14 03:00:00,2025-10-14 07:00:00,2025-10-20 03:00:00,2025-10-20 06:00:00,16,APPAREL,1760.46,DELIVERED
SHP-00983,CUST-1249,USLGB,ZADUR,VSL-0006,2024-07-29 14:00:00,2024-08-10 14:00:00,2024-08-10 14:00:00,2024-08-26 14:00:00,2024-08-26 16:00:00,19,Electronics,999.82,DELIVERED
SHP-04562,CUST-1175,BEANR,SGSIN,VSL-0022,2025-01-02 14:00:00,2025-01-06 14:00:00,2025-01-06 14:00:00,2025-02-08 14:00:00,2025-02-08 15:00:00,25,Furniture,2045.05,DELIVERED
SHP-00748,CUST-1234,INNSA,BRSSZ,VSL-0035,2025-07-13 18:00:00,2025-07-22 18:00:00,2025-07-22 21:00:00,2025-08-22 18:00:00,2025-08-22 14:00:00,36,Consumer Goods,1919.47,DELIVERED
SHP-01125,CUST-1249,BRSSZ,USNYC,VSL-0017,2025-08-16 09:00:00,2025-08-20 09:00:00,2025-08-20 05:00:00,2025-08-29 09:00:00,2025-08-29 11:00:00,2,Pharmaceuticals,122.2,DELIVERED
SHP-01501,CUST-1010,USNYC,INMUN,VSL-0038,2024-11-12 00:00:00,2024-11-24 00:00:00,,2024-12-28 00:00:00,,40,Apparel,1083.95,COMPLETED
SHP-00147,CUST-1102,GBFXT,EGPSD,VSL-0070,2024-12-04 21:00:00,2024-12-18 21:00:00,2024-12-21 20:00:00,2025-01-12 21:00:00,2025-01-18 14:00:00,6,Raw Materials,2415.47,DELAYED
SHP-01804,CUST-1148,AEDXB,CNSZX,VSL-0035,2025-05-17 22:00:00,2025-05-28 22:00:00,2025-05-31 16:00:00,2025-06-13 22:00:00,2025-06-16 12:00:00,10,Consumer Goods,1962.25,DELAYED
SHP-04021,CUST-1186,CNNGB,USLAX,VSL-0042,2024-12-09 20:00:00,2024-12-18 20:00:00,2024-12-18 18:00:00,2025-01-02 20:00:00,2025-01-02 23:00:00,34,Food & Beverage,361.2,DELIVERED
SHP-03835,CUST-1173,INMUN,DEHAM,VSL-0031,2025-10-03 09:00:00,2025-10-17 09:00:00,2025-10-17 14:00:00,2025-11-18 09:00:00,2025-11-18 12:00:00,2,Raw Materials,433.38,DELIVERED
SHP-01147,CUST-1120,USLAX,USLGB,VSL-0061,2025-04-08 01:00:00,2025-04-19 01:00:00,2025-04-19 23:00:00,2025-04-24 01:00:00,2025-04-27 23:00:00,14,Pharmaceuticals,694.43,DELAYED
SHP-02963,CUST-1141,INNSA,HKHKG,VSL-0067,2025-04-10 23:00:00,2025-04-13 23:00:00,2025-04-16 10:00:00,2025-04-19 23:00:00,2025-04-24 18:00:00,29,machinery ,1263.62,DELAYED
SHP-02801,CUST-1145,USNYC,CNNGB,VSL-0011,2024-07-13 06:00:00,2024-07-26 06:00:00,2024-07-26 12:00:00,2024-08-09 06:00:00,2024-08-09 01:00:00,33,Raw Materials,2518.1,DELIVERED
SHP-03638,CUST-1180,ESVLC,USLGB,VSL-0027,2024-06-05 20:00:00,2024-06-17 20:00:00,2024-06-17 23:00:00,2024-07-05 20:00:00,2024-07-05 13:00:00,39,Apparel,528.61,DELIVERED
SHP-04710,CUST-1006,USLAX,NLRTM,VSL-0024,2024-07-07 14:00:00,2024-07-17 14:00:00,2024-07-18 17:00:00,2024-08-15 14:00:00,2024-08-19 20:00:00,30,Pharmaceuticals,922.63,DELAYED
SHP-01851,CUST-1043,AEDXB,JPYOK,VSL-0053,2025-03-29 12:00:00,2025-04-06 12:00:00,2025-04-06 14:00:00,2025-04-20 12:00:00,2025-04-20 23:00:00,33,Pharmaceuticals,2743.64,DELIVERED
SHP-02946,CUST-1052,HKHKG,INMUN,VSL-0051,2024-09-14 11:00:00,2024-09-17 11:00:00,2024-09-19 06:00:00,2024-09-21 11:00:00,2024-09-26 16:00:00,13,Raw Materials,1652.95,DELAYED
SHP-00801,CUST-1223,USSAV,THBKK,VSL-0003,2024-07-16 10:00:00,2024-07-26 10:00:00,2024-07-27 06:00:00,2024-08-12 10:00:00,2024-08-13 11:00:00,36,Raw Materials,406.19,DELAYED
SHP-04335,CUST-1025,USLAX,JPYOK,VSL-0032,2024-07-09 16:00:00,2024-07-22 16:00:00,2024-07-22 17:00:00,2024-08-07 16:00:00,2024-08-08 04:00:00,19,Food & Beverage,502.73,DELIVERED
SHP-01869,CUST-1012,CNSZX,DEHAM,VSL-0017,2025-07-24 08:00:00,2025-07-28 08:00:00,2025-07-29 02:00:00,2025-08-16 08:00:00,2025-08-19 04:00:00,39,Automotive Parts,1749.95,DELAYED
SHP-02140,CUST-1085,PKKAR,DEHAM,VSL-0057,2025-05-08 17:00:00,2025-05-17 17:00:00,2025-05-17 13:00:00,2025-06-18 17:00:00,2025-06-18 20:00:00,23,Electronics,1080.36,DELIVERED
SHP-03228,CUST-1107,GBFXT,CNNGB,VSL-0011,2024-12-20 09:00:00,2024-12-26 09:00:00,2024-12-27 06:00:00,2025-01-25 09:00:00,2025-01-29 13:00:00,13,Consumer Goods,2658.09,DELAYED
SHP-02883,CUST-1193,USNYC,GBFXT,VSL-0045,2024-08-26 02:00:00,2024-09-02 02:00:00,2024-09-02 06:00:00,2024-09-18 02:00:00,2024-09-18 06:00:00,14,Furniture,2344.35,DELIVERED
SHP-01203,CUST-1103,USSAV,USLAX,VSL-0017,2024-06-12 21:00:00,2024-06-23 21:00:00,,2024-06-28 21:00:00,,27,Machinery,1501.92,CANCELLED
SHP-04277,CUST-1035,ZADUR,KRPUS,VSL-0036,2025-07-15 21:00:00,2025-07-22 21:00:00,,2025-08-14 21:00:00,,38,Apparel,730.03,COMPLETED
SHP-03197,CUST-1003,BRSSZ,THBKK,VSL-0039,2025-09-29 04:00:00,2025-10-05 04:00:00,2025-10-06 20:00:00,2025-10-30 04:00:00,2025-11-01 21:00:00,5,Pharmaceuticals,1549.59,DELAYED
SHP-03074,CUST-1208,AEDXB,EGPSD,VSL-0059,2025-03-02 06:00:00,2025-03-08 06:00:00,2025-03-08 10:00:00,2025-03-18 06:00:00,2025-03-18 01:00:00,2,Automotive Parts,311.14,DELIVERED
SHP-02239,CUST-1042,AEDXB,INMUN,VSL-0030,2025-07-07 10:00:00,2025-07-11 10:00:00,2025-07-13 15:00:00,2025-08-02 10:00:00,2025-08-04 22:00:00,22,Chemicals,386.63,DELAYED
SHP-00022,CUST-1236,PKKAR,INMUN,VSL-0076,2024-07-10 12:00:00,2024-07-14 12:00:00,2024-07-14 15:00:00,2024-07-17 12:00:00,2024-07-17 17:00:00,19,Pharmaceuticals,1520.11,DELIVERED
SHP-00960,CUST-1120,DEHAM,USLGB,VSL-0074,2024-07-05 12:00:00,2024-07-13 12:00:00,2024-07-13 18:00:00,2024-07-30 12:00:00,2024-07-30 09:00:00,20,Automotive Parts,467.1,DELIVERED
SHP-04392,CUST-1065,ESVLC,USSAV,VSL-0047,2025-02-09 23:00:00,2025-02-20 23:00:00,2025-02-21 01:00:00,2025-03-22 23:00:00,2025-03-22 22:00:00,16,Machinery,1117.86,DELIVERED
SHP-02253,CUST-1137,USLGB,EGPSD,VSL-0002,2024-11-09 16:00:00,2024-11-21 16:00:00,2024-11-23 23:00:00,2024-12-19 16:00:00,2024-12-23 08:00:00,3,Apparel,1010.23,DELAYED
SHP-04884,CUST-1241,XXTST,THBKK,VSL-0062,2025-07-15 04:00:00,2025-07-19 04:00:00,2025-07-20 01:00:00,2025-08-15 04:00:00,2025-08-19 06:00:00,32,Furniture,301.74,DELAYED
SHP-03539,CUST-1068,USLAX,EGPSD,VSL-0037,2025-10-10 18:00:00,2025-10-21 18:00:00,2025-10-23 04:00:00,2025-11-21 18:00:00,2025-11-25 15:00:00,8,Pharmaceuticals,1085.76,DELAYED
SHP-00039,CUST-1240,NLRTM,CNSHA,VSL-0029,2025-06-09 06:00:00,2025-06-14 06:00:00,2025-06-14 02:00:00,2025-07-01 06:00:00,2025-07-01 01:00:00,3,Machinery,748.07,DELIVERED
SHP-02977,CUST-1041,HKHKG,DEHAM,VSL-0007,2025-01-17 09:00:00,2025-01-23 09:00:00,2025-01-23 14:00:00,2025-02-20 09:00:00,2025-02-20 01:00:00,28,Electronics,124.31,DELIVERED
SHP-04922,CUST-1128,INNSA,MYPKG,VSL-0056,2024-06-02 17:00:00,2024-06-14 17:00:00,2024-06-14 18:00:00,2024-06-21 17:00:00,2024-06-24 18:00:00,9,Machinery,631.79,DELAYED
SHP-04148,CUST-1117,USSAV,PKKAR,VSL-0003,2024-10-11 19:00:00,2024-10-21 19:00:00,2024-10-24 16:00:00,2024-11-23 19:00:00,2024-11-27 22:00:00,17,Electronics,223.09,DELAYED
SHP-00665,CUST-1202,MYPKG,BEANR,VSL-0072,2025-08-28 10:00:00,2025-09-06 10:00:00,2025-09-06 14:00:00,2025-09-23 10:00:00,2025-09-23 10:00:00,18,Electronics,332.84,DELIVERED
SHP-04115,CUST-1019,JPYOK,BEANR,VSL-0077,2025-10-10 04:00:00,2025-10-16 04:00:00,2025-10-18 02:00:00,2025-11-01 04:00:00,2025-11-06 22:00:00,19,Consumer Goods,171.55,DELAYED
SHP-02699,CUST-1058,USNYC,CNNGB,VSL-0008,2024-12-22 08:00:00,2025-01-03 08:00:00,2025-01-05 00:00:00,2025-01-31 08:00:00,2025-02-05 09:00:00,39,Chemicals,264.25,DELAYED
SHP-02052,CUST-1208,CNNGB,MYPKG,VSL-0037,2025-09-26 00:00:00,2025-10-01 00:00:00,2025-10-01 02:00:00,2025-10-08 00:00:00,2025-10-08 00:00:00,39,Furniture,442.29,DELIVERED
SHP-02622,CUST-1061,PKKAR,CNSZX,VSL-0066,2025-08-29 15:00:00,2025-09-04 15:00:00,2025-09-04 15:00:00,2025-09-08 15:00:00,2025-09-08 15:00:00,3,Furniture,2167.51,DELIVERED
SHP-01515,CUST-1147,PKKAR,INNSA,VSL-0025,2024-12-13 00:00:00,2024-12-16 00:00:00,2024-12-16 06:00:00,2024-12-23 00:00:00,2024-12-23 10:00:00,6,Food & Beverage,2282.53,DELIVERED
SHP-01588,CUST-1109,THBKK,HKHKG,VSL-0054,2025-05-02 13:00:00,2025-05-16 13:00:00,2025-05-16 19:00:00,2025-05-20 13:00:00,2025-05-20 22:00:00,33,,2307.24,DELIVERED
SHP-03338,CUST-1083,USSAV,CNSHA,VSL-0061,2025-06-23 03:00:00,2025-07-06 03:00:00,2025-07-08 03:00:00,2025-07-25 03:00:00,2025-07-28 00:00:00,3,electronics,1628.45,DELAYED
SHP-01080,CUST-1089,JPYOK,USLGB,VSL-0030,2024-12-18 11:00:00,2024-12-28 11:00:00,2024-12-28 16:00:00,2025-01-11 11:00:00,2025-01-11 21:00:00,23,Pharmaceuticals,-62.78,DELIVERED
SHP-01765,CUST-1126,EGPSD,USLAX,VSL-0009,2025-03-30 01:00:00,2025-04-10 01:00:00,2025-04-11 09:00:00,2025-05-03 01:00:00,2025-05-08 02:00:00,34,Food & Beverage,1437.03,DELAYED
SHP-01208,CUST-1082,DEHAM,GBFXT,VSL-0043,2025-04-22 12:00:00,2025-04-28 12:00:00,,2025-05-08 12:00:00,,21,Apparel,1262.96,CANCELLED
SHP-03785,CUST-1193,DEHAM,USLGB,VSL-0001,2024-10-24 12:00:00,2024-11-05 12:00:00,,2024-11-27 12:00:00,,35,Consumer Goods,2765.68,CANCELLED
SHP-04577,CUST-1176,MYPKG,USSAV,VSL-0017,2025-08-22 03:00:00,2025-08-30 03:00:00,2025-09-01 21:00:00,2025-09-20 03:00:00,2025-09-26 05:00:00,9,Machinery,328.68,DELAYED
SHP-00879,CUST-1049,KRPUS,CNSHA,VSL-0068,2025-04-27 23:00:00,2025-05-03 23:00:00,2025-05-04 05:00:00,2025-05-13 23:00:00,2025-05-14 09:00:00,19,Food & Beverage,1525.35,DELIVERED
SHP-03896,CUST-1124,BRSSZ,AEDXB,VSL-0051,2024-08-24 21:00:00,2024-09-01 21:00:00,2024-09-01 20:00:00,2024-10-06 21:00:00,2024-10-06 23:00:00,17, Chemicals,1423.47,DELIVERED
SHP-02249,CUST-1185,INMUN,DEHAM,VSL-0013,2025-05-11 05:00:00,2025-05-22 05:00:00,2025-05-22 11:00:00,2025-06-18 05:00:00,2025-06-18 10:00:00,29,Raw Materials,,DELIVERED
SHP-02632,CUST-1030,USNYC,CNSZX,VSL-0024,2025-04-26 22:00:00,2025-05-09 22:00:00,2025-05-09 19:00:00,2025-05-31 22:00:00,2025-05-31 14:00:00,37,Electronics,2408.19,DELIVERED
SHP-00367,CUST-1195,ZADUR,BEANR,VSL-0032,2024-11-06 00:00:00,2024-11-17 00:00:00,2024-11-17 05:00:00,2024-12-09 00:00:00,2024-12-08 20:00:00,18,Automotive Parts,1326.89,DELIVERED
SHP-03021,CUST-1035,USSAV,CNSZX,VSL-0045,2025-03-27 08:00:00,2025-04-02 08:00:00,2025-04-02 07:00:00,2025-05-07 08:00:00,2025-05-07 20:00:00,22,Food & Beverage,1650.37,DELIVERED
SHP-03191,CUST-1000,GBFXT,BEANR,VSL-0013,2025-08-29 07:00:00,2025-09-04 07:00:00,2025-09-04 11:00:00,2025-09-10 07:00:00,2025-09-10 07:00:00,7,Automotive Parts,2430.58,DELIVERED
SHP-00953,CUST-1152,HKHKG,THBKK,VSL-0067,2025-06-23 08:00:00,2025-07-01 08:00:00,2025-07-01 07:00:00,2025-07-07 08:00:00,2025-07-07 18:00:00,31,Furniture,2677.93,DELIVERED
SHP-03493,CUST-1222,JPYOK,HKHKG,VSL-0051,2024-10-17 19:00:00,2024-10-22 19:00:00,2024-10-24 03:00:00,2024-10-26 19:00:00,2024-10-31 03:00:00,32,Automotive Parts,528.9,DELAYED
SHP-02230,CUST-1111,KRPUS,PKKAR,VSL-0025,2025-04-13 19:00:00,2025-04-24 19:00:00,2025-04-26 21:00:00,2025-04-30 19:00:00,2025-05-05 22:00:00,9,Machinery,679.25,DELAYED
SHP-00390,CUST-1169,EGPSD,KRPUS,VSL-0036,2025-01-23 04:00:00,2025-01-31 04:00:00,2025-01-31 00:00:00,2025-03-05 04:00:00,2025-03-05 04:00:00,12,Chemicals,2162.63,DELIVERED
SHP-02467,CUST-1063,CNNGB,AEDXB,VSL-0079,2024-10-16 07:00:00,2024-10-21 07:00:00,,2024-11-18 07:00:00,,18,Electronics,1309.13,CANCELLED
SHP-01438,CUST-1052,ZADUR,GBFXT,VSL-0067,2025-01-09 00:00:00,2025-01-15 00:00:00,2025-01-15 02:00:00,2025-02-04 00:00:00,2025-02-04 06:00:00,21,Automotive Parts,1140.29,DELIVERED
SHP-04038,CUST-1030,USLGB,INMUN,VSL-0074,2024-09-30 05:00:00,2024-10-10 05:00:00,,2024-10-25 05:00:00,,0,Apparel,640.37,CANCELLED
SHP-00973,CUST-1147,EGPSD,ESVLC,VSL-0045,2025-08-29 23:00:00,2025-09-08 23:00:00,2025-09-11 09:00:00,2025-09-24 23:00:00,2025-09-28 00:00:00,32,Raw Materials,1501.3,DELAYED
SHP-03864,CUST-1036,INNSA,CNNGB,VSL-0025,2025-05-27 18:00:00,2025-05-31 18:00:00,2025-06-03 17:00:00,2025-06-03 18:00:00,2025-06-08 00:00:00,25,Apparel,2369.32,DELAYED
SHP-02034,CUST-1070,CNSHA,ESVLC,VSL-0038,2025-01-17 07:00:00,2025-01-24 07:00:00,2025-01-24 11:00:00,2025-02-28 07:00:00,2025-02-28 15:00:00,33,Chemicals,1395.49,DELIVERED
SHP-04130,CUST-1013,USLAX,CNNGB,VSL-0022,2025-06-29 17:00:00,2025-07-11 17:00:00,2025-07-11 14:00:00,2025-08-05 17:00:00,2025-08-06 05:00:00,9,APPAREL,569.79,DELIVERED
SHP-04935,CUST-1152,AEDXB,CNSZX,VSL-0009,2025-09-02 20:00:00,2025-09-16 20:00:00,2025-09-16 22:00:00,2025-10-16 20:00:00,2025-10-17 11:00:00,27,Machinery,2114.27,DELIVERED
SHP-02180,CUST-1244,CNSHA,USNYC,VSL-0031,2024-12-30 12:00:00,2025-01-03 12:00:00,2025-01-03 09:00:00,2025-01-25 12:00:00,2025-01-25 23:00:00,38,electronics,2458.47,DELIVERED
SHP-04857,CUST-1204,DEHAM,BRSSZ,VSL-0040,2024-11-09 02:00:00,2024-11-17 02:00:00,2024-11-17 03:00:00,2024-12-17 02:00:00,2024-12-19 21:00:00,34,Raw Materials,,DELAYED
SHP-00267,CUST-1026,THBKK,CNSZX,VSL-0054,2025-07-06 14:00:00,2025-07-09 14:00:00,2025-07-11 11:00:00,2025-07-15 14:00:00,2025-07-17 18:00:00,36,Pharmaceuticals,2197.68,DELAYED
SHP-01714,CUST-1219,AEDXB,PKKAR,VSL-0063,2025-07-19 08:00:00,2025-07-23 08:00:00,2025-07-23 12:00:00,2025-08-13 08:00:00,2025-08-13 17:00:00,12,Automotive parts,2007.67,DELIVERED
SHP-00328,CUST-1198,USLAX,HKHKG,VSL-0070,2025-09-04 04:00:00,2025-09-13 04:00:00,2025-09-14 15:00:00,2025-10-16 04:00:00,2025-10-20 06:00:00,16,Electronics,880.42,DELAYED
SHP-02957,CUST-1064,PKKAR,BRSSZ,VSL-0033,2024-06-27 19:00:00,2024-07-05 19:00:00,2024-07-08 16:00:00,2024-08-06 19:00:00,2024-08-13 15:00:00,12,Consumer Goods,2588.28,DELAYED
SHP-03586,CUST-1097,CNNGB,GBFXT,VSL-0021,2024-06-04 17:00:00,2024-06-13 17:00:00,,2024-07-02 17:00:00,,37,Furniture,840.1,CANCELLED
SHP-01593,CUST-1017,JPYOK,KRPUS,VSL-0006,2025-08-19 08:00:00,2025-08-26 08:00:00,2025-08-26 11:00:00,2025-08-31 08:00:00,2025-08-31 06:00:00,17,Consumer Goods,1068.02,DELIVERED
SHP-02304,CUST-1160,SGSIN,KRPUS,VSL-0078,2024-12-21 12:00:00,2025-01-02 12:00:00,2025-01-02 18:00:00,2025-01-07 12:00:00,2025-01-07 23:00:00,14,Machinery,2251.52,DELIVERED
SHP-00944,CUST-1082,JPYOK,AEDXB,VSL-0032,2024-10-12 13:00:00,2024-10-20 13:00:00,2024-10-21 00:00:00,2024-11-23 13:00:00,2024-11-24 19:00:00,8,Furniture,2033.88,DELAYED
SHP-02256,CUST-1103,JPYOK,CNSHA,VSL-0036,2025-07-19 09:00:00,2025-07-27 09:00:00,2025-07-27 14:00:00,2025-08-06 09:00:00,2025-08-06 14:00:00,36,Automotive Parts,2407.75,DELIVERED
SHP-02833,CUST-1008,INNSA,THBKK,VSL-0048,2024-06-06 18:00:00,2024-06-18 18:00:00,2024-06-18 21:00:00,2024-06-26 18:00:00,2024-06-27 03:00:00,12,Pharmaceuticals,750.52,DELIVERED
SHP-00567,CUST-1037,EGPSD,ZADUR,VSL-0007,2025-08-03 07:00:00,2025-08-07 07:00:00,2025-08-07 03:00:00,2025-08-13 07:00:00,2025-08-13 12:00:00,12,Electronics,756.41,DELIVERED
SHP-03155,CUST-1092,CNSHA,BRSSZ,VSL-0039,2024-11-08 12:00:00,2024-11-15 12:00:00,2024-11-15 14:00:00,2024-12-16 12:00:00,2024-12-16 21:00:00,25,Apparel,1024.46,DELIVERED
SHP-02574,CUST-1040,INMUN,CNSHA,VSL-0052,2024-06-14 15:00:00,2024-06-26 15:00:00,2024-06-26 16:00:00,2024-06-30 15:00:00,2024-06-30 22:00:00,10,electronics,104.18,DELIVERED
SHP-03986,CUST-1100,USLGB,GBFXT,VSL-0075,2024-08-18 07:00:00,2024-08-29 07:00:00,2024-08-29 15:00:00,2024-09-23 07:00:00,2024-09-24 13:00:00,21,Furniture,157.95,DELAYED
SHP-03642,CUST-1002,USSAV,HKHKG,VSL-0031,2025-08-08 08:00:00,2025-08-11 08:00:00,2025-08-12 09:00:00,2025-09-02 08:00:00,2025-09-04 03:00:00,14,Apparel,901.12,DELAYED
SHP-00569,CUST-1024,MYPKG,CNSHA,VSL-0016,2024-09-23 11:00:00,2024-09-29 11:00:00,2024-09-29 13:00:00,2024-10-07 11:00:00,2024-10-07 08:00:00,29,Chemicals,2715.64,DELIVERED
SHP-03878,CUST-1150,BEANR,DEHAM,VSL-0080,2024-07-31 23:00:00,2024-08-04 23:00:00,2024-08-06 00:00:00,2024-08-09 23:00:00,2024-08-12 04:00:00,20,Consumer Goods,2148.86,DELAYED
SHP-01693,CUST-1165,CNSZX,SGSIN,VSL-0017,2025-03-02 06:00:00,2025-03-06 06:00:00,2025-03-06 08:00:00,2025-03-09 06:00:00,2025-03-11 02:00:00,6,Automotive Parts,2560.34,DELAYED
SHP-03109,CUST-1085,INNSA,CNNGB,VSL-0052,2024-09-22 01:00:00,2024-10-02 01:00:00,2024-10-02 01:00:00,2024-10-10 01:00:00,2024-10-10 05:00:00,32,Automotive Parts,446.55,DELIVERED
SHP-00307,CUST-1034,NLRTM,HKHKG,VSL-0038,2025-03-12 13:00:00,2025-03-22 13:00:00,2025-03-12 05:00:00,2025-04-05 13:00:00,2025-04-05 11:00:00,5,Raw Materials,2450.38,DELIVERED
SHP-02507,CUST-1224,USNYC,SGSIN,VSL-0055,2024-12-01 13:00:00,2024-12-05 13:00:00,2024-12-07 05:00:00,2024-12-29 13:00:00,2025-01-02 18:00:00,32,Pharmaceuticals,1303.21,DELAYED
SHP-04268,CUST-1011,CNSZX,ESVLC,VSL-0043,2024-12-15 08:00:00,2024-12-20 08:00:00,,2025-01-23 08:00:00,,28,Consumer Goods,249.44,CANCELLED
SHP-00030,CUST-1140,CNNGB,INNSA,VSL-0004,2025-07-04 11:00:00,2025-07-09 11:00:00,2025-07-11 13:00:00,2025-07-13 11:00:00,2025-07-16 23:00:00,9,Consumer Goods,2616.41,DELAYED
SHP-03685,CUST-1230,CNSHA,USSAV,VSL-0002,2024-09-16 16:00:00,2024-09-24 16:00:00,2024-09-26 02:00:00,2024-10-29 16:00:00,2024-11-02 20:00:00,23,Automotive Parts,2295.41,DELAYED
SHP-03792,CUST-1049,USSAV,MYPKG,VSL-0063,2024-08-26 17:00:00,2024-08-31 17:00:00,,2024-10-04 17:00:00,,40,Machinery,1641.97,CANCELLED
SHP-02596,CUST-1027,USLAX,BRSSZ,VSL-0009,2024-07-26 03:00:00,2024-08-01 03:00:00,2024-08-01 23:00:00,2024-08-10 03:00:00,2024-08-12 23:00:00,34,Chemicals,2429.41,DELAYED
SHP-01726,CUST-1236,CNSHA,ESVLC,VSL-0022,2024-06-05 21:00:00,2024-06-17 21:00:00,2024-06-20 20:00:00,2024-07-03 21:00:00,2024-07-09 21:00:00,5,electronics,420.71,DELAYED
SHP-00986,CUST-1111,HKHKG,AEDXB,VSL-0040,2025-03-29 13:00:00,2025-04-09 13:00:00,2025-04-09 17:00:00,2025-05-06 13:00:00,2025-05-06 14:00:00,34,Raw Materials,402.38,DELIVERED
SHP-02612,CUST-1072,USSAV,BRSSZ,VSL-0037,2025-05-02 23:00:00,2025-05-15 23:00:00,2025-05-16 05:00:00,2025-05-22 23:00:00,2025-05-22 20:00:00,22,Machinery,1062.07,DELIVERED
SHP-02469,CUST-1123,AEDXB,USSAV,VSL-0033,2025-05-27 05:00:00,2025-06-07 05:00:00,2025-06-07 02:00:00,2025-06-23 05:00:00,2025-06-23 15:00:00,15,Automotive Parts,2491.56,DELIVERED
SHP-02032,CUST-1026,EGPSD,USLAX,VSL-0028,2024-07-20 12:00:00,2024-07-29 12:00:00,2024-07-29 22:00:00,2024-08-20 12:00:00,2024-08-23 03:00:00,31,Electronics,564.03,DELAYED
SHP-01555,CUST-1024,JPYOK,BRSSZ,VSL-0063,2025-03-19 09:00:00,2025-03-26 09:00:00,2025-03-26 09:00:00,2025-04-28 09:00:00,2025-04-28 21:00:00,31,Pharmaceuticals,939.33,DELIVERED
SHP-04231,CUST-1157,CNSHA,EGPSD,VSL-0071,2025-04-26 12:00:00,2025-05-07 12:00:00,,2025-05-24 12:00:00,,30,Apparel,546.21,N/A
SHP-02539,CUST-1209,THBKK,BRSSZ,VSL-0047,2025-09-05 07:00:00,2025-09-12 07:00:00,2025-09-12 05:00:00,2025-10-08 07:00:00,2025-10-08 06:00:00,32,Raw Materials,981.16,DELIVERED
SHP-02776,CUST-1141,INNSA,CNNGB,VSL-0011,2025-08-27 20:00:00,2025-09-07 20:00:00,2025-09-07 23:00:00,2025-09-11 20:00:00,2025-09-11 17:00:00,1,Machinery,516.13,DELIVERED
SHP-00657,CUST-1019,PKKAR,GBFXT,VSL-0021,2024-10-14 12:00:00,2024-10-18 12:00:00,2024-10-18 09:00:00,2024-11-13 12:00:00,2024-11-13 17:00:00,21,Apparel,269.98,DELIVERED
SHP-01566,CUST-1117,CNSHA,NLRTM,VSL-0036,2025-08-24 19:00:00,2025-08-29 19:00:00,2025-08-29 19:00:00,2025-09-15 19:00:00,2025-09-15 15:00:00,37,Machinery,2448.38,DELIVERED
SHP-04953,CUST-1195,AEDXB,KRPUS,VSL-0064,2024-11-06 19:00:00,2024-11-09 19:00:00,2024-11-09 22:00:00,2024-12-11 19:00:00,2024-12-11 18:00:00,10,Chemicals,1350.29,DELIVERED
SHP-04055,CUST-1021,ESVLC,JPYOK,VSL-0035,2025-03-06 11:00:00,2025-03-14 11:00:00,2025-03-14 14:00:00,2025-04-11 11:00:00,2025-04-11 04:00:00,14,Electronics,1106.5,DELIVERED
SHP-01355,CUST-1149,KRPUS,MYPKG,VSL-0030,2024-11-23 13:00:00,2024-12-03 13:00:00,2024-12-03 09:00:00,2024-12-09 13:00:00,2024-12-09 16:00:00,37,Automotive Parts,2182.99,DELIVERED
SHP-00732,CUST-1097,AEDXB,HKHKG,VSL-0043,2024-07-21 05:00:00,2024-07-24 05:00:00,2024-07-26 10:00:00,2024-08-12 05:00:00,2024-08-14 09:00:00,11,Raw Materials,1015.99,DELAYED
SHP-03534,CUST-1173,JPYOK,USLAX,VSL-0023,2025-05-13 12:00:00,2025-05-16 12:00:00,2025-05-16 14:00:00,2025-06-14 12:00:00,2025-06-14 13:00:00,1,Pharmaceuticals,2758.38,DELIVERED
SHP-01952,CUST-1193,CNNGB,GBFXT,VSL-0049,2024-11-19 13:00:00,2024-11-30 13:00:00,2024-11-30 09:00:00,2024-12-15 13:00:00,2024-12-15 17:00:00,2,Machinery,1038.9,DELIVERED
SHP-03799,CUST-1193,KRPUS,CNSZX,VSL-0002,2024-12-18 03:00:00,2024-12-27 03:00:00,2024-12-27 02:00:00,2024-12-31 03:00:00,2024-12-31 12:00:00,13,Consumer Goods,1126.9,DELIVERED
SHP-03566,CUST-1016,HKHKG,GBFXT,VSL-0059,2024-12-26 11:00:00,2025-01-06 11:00:00,2025-01-06 16:00:00,2025-02-01 11:00:00,2025-02-01 15:00:00,15,Machinery,2145.9,DELIVERED
SHP-03855,CUST-1141,USSAV,JPYOK,VSL-0013,2025-05-10 02:00:00,2025-05-22 02:00:00,2025-05-22 03:00:00,2025-06-08 02:00:00,2025-06-08 04:00:00,2,Food & Beverage,431.02,DELIVERED
SHP-00974,CUST-1112,NLRTM,THBKK,VSL-0046,2025-01-16 01:00:00,2025-01-21 01:00:00,2025-01-23 20:00:00,2025-02-08 01:00:00,2025-02-13 05:00:00,2,Machinery,1754.37,DELAYED
SHP-02093,CUST-1058,ZADUR,DEHAM,VSL-0073,2025-09-01 14:00:00,2025-09-09 14:00:00,2025-09-09 17:00:00,2025-10-08 14:00:00,2025-10-08 16:00:00,21,Chemicals,1102.65,DELIVERED
SHP-01218,CUST-1093,INNSA,BEANR,VSL-0064,2025-06-06 16:00:00,2025-06-16 16:00:00,2025-06-16 14:00:00,2025-07-05 16:00:00,2025-07-05 21:00:00,39,Raw Materials,423.76,DELIVERED
SHP-00464,CUST-1062,ZADUR,KRPUS,VSL-0001,2025-08-03 00:00:00,2025-08-06 00:00:00,2025-08-07 16:00:00,2025-08-22 00:00:00,2025-08-24 16:00:00,37,Machinery,321.98,DELAYED
SHP-01768,CUST-1208,INMUN,CNNGB,VSL-0016,2025-02-10 00:00:00,2025-02-22 00:00:00,,2025-02-25 00:00:00,,2,Food & Beverage,1430.65,CANCELLED
SHP-03519,CUST-1233,HKHKG,CNSZX,VSL-0059,2025-09-04 09:00:00,2025-09-16 09:00:00,2025-09-16 15:00:00,2025-09-24 09:00:00,2025-09-24 13:00:00,9,Furniture,1138.97,DELIVERED
SHP-00693,CUST-1045,PKKAR,BEANR,VSL-0075,2025-07-24 04:00:00,2025-07-31 04:00:00,2025-07-31 18:00:00,2025-08-20 04:00:00,2025-08-24 10:00:00,38,Furniture,1361.53,DELAYED
SHP-02499,CUST-1250,INMUN,KRPUS,VSL-0079,2025-06-24 03:00:00,2025-06-27 03:00:00,2025-06-27 05:00:00,2025-07-01 03:00:00,2025-06-30 21:00:00,7,Raw Materials,2711.34,DELIVERED
SHP-03406,CUST-1139,NLRTM,MYPKG,VSL-0077,2025-07-04 09:00:00,2025-07-08 09:00:00,2025-07-08 08:00:00,2025-08-12 09:00:00,2025-08-12 09:00:00,25,Apparel,225.91,DELIVERED
SHP-01899,CUST-1108,MYPKG,ZADUR,VSL-0046,2024-07-31 15:00:00,2024-08-05 15:00:00,2024-08-05 19:00:00,2024-08-25 15:00:00,2024-08-25 20:00:00,10,Chemicals,561.28,DELIVERED
SHP-02875,CUST-1119,USLAX,CNSZX,VSL-0066,2024-08-28 11:00:00,2024-09-06 11:00:00,2024-09-08 23:00:00,2024-09-22 11:00:00,2024-09-24 20:00:00,27,Furniture,617.37,DELAYED
SHP-01806,CUST-1184,INMUN,INNSA,VSL-0045,2025-02-01 20:00:00,2025-02-05 20:00:00,2025-02-05 21:00:00,2025-02-08 20:00:00,2025-02-08 19:00:00,35,Raw Materials,1881.07,DELIVERED
SHP-02729,CUST-1113,USLAX,GBFXT,VSL-0001,2024-10-18 21:00:00,2024-10-28 21:00:00,2024-10-29 07:00:00,2024-12-01 21:00:00,2024-12-05 12:00:00,33,Pharmaceuticals,516.06,DELAYED
SHP-00890,CUST-1087,CNSHA,USNYC,VSL-0001,2024-12-14 11:00:00,2024-12-25 11:00:00,2024-12-26 05:00:00,2025-01-25 11:00:00,2025-01-27 17:00:00,33,Consumer Goods,2304.75,DELAYED
SHP-04720,CUST-1115,AEDXB,KRPUS,VSL-0041,2025-05-18 20:00:00,2025-05-31 20:00:00,,2025-06-28 20:00:00,,5,Pharmaceuticals,165.17,CANCELLED
SHP-03401,CUST-1071,PKKAR,USLGB,VSL-0019,2024-09-02 13:00:00,2024-09-13 13:00:00,2024-09-13 10:00:00,2024-10-13 13:00:00,2024-10-13 10:00:00,14,APPAREL,2020.78,DELIVERED
SHP-03795,CUST-1093,KRPUS,INNSA,VSL-0024,2024-07-26 22:00:00,2024-07-31 22:00:00,2024-08-02 07:00:00,2024-08-06 22:00:00,2024-08-09 06:00:00,38,Apparel,1585.25,DELAYED
SHP-01707,CUST-1238,BEANR,USLAX,VSL-0047,2025-08-28 05:00:00,2025-09-02 05:00:00,2025-09-02 10:00:00,2025-10-02 05:00:00,2025-10-02 16:00:00,27,Apparel,1067.88,DELIVERED
SHP-02835,CUST-1165,GBFXT,USNYC,VSL-0073,2024-08-16 12:00:00,2024-08-29 12:00:00,2024-08-29 09:00:00,2024-09-24 12:00:00,2024-09-24 16:00:00,6,Electronics,2779.26,DELIVERED
SHP-02819,CUST-1138,INMUN,HKHKG,VSL-0031,2024-07-17 16:00:00,2024-07-22 16:00:00,2024-07-22 13:00:00,2024-07-28 16:00:00,2024-07-29 00:00:00,18,Pharmaceuticals,2312.47,DELIVERED
SHP-00037,CUST-1123,CNSZX,JPYOK,VSL-0019,2024-07-01 23:00:00,2024-07-04 23:00:00,2024-07-04 23:00:00,2024-07-08 23:00:00,2024-07-09 05:00:00,18,Automotive Parts,1228.81,DELIVERED
SHP-01774,CUST-1071,PKKAR,INNSA,VSL-0002,2024-12-08 13:00:00,2024-12-19 13:00:00,2024-12-21 12:00:00,2024-12-24 13:00:00,2024-12-28 00:00:00,1,Automotive Parts,426.36,DELAYED
SHP-00100,CUST-1232,DEHAM,BEANR,VSL-0006,2025-01-30 03:00:00,2025-02-12 03:00:00,2025-02-14 02:00:00,2025-02-17 03:00:00,2025-02-19 05:00:00,39,Automotive Parts,2411.66,DELAYED
SHP-04601,CUST-1178,AEDXB,GBFXT,VSL-0022,2024-08-11 14:00:00,2024-08-21 14:00:00,2024-08-24 05:00:00,2024-09-06 14:00:00,2024-09-09 02:00:00,29,Apparel,454.83,DELAYED
SHP-02751,CUST-1168,HKHKG,UNKNW,VSL-0054,2024-08-09 22:00:00,2024-08-13 22:00:00,2024-08-16 18:00:00,2024-09-17 22:00:00,2024-09-21 12:00:00,21,Furniture,1822.85,DELAYED
SHP-00433,CUST-1181,HKHKG,JPYOK,VSL-0017,2025-03-22 17:00:00,2025-03-29 17:00:00,2025-03-30 04:00:00,2025-04-05 17:00:00,2025-04-09 16:00:00,18,Pharmaceuticals,1373.95,DELAYED
SHP-01055,CUST-1060,THBKK,ZADUR,VSL-0039,2024-12-09 23:00:00,2024-12-19 23:00:00,2024-12-20 05:00:00,2025-01-05 23:00:00,2025-01-06 11:00:00,17,Pharmaceuticals,2042.64,DELIVERED
SHP-02284,CUST-1009,HKHKG,ZADUR,VSL-0008,2025-08-21 14:00:00,2025-08-30 14:00:00,2025-08-31 15:00:00,2025-09-13 14:00:00,2025-09-16 09:00:00,28,Furniture,1713.89,DELAYED
SHP-03434,CUST-1090,ESVLC,DEHAM,VSL-0065,2025-04-29 14:00:00,2025-05-03 14:00:00,2025-05-04 09:00:00,2025-05-13 14:00:00,2025-05-14 09:00:00,25,Furniture,2425.33,DELIVERED
SHP-00655,CUST-1204,EGPSD,PKKAR,VSL-0041,2024-07-19 21:00:00,2024-08-02 21:00:00,2024-08-02 21:00:00,2024-08-31 21:00:00,2024-08-31 15:00:00,2,Automotive Parts,553.5,DELIVERED
SHP-02567,CUST-1117,AEDXB,USNYC,VSL-0018,2025-09-05 04:00:00,2025-09-19 04:00:00,2025-09-21 23:00:00,2025-10-06 04:00:00,2025-10-09 19:00:00,27,Pharmaceuticals,293.89,DELAYED
SHP-01179,CUST-1128,INMUN,ZADUR,VSL-0039,2024-09-14 22:00:00,2024-09-23 22:00:00,2024-09-24 04:00:00,2024-10-12 22:00:00,2024-10-12 14:00:00,1, Chemicals,1292.87,DELIVERED
SHP-00102,CUST-1224,DEHAM,JPYOK,VSL-0027,2024-11-29 06:00:00,2024-12-03 06:00:00,2024-12-03 06:00:00,2025-01-02 06:00:00,2025-01-02 03:00:00,4,Consumer Goods,1247.03,DELIVERED
SHP-04123,CUST-1006,AEDXB,MYPKG,VSL-0043,2025-05-16 15:00:00,2025-05-27 15:00:00,2025-05-30 05:00:00,2025-06-13 15:00:00,2025-06-19 22:00:00,13,Pharmaceuticals,1837.3,DELAYED
SHP-01328,CUST-1138,CNSHA,THBKK,VSL-0078,2024-06-02 23:00:00,2024-06-16 23:00:00,2024-06-16 20:00:00,2024-06-25 23:00:00,2024-06-25 21:00:00,3,Apparel,1813.09,DELIVERED
SHP-04144,CUST-1051,DEHAM,EGPSD,VSL-0063,2024-12-16 00:00:00,2024-12-27 00:00:00,,2025-01-22 00:00:00,,10,Pharmaceuticals,2235.41,COMPLETED
SHP-00187,CUST-1113,ZZZZZ,GBFXT,VSL-0013,2024-08-24 08:00:00,2024-08-28 08:00:00,2024-08-31 04:00:00,2024-09-18 08:00:00,2024-09-21 22:00:00,26,Automotive Parts,2332.98,DELAYED
SHP-02649,CUST-1145,KRPUS,AEDXB,VSL-0071,2025-09-06 01:00:00,2025-09-20 01:00:00,2025-09-20 04:00:00,2025-10-05 01:00:00,2025-10-05 08:00:00,32,Consumer Goods,1395.24,DELIVERED
SHP-03749,CUST-1076,KRPUS,DEHAM,VSL-0070,2024-11-22 06:00:00,2024-12-02 06:00:00,2024-12-02 08:00:00,2024-12-26 06:00:00,2024-12-26 10:00:00,2,Consumer Goods,1822.62,DELIVERED
SHP-02691,CUST-1183,KRPUS,GBFXT,VSL-0025,2025-01-15 05:00:00,2025-01-25 05:00:00,2025-01-25 07:00:00,2025-02-22 05:00:00,2025-02-26 06:00:00,11,Consumer Goods,2286.8,DELAYED
SHP-03220,CUST-1189,CNSHA,ESVLC,VSL-0072,2025-07-22 19:00:00,2025-07-26 19:00:00,2025-07-29 04:00:00,2025-08-25 19:00:00,2025-09-01 00:00:00,13,Furniture,2249.03,DELAYED
SHP-00576,CUST-1062,THBKK,UNKNW,VSL-0028,2024-08-14 09:00:00,2024-08-20 09:00:00,2024-08-20 05:00:00,2024-09-11 09:00:00,2024-09-11 08:00:00,35,Automotive Parts,2446.82,DELIVERED
SHP-00470,CUST-1090,THBKK,CNSHA,VSL-0080,2025-08-04 04:00:00,2025-08-15 04:00:00,,2025-08-19 04:00:00,,23,Machinery,649.08,CANCELLED
SHP-01216,CUST-1236,INNSA,DEHAM,VSL-0067,2025-06-29 19:00:00,2025-07-10 19:00:00,2025-07-10 16:00:00,2025-07-30 19:00:00,2025-07-31 00:00:00,1,Chemicals,241.52,DELIVERED
SHP-04896,CUST-1187,USSAV,MYPKG,VSL-0008,2025-03-02 06:00:00,2025-03-07 06:00:00,2025-03-07 07:00:00,2025-04-10 06:00:00,2025-04-10 04:00:00,28,Consumer Goods,2767.99,DELIVERED
SHP-02310,CUST-1054,PKKAR,BEANR,VSL-0022,2025-04-10 03:00:00,2025-04-21 03:00:00,2025-04-20 23:00:00,2025-05-23 03:00:00,2025-05-22 22:00:00,3,Raw Materials,2012.55,DELIVERED
SHP-01102,CUST-1239,USSAV,THBKK,VSL-0012,2024-08-22 13:00:00,2024-08-25 13:00:00,2024-08-28 13:00:00,2024-09-11 13:00:00,2024-09-17 23:00:00,7,Electronics,2320.49,DELAYED
SHP-00002,CUST-1033,ESVLC,THBKK,VSL-0046,2024-08-31 18:00:00,2024-09-08 18:00:00,2024-09-08 21:00:00,2024-09-24 18:00:00,2024-09-24 20:00:00,13,Electronics,2616.12,DELIVERED
SHP-01729,CUST-1153,BEANR,ZADUR,VSL-0035,2025-08-04 08:00:00,2025-08-07 08:00:00,2025-08-07 13:00:00,2025-08-31 08:00:00,2025-08-31 10:00:00,8,Apparel,812.1,DELIVERED
SHP-02489,CUST-1044,AEDXB,CNSHA,VSL-0007,2025-06-14 16:00:00,2025-06-20 16:00:00,2025-06-20 12:00:00,2025-07-18 16:00:00,2025-07-18 20:00:00,25,Chemicals,2491.49,DELIVERED
SHP-01613,CUST-1133,USLAX,PKKAR,VSL-0010,2025-07-10 13:00:00,2025-07-21 13:00:00,2025-07-21 10:00:00,2025-08-19 13:00:00,2025-08-19 09:00:00,4,Food & Beverage,535.05,DELIVERED
SHP-02014,CUST-1134,MYPKG,JPYOK,VSL-0034,2025-07-31 20:00:00,2025-08-10 20:00:00,2025-08-10 21:00:00,2025-08-16 20:00:00,2025-08-16 18:00:00,35,Electronics,2522.67,DELIVERED
SHP-00005,CUST-1058,INNSA,AEDXB,VSL-0057,2024-07-31 11:00:00,2024-08-05 11:00:00,2024-08-05 07:00:00,2024-09-09 11:00:00,2024-09-09 13:00:00,24,Furniture,1519.51,DELIVERED
SHP-00447,CUST-1224,HKHKG,MYPKG,VSL-0022,2025-09-28 03:00:00,2025-10-02 03:00:00,2025-10-02 22:00:00,2025-10-11 03:00:00,2025-10-13 00:00:00,24,Food & Beverage,,DELAYED
SHP-01094,CUST-1165,AEDXB,BEANR,VSL-0021,2024-12-06 01:00:00,2024-12-14 01:00:00,2024-12-14 07:00:00,2025-01-12 01:00:00,2025-01-11 23:00:00,14,Automotive Parts,,DELIVERED
SHP-04457,CUST-1233,MYPKG,INMUN,VSL-0037,2025-06-22 18:00:00,2025-06-30 18:00:00,2025-07-01 21:00:00,2025-07-05 18:00:00,2025-07-08 23:00:00,12,Chemicals,594.99,DELAYED
SHP-00076,CUST-1102,SGSIN,KRPUS,VSL-0045,2025-03-14 04:00:00,2025-03-23 04:00:00,,2025-03-30 04:00:00,,34,Pharmaceuticals,365.53,CANCELLED
SHP-01264,CUST-1175,ZADUR,HKHKG,VSL-0080,2025-06-03 21:00:00,2025-06-12 21:00:00,2025-06-13 00:00:00,2025-07-12 21:00:00,2025-07-12 14:00:00,39,Electronics,969.25,DELIVERED
SHP-03601,CUST-1164,THBKK,ESVLC,VSL-0017,2024-07-15 10:00:00,2024-07-23 10:00:00,2024-07-23 15:00:00,2024-08-16 10:00:00,2024-08-16 15:00:00,3,Machinery,1320.54,DELIVERED
SHP-03221,CUST-1017,MYPKG,SGSIN,VSL-0057,2025-03-03 14:00:00,2025-03-13 14:00:00,2025-03-13 10:00:00,2025-03-19 14:00:00,2025-03-20 00:00:00,20,Electronics,1159.22,DELIVERED
SHP-04340,CUST-1018,EGPSD,THBKK,VSL-0069,2025-07-07 10:00:00,2025-07-10 10:00:00,2025-07-10 14:00:00,2025-07-28 10:00:00,2025-07-28 11:00:00,16,Chemicals,1027.63,DELIVERED
SHP-01824,CUST-1197,CNNGB,USNYC,VSL-0036,2025-09-25 11:00:00,2025-10-08 11:00:00,2025-10-08 17:00:00,2025-10-23 11:00:00,2025-10-27 07:00:00,1,Food & Beverage,1949.66,DELAYED
SHP-04414,CUST-1035,KRPUS,AEDXB,VSL-0010,2024-09-30 04:00:00,2024-10-13 04:00:00,2024-10-13 03:00:00,2024-11-15 04:00:00,2024-11-15 07:00:00,34,Furniture,,DELIVERED
SHP-00675,CUST-1098,USLGB,ESVLC,VSL-0072,2025-09-20 06:00:00,2025-09-25 06:00:00,2025-09-25 10:00:00,2025-10-24 06:00:00,2025-10-24 08:00:00,20,Raw Materials,2082.18,DELIVERED
SHP-00680,CUST-1232,ZADUR,USLGB,VSL-0004,2024-11-17 14:00:00,2024-11-23 14:00:00,2024-11-23 18:00:00,2024-12-28 14:00:00,2024-12-28 17:00:00,32,Apparel,450.14,DELIVERED
SHP-03430,CUST-1221,ESVLC,KRPUS,VSL-0009,2025-03-20 18:00:00,2025-03-27 18:00:00,,2025-04-21 18:00:00,,9,Machinery,1895.59,CANCELLED
SHP-01404,CUST-1055,ZADUR,JPYOK,VSL-0011,2024-11-29 06:00:00,2024-12-06 06:00:00,2024-12-06 03:00:00,2024-12-21 06:00:00,2024-12-21 15:00:00,25,Consumer Goods,398.99,DELIVERED
SHP-03294,CUST-1135,THBKK,ZADUR,VSL-0050,2024-09-14 07:00:00,2024-09-19 07:00:00,2024-09-22 04:00:00,2024-10-20 07:00:00,2024-10-25 12:00:00,24,Machinery,1616.91,DELAYED
SHP-04940,CUST-1053,NLRTM,BEANR,VSL-0048,2025-09-07 03:00:00,2025-09-15 03:00:00,2025-09-15 05:00:00,2025-09-21 03:00:00,2025-09-21 10:00:00,6,Electronics,1110.53,DELIVERED
SHP-04627,CUST-1209,USLAX,GBFXT,VSL-0020,2024-11-09 22:00:00,2024-11-20 22:00:00,2024-11-21 00:00:00,2024-12-07 22:00:00,2024-12-08 04:00:00,13,Automotive Parts,2452.64,DELIVERED
SHP-02969,CUST-1235,NLRTM,CNNGB,VSL-0003,2025-08-24 14:00:00,2025-08-27 14:00:00,2025-08-27 11:00:00,2025-09-25 14:00:00,2025-09-25 21:00:00,33,Apparel,1135.7,DELIVERED
SHP-02429,CUST-1178,CNSZX,PKKAR,VSL-0079,2025-08-02 11:00:00,2025-08-08 11:00:00,2025-08-08 15:00:00,2025-08-16 11:00:00,2025-08-16 17:00:00,19,Food & Beverage,2099.89,DELIVERED
SHP-00468,CUST-1117,THBKK,INMUN,VSL-0049,2025-02-10 19:00:00,2025-02-21 19:00:00,2025-02-21 21:00:00,2025-03-01 19:00:00,2025-03-02 01:00:00,19,Automotive Parts,2127.75,DELIVERED
SHP-03830,CUST-1047,USLAX,USSAV,VSL-0059,2024-11-20 19:00:00,2024-11-28 19:00:00,2024-11-28 22:00:00,2024-12-04 19:00:00,2024-12-04 22:00:00,39,Electronics,2773.21,DELIVERED
SHP-03176,CUST-1205,DEHAM,AEDXB,VSL-0080,2025-07-22 22:00:00,2025-08-05 22:00:00,2025-08-05 23:00:00,2025-08-29 22:00:00,2025-08-30 01:00:00,23,Automotive Parts,834.0,DELIVERED
SHP-00874,CUST-1134,PKKAR,BEANR,VSL-0036,2025-09-05 03:00:00,2025-09-11 03:00:00,2025-09-11 09:00:00,2025-10-12 03:00:00,2025-10-12 06:00:00,15,Electronics,2311.5,DELIVERED
SHP-02443,CUST-1205,GBFXT,INNSA,VSL-0045,2025-06-23 00:00:00,2025-06-28 00:00:00,2025-06-28 02:00:00,2025-07-15 00:00:00,2025-07-15 05:00:00,1,Consumer Goods,990.41,DELIVERED
SHP-04924,CUST-1200,HKHKG,MYPKG,VSL-0039,2024-08-02 12:00:00,2024-08-06 12:00:00,,2024-08-16 12:00:00,,9,Food & Beverage,2402.27,Complete
SHP-00790,CUST-1054,EGPSD,CNSHA,VSL-0067,2024-06-25 19:00:00,2024-07-06 19:00:00,2024-07-09 11:00:00,2024-07-25 19:00:00,2024-07-31 19:00:00,25,Furniture,372.64,DELAYED
SHP-01605,CUST-1232,DEHAM,SGSIN,VSL-0074,2024-06-13 09:00:00,2024-06-21 09:00:00,2024-06-23 04:00:00,2024-07-20 09:00:00,2024-07-24 03:00:00,11,Automotive Parts,2678.12,DELAYED
SHP-03442,CUST-1121,USLGB,GBFXT,VSL-0028,2024-11-21 14:00:00,2024-12-02 14:00:00,2024-12-02 17:00:00,2024-12-20 14:00:00,2024-12-20 22:00:00,36,Electronics,2165.59,DELIVERED
SHP-02117,CUST-1008,USLAX,DEHAM,VSL-0056,2025-05-01 09:00:00,2025-05-09 09:00:00,2025-05-09 20:00:00,2025-05-31 09:00:00,2025-06-04 01:00:00,19,Raw Materials,530.41,DELAYED
SHP-02433,CUST-1007,USNYC,ESVLC,VSL-0054,2024-08-22 03:00:00,2024-08-26 03:00:00,2024-08-26 18:00:00,2024-09-21 03:00:00,2024-09-22 22:00:00,12,Raw Materials,1228.91,DELAYED
SHP-03233,CUST-1205,USSAV,DEHAM,VSL-0069,2025-08-18 21:00:00,2025-08-28 21:00:00,2025-08-28 21:00:00,2025-09-14 21:00:00,2025-09-14 16:00:00,15,Food & Beverage,2180.32,DELIVERED
SHP-02611,CUST-1180,AEDXB,HKHKG,VSL-0019,2025-08-05 05:00:00,2025-08-09 05:00:00,2025-08-12 03:00:00,2025-09-13 05:00:00,2025-09-17 12:00:00,26,Chemicals,1286.22,DELAYED
SHP-01278,CUST-1131,MYPKG,BRSSZ,VSL-0045,2024-08-18 16:00:00,2024-08-31 16:00:00,2024-08-31 12:00:00,2024-10-05 16:00:00,2024-10-05 14:00:00,33,Electronics,,DELIVERED
SHP-01791,CUST-1225,PKKAR,NLRTM,VSL-0023,2025-05-17 00:00:00,2025-05-22 00:00:00,2025-05-24 18:00:00,2025-06-19 00:00:00,2025-06-25 04:00:00,20,Automotive Parts,425.37,DELAYED
SHP-00606,CUST-1216,ESVLC,USLAX,VSL-0049,2025-03-24 12:00:00,2025-04-03 12:00:00,,2025-04-25 12:00:00,,18,Food & Beverage,639.54,
SHP-03681,CUST-1094,PKKAR,CNNGB,VSL-0021,2025-04-03 14:00:00,2025-04-17 14:00:00,2025-04-18 09:00:00,2025-04-21 14:00:00,2025-04-22 07:00:00,40,Electronics,1792.82,DELIVERED
SHP-01046,CUST-1144,USLGB,EGPSD,VSL-0042,2025-01-28 20:00:00,2025-02-02 20:00:00,2025-02-02 16:00:00,2025-03-04 20:00:00,2025-03-04 16:00:00,3,Automotive Parts,1286.92,DELIVERED
SHP-03314,CUST-1143,EGPSD,INMUN,VSL-0070,2024-11-26 22:00:00,2024-12-08 22:00:00,2024-12-08 23:00:00,2025-01-05 22:00:00,2025-01-06 06:00:00,29,Electronics,1736.15,DELIVERED
SHP-02011,CUST-1117,KRPUS,DEHAM,VSL-0064,2025-03-03 07:00:00,2025-03-08 07:00:00,2025-03-08 06:00:00,2025-03-28 07:00:00,2025-03-28 12:00:00,21,Consumer Goods,2753.96,DELIVERED
SHP-02477,CUST-1010,BRSSZ,ESVLC,VSL-0029,2025-02-03 10:00:00,2025-02-06 10:00:00,,2025-03-07 10:00:00,,30,Apparel,2607.75,CANCELLED
SHP-02460,CUST-1221,BEANR,USLGB,VSL-0035,2025-04-05 09:00:00,2025-04-12 09:00:00,2025-04-14 14:00:00,2025-05-10 09:00:00,2025-05-16 06:00:00,15,Food & Beverage,1140.8,DELAYED
SHP-00255,CUST-1156,MYPKG,BEANR,VSL-0031,2025-04-17 17:00:00,2025-04-29 17:00:00,2025-04-29 23:00:00,2025-05-30 17:00:00,2025-05-31 03:00:00,25,electronics,2645.61,DELIVERED
SHP-01716,CUST-1008,USNYC,USSAV,VSL-0042,2025-06-16 15:00:00,2025-06-24 15:00:00,2025-06-24 11:00:00,2025-07-01 15:00:00,2025-07-02 01:00:00,29,Raw Materials,530.24,DELIVERED
SHP-02538,CUST-1000,CNSZX,EGPSD,VSL-0056,2024-09-13 09:00:00,2024-09-22 09:00:00,,2024-10-11 09:00:00,,2,Raw Materials,1376.98,CANCELLED
SHP-00788,CUST-1182,BRSSZ,USSAV,VSL-0030,2024-08-01 08:00:00,2024-08-12 08:00:00,2024-08-12 09:00:00,2024-08-21 08:00:00,2024-08-21 20:00:00,30,Automotive Parts,1411.4,DELIVERED
SHP-01840,CUST-1117,BEANR,JPYOK,VSL-0068,2024-09-30 06:00:00,2024-10-09 06:00:00,2024-10-10 01:00:00,2024-11-03 06:00:00,2024-11-07 12:00:00,29,APPAREL,2181.54,DELAYED
SHP-04629,CUST-1173,NLRTM,JPYOK,VSL-0063,2025-01-03 01:00:00,2025-01-11 01:00:00,2025-01-12 08:00:00,2025-02-04 01:00:00,2025-02-07 23:00:00,9,APPAREL,648.15,DELAYED
SHP-00499,CUST-1082,JPYOK,ESVLC,VSL-0078,2025-07-05 20:00:00,2025-07-16 20:00:00,2025-07-16 21:00:00,2025-08-08 20:00:00,2025-08-08 15:00:00,23,Apparel,701.41,DELIVERED
SHP-00887,CUST-1002,SGSIN,ESVLC,VSL-0060,2025-06-07 09:00:00,2025-06-21 09:00:00,2025-06-21 10:00:00,2025-07-26 09:00:00,2025-07-26 03:00:00,15,Furniture,1848.73,DELIVERED
SHP-03264,CUST-1238,AEDXB,GBFXT,VSL-0066,2024-11-04 02:00:00,2024-11-13 02:00:00,,2024-11-27 02:00:00,,2,Food & Beverage,1982.18,CANCELLED
SHP-00999,CUST-1087,CNSHA,INNSA,VSL-0039,2025-04-27 03:00:00,2025-05-09 03:00:00,2025-05-10 05:00:00,2025-05-16 03:00:00,2025-05-18 22:00:00,29,Apparel,2425.2,DELAYED
SHP-04097,CUST-1183,THBKK,CNSZX,VSL-0056,2024-10-16 03:00:00,2024-10-24 03:00:00,2024-10-26 04:00:00,2024-11-02 03:00:00,2024-11-05 16:00:00,4,Consumer Goods,735.78,DELAYED
SHP-03868,CUST-1073,ZADUR,SGSIN,VSL-0001,2024-08-27 22:00:00,2024-09-08 22:00:00,2024-09-09 01:00:00,2024-10-10 22:00:00,2024-10-11 04:00:00,29,Raw Materials,2496.69,DELIVERED
SHP-04888,CUST-1120,PKKAR,NLRTM,VSL-0041,2024-08-23 21:00:00,2024-08-29 21:00:00,,2024-09-26 21:00:00,,8,Apparel,2370.05,delivered
SHP-01629,CUST-1170,USLAX,CNNGB,VSL-0029,2025-05-26 08:00:00,2025-05-31 08:00:00,2025-05-31 14:00:00,2025-06-22 08:00:00,2025-06-22 00:00:00,12,Consumer Goods,1469.2,DELIVERED
SHP-02400,CUST-1120,GBFXT,JPYOK,VSL-0051,2025-08-24 03:00:00,2025-09-03 03:00:00,2025-09-03 04:00:00,2025-10-05 03:00:00,2025-10-05 03:00:00,32,Apparel,1218.83,DELIVERED
SHP-03189,CUST-1113,ZADUR,AEDXB,VSL-0035,2024-12-07 03:00:00,2024-12-13 03:00:00,2024-12-15 20:00:00,2024-12-22 03:00:00,2024-12-25 16:00:00,15,Apparel,227.38,DELAYED
SHP-02934,CUST-1071,KRPUS,BRSSZ,VSL-0012,2025-06-04 10:00:00,2025-06-14 10:00:00,2025-06-16 17:00:00,2025-06-29 10:00:00,2025-07-05 01:00:00,4,Food & Beverage,2494.75,DELAYED
SHP-01056,CUST-1096,KRPUS,SGSIN,VSL-0012,2024-12-15 11:00:00,2024-12-27 11:00:00,2024-12-30 00:00:00,2024-12-31 11:00:00,2025-01-05 05:00:00,16,Machinery,,DELAYED
SHP-02490,CUST-1035,THBKK,BRSSZ,VSL-0025,2024-08-04 01:00:00,2024-08-15 01:00:00,2024-08-14 23:00:00,2024-09-09 01:00:00,2024-09-09 13:00:00,36,Apparel,1212.26,DELIVERED
SHP-03419,CUST-1211,USLGB,USLAX,VSL-0019,2025-08-06 10:00:00,2025-08-11 10:00:00,2025-08-11 11:00:00,2025-08-18 10:00:00,2025-08-18 12:00:00,33,Food & Beverage,970.72,DELIVERED
SHP-02706,CUST-1125,GBFXT,AEDXB,VSL-0037,2025-03-29 05:00:00,2025-04-03 05:00:00,2025-04-03 03:00:00,2025-05-07 05:00:00,2025-05-07 11:00:00,6,Chemicals,1685.98,DELIVERED
SHP-03297,CUST-1127,JPYOK,CNSZX,VSL-0056,2025-01-17 06:00:00,2025-01-21 06:00:00,2025-01-21 08:00:00,2025-01-25 06:00:00,2025-01-25 06:00:00,20,Machinery,2049.35,DELIVERED
SHP-02074,CUST-1141,BRSSZ,CNSHA,VSL-0022,2025-03-29 03:00:00,2025-04-11 03:00:00,2025-04-14 02:00:00,2025-05-09 03:00:00,2025-05-12 05:00:00,28,Apparel,2530.37,DELAYED
SHP-02504,CUST-1223,CNNGB,CNSHA,VSL-0070,2025-05-24 20:00:00,2025-05-29 20:00:00,2025-06-01 08:00:00,2025-06-01 20:00:00,2025-06-06 23:00:00,32,Furniture,491.55,DELAYED
SHP-00547,CUST-1035,EGPSD,NLRTM,VSL-0064,2024-12-20 22:00:00,2024-12-30 22:00:00,2024-12-30 21:00:00,2025-01-23 22:00:00,2025-01-23 22:00:00,9,Consumer Goods,-196.85,DELIVERED
SHP-02811,CUST-1243,USNYC,KRPUS,VSL-0019,2024-09-02 19:00:00,2024-09-08 19:00:00,2024-09-10 12:00:00,2024-10-12 19:00:00,2024-10-15 01:00:00,8,Pharmaceuticals,1607.53,DELAYED
SHP-03796,CUST-1128,CNSHA,CNSZX,VSL-0019,2025-03-01 03:00:00,2025-03-13 03:00:00,2025-03-14 21:00:00,2025-03-22 03:00:00,2025-03-27 04:00:00,5,Pharmaceuticals,949.75,DELAYED
SHP-02265,CUST-1183,CNNGB,USLGB,VSL-0011,2024-10-18 10:00:00,2024-10-22 10:00:00,,2024-11-26 10:00:00,,25,Pharmaceuticals,879.31,delivered
SHP-02703,CUST-1100,GBFXT,JPYOK,VSL-0050,2025-05-27 09:00:00,2025-06-03 09:00:00,2025-06-03 10:00:00,2025-06-26 09:00:00,2025-06-26 18:00:00,29,Electronics,2532.69,DELIVERED
SHP-01091,CUST-1001,DEHAM,BEANR,VSL-0035,2025-07-04 17:00:00,2025-07-07 17:00:00,2025-07-07 13:00:00,2025-07-13 17:00:00,2025-07-14 04:00:00,17,Food & Beverage,1366.16,DELIVERED
SHP-02581,CUST-1069,THBKK,USSAV,VSL-0016,2025-06-30 20:00:00,2025-07-10 20:00:00,2025-07-10 16:00:00,2025-08-12 20:00:00,2025-08-12 15:00:00,22,Apparel,2266.6,DELIVERED
SHP-04872,CUST-1224,USSAV,DEHAM,VSL-0004,2024-07-01 07:00:00,2024-07-05 07:00:00,2024-07-05 06:00:00,2024-08-08 07:00:00,2024-08-08 00:00:00,13,Automotive Parts,1011.1,DELIVERED
SHP-03980,CUST-1022,INNSA,HKHKG,VSL-0070,2024-11-01 15:00:00,2024-11-14 15:00:00,2024-11-14 11:00:00,2024-11-22 15:00:00,2024-11-22 12:00:00,33,Electronics,1674.21,DELIVERED
SHP-01353,CUST-1114,ZADUR,USNYC,VSL-0035,2025-07-15 07:00:00,2025-07-28 07:00:00,2025-07-28 03:00:00,2025-08-17 07:00:00,2025-08-17 16:00:00,8,Chemicals,2238.29,DELIVERED
SHP-01421,CUST-1104,DEHAM,SGSIN,VSL-0035,2024-10-18 02:00:00,2024-10-21 02:00:00,2024-10-21 07:00:00,2024-11-15 02:00:00,2024-11-15 11:00:00,18,Apparel,1273.53,DELIVERED
SHP-00577,CUST-1082,AEDXB,BEANR,VSL-0054,2025-10-04 08:00:00,2025-10-08 08:00:00,2025-10-11 04:00:00,2025-11-09 08:00:00,2025-11-14 09:00:00,9,Food & Beverage,283.04,DELAYED
SHP-00431,CUST-1189,ZADUR,CNSHA,VSL-0001,2025-09-04 19:00:00,2025-09-15 19:00:00,2025-09-17 20:00:00,2025-10-17 19:00:00,2025-10-21 10:00:00,31,Consumer Goods,2437.91,DELAYED
SHP-02414,CUST-1082,CNNGB,DEHAM,VSL-0063,2025-02-21 11:00:00,2025-03-05 11:00:00,2025-03-05 09:00:00,2025-04-01 11:00:00,2025-04-01 22:00:00,8,Chemicals,2034.16,DELIVERED
SHP-03464,CUST-1246,EGPSD,ESVLC,VSL-0041,2025-09-29 12:00:00,2025-10-13 12:00:00,2025-10-14 08:00:00,2025-11-16 12:00:00,2025-11-21 04:00:00,8,Furniture,1386.83,DELAYED
SHP-03918,CUST-1079,CNSZX,AEDXB,VSL-0060,2024-12-27 04:00:00,2025-01-04 04:00:00,2025-01-04 10:00:00,2025-01-27 04:00:00,2025-01-26 22:00:00,35,Food & Beverage,291.89,DELIVERED
SHP-03356,CUST-1227,AEDXB,USLAX,VSL-0010,2024-08-15 20:00:00,2024-08-21 20:00:00,2024-08-23 07:00:00,2024-09-18 20:00:00,2024-09-21 19:00:00,35,Electronics,2347.75,DELAYED
SHP-03276,CUST-1064,GBFXT,CNSHA,VSL-0026,2024-08-19 19:00:00,2024-08-24 19:00:00,2024-08-27 04:00:00,2024-09-14 19:00:00,2024-09-19 18:00:00,3,Chemicals,2651.68,DELAYED
SHP-03992,CUST-1230,THBKK,HKHKG,VSL-0041,2024-10-06 01:00:00,2024-10-17 01:00:00,2024-10-16 21:00:00,2024-10-22 01:00:00,2024-10-21 23:00:00,36,Electronics,2515.72,DELIVERED
SHP-00082,CUST-1003,CNSZX,CNSHA,VSL-0043,2025-07-20 03:00:00,2025-07-26 03:00:00,2025-07-26 08:00:00,2025-08-05 03:00:00,2025-08-05 15:00:00,28,Furniture,2320.46,DELIVERED
SHP-00359,CUST-1179,USSAV,HKHKG,VSL-0062,2024-12-14 01:00:00,2024-12-18 01:00:00,2024-12-18 02:00:00,2025-01-12 01:00:00,2025-01-12 11:00:00,36,Automotive Parts,693.73,DELIVERED
SHP-04881,CUST-1097,USSAV,INNSA,VSL-0047,2025-03-26 22:00:00,2025-03-29 22:00:00,2025-03-31 01:00:00,2025-04-26 22:00:00,2025-04-29 19:00:00,25,Apparel,1507.45,DELAYED
SHP-04271,CUST-1095,BRSSZ,USLGB,VSL-0068,2024-09-23 14:00:00,2024-09-30 14:00:00,2024-09-30 14:00:00,2024-10-05 14:00:00,2024-10-05 14:00:00,29,Electronics,1159.68,DELIVERED
SHP-04595,CUST-1039,MYPKG,NLRTM,VSL-0054,2025-09-14 03:00:00,2025-09-21 03:00:00,2025-09-22 08:00:00,2025-10-20 03:00:00,2025-10-23 15:00:00,26,Pharmaceuticals,1579.8,DELAYED
SHP-03501,CUST-1160,CNSZX,EGPSD,VSL-0066,2025-08-20 00:00:00,2025-09-03 00:00:00,,2025-10-07 00:00:00,,15,Food & Beverage,1506.25,Complete
SHP-00109,CUST-1174,JPYOK,AEDXB,VSL-0065,2025-07-07 17:00:00,2025-07-11 17:00:00,2025-07-13 22:00:00,2025-08-14 17:00:00,2025-08-16 17:00:00,6,Pharmaceuticals,278.45,DELAYED
SHP-04999,CUST-1016,USNYC,NLRTM,VSL-0004,2024-10-12 11:00:00,2024-10-16 11:00:00,2024-10-16 15:00:00,2024-11-07 11:00:00,2024-11-07 14:00:00,32,APPAREL,2134.65,DELIVERED
SHP-00329,CUST-1051,BEANR,ESVLC,VSL-0036,2025-08-11 06:00:00,2025-08-23 06:00:00,2025-08-23 05:00:00,2025-08-29 06:00:00,2025-08-29 00:00:00,14,Consumer Goods,983.6,DELIVERED
SHP-00855,CUST-1061,AEDXB,HKHKG,VSL-0064,2024-12-14 15:00:00,2024-12-19 15:00:00,2024-12-19 16:00:00,2025-01-20 15:00:00,2025-01-20 17:00:00,1,Food & Beverage,2589.29,DELIVERED
SHP-00530,CUST-1122,THBKK,BEANR,VSL-0028,2025-06-01 07:00:00,2025-06-07 07:00:00,2025-06-07 05:00:00,2025-07-10 07:00:00,2025-07-10 16:00:00,34,Automotive parts,1255.07,DELIVERED
SHP-02604,CUST-1045,USLAX,HKHKG,VSL-0054,2024-11-12 15:00:00,2024-11-20 15:00:00,2024-11-22 15:00:00,2024-12-16 15:00:00,2024-12-18 12:00:00,9,Automotive Parts,1560.84,DELAYED
SHP-04886,CUST-1038,USLGB,USSAV,VSL-0076,2025-08-06 07:00:00,2025-08-20 07:00:00,2025-08-21 07:00:00,2025-08-30 07:00:00,2025-09-03 10:00:00,15,Chemicals,706.79,DELAYED
SHP-03458,CUST-1116,THBKK,BEANR,VSL-0020,2025-01-30 05:00:00,2025-02-07 05:00:00,2025-02-07 15:00:00,2025-03-05 05:00:00,2025-03-07 18:00:00,20,Food & Beverage,1195.31,DELAYED
SHP-01879,CUST-1010,CNSZX,NLRTM,VSL-0018,2025-07-26 13:00:00,2025-08-04 13:00:00,2025-08-05 18:00:00,2025-09-02 13:00:00,2025-09-06 07:00:00,26,Apparel,2321.62,DELAYED
SHP-04459,CUST-1206,BEANR,INMUN,VSL-0008,2024-12-20 11:00:00,2025-01-02 11:00:00,2025-01-02 17:00:00,2025-01-21 11:00:00,2025-01-21 16:00:00,32,Furniture,1538.43,DELIVERED
SHP-03520,CUST-1103,INMUN,DEHAM,VSL-0002,2025-09-05 04:00:00,2025-09-14 04:00:00,2025-09-14 10:00:00,2025-09-29 04:00:00,2025-10-02 05:00:00,22,Electronics,225.7,DELAYED
SHP-01070,CUST-1039,AEDXB,CNSHA,VSL-0018,2024-11-12 16:00:00,2024-11-23 16:00:00,2024-11-24 10:00:00,2024-12-27 16:00:00,2024-12-28 22:00:00,11,Raw Materials,222.58,DELAYED
SHP-04970,CUST-1073,USSAV,INNSA,VSL-0062,2025-04-15 07:00:00,2025-04-29 07:00:00,2025-04-29 11:00:00,2025-05-25 07:00:00,2025-05-25 10:00:00,9,Consumer Goods,1394.22,DELIVERED
SHP-00085,CUST-1024,PKKAR,MYPKG,VSL-0076,2024-06-26 11:00:00,2024-07-06 11:00:00,2024-07-07 11:00:00,2024-07-11 11:00:00,2024-07-15 08:00:00,14,Pharmaceuticals,914.45,DELAYED
SHP-02150,CUST-1232,MYPKG,ESVLC,VSL-0010,2025-04-10 10:00:00,2025-04-23 10:00:00,2025-04-23 09:00:00,2025-05-11 10:00:00,2025-05-11 13:00:00,1,Furniture,2793.16,DELIVERED
SHP-04173,CUST-1215,USSAV,UNKNW,VSL-0035,2024-08-11 04:00:00,2024-08-21 04:00:00,2024-08-21 00:00:00,2024-09-22 04:00:00,2024-09-22 04:00:00,18,Electronics,2184.43,DELIVERED
SHP-01600,CUST-1098,MYPKG,NLRTM,VSL-0025,2024-08-13 03:00:00,2024-08-22 03:00:00,2024-08-22 09:00:00,2024-09-06 03:00:00,2024-09-06 07:00:00,25,Pharmaceuticals,1747.4,DELIVERED
SHP-04796,CUST-1228,INNSA,KRPUS,VSL-0004,2025-05-19 16:00:00,2025-05-31 16:00:00,,2025-06-07 16:00:00,,35,Pharmaceuticals,2666.91,delivered
SHP-04819,CUST-1091,DEHAM,USNYC,VSL-0026,2024-06-17 22:00:00,2024-06-27 22:00:00,2024-06-28 01:00:00,2024-07-30 22:00:00,2024-07-30 15:00:00,26,Chemicals,659.26,DELIVERED
SHP-01962,CUST-1203,KRPUS,ZADUR,VSL-0017,2025-04-17 07:00:00,2025-04-21 07:00:00,2025-04-24 00:00:00,2025-05-08 07:00:00,2025-05-13 15:00:00,39,Automotive Parts,443.37,DELAYED
SHP-00428,CUST-1056,CNSZX,KRPUS,VSL-0012,2025-08-17 20:00:00,2025-08-26 20:00:00,2025-08-27 09:00:00,2025-08-31 20:00:00,2025-09-04 11:00:00,15,Consumer Goods,105.28,DELAYED
SHP-00902,CUST-1027,ZADUR,JPYOK,VSL-0075,2025-07-18 09:00:00,2025-07-21 09:00:00,2025-07-21 21:00:00,2025-08-08 09:00:00,2025-08-10 20:00:00,30,Furniture,329.95,DELAYED
SHP-04412,CUST-1223,EGPSD,CNSHA,VSL-0049,2024-11-27 17:00:00,2024-12-07 17:00:00,2024-12-07 23:00:00,2024-12-30 17:00:00,2024-12-30 10:00:00,19,Automotive Parts,1336.9,DELIVERED
SHP-03321,CUST-1010,INMUN,EGPSD,VSL-0072,2025-09-13 19:00:00,2025-09-24 19:00:00,2025-09-25 07:00:00,2025-10-16 19:00:00,2025-10-18 21:00:00,23,Raw Materials,863.8,DELAYED
SHP-02624,CUST-1232,CNNGB,USSAV,VSL-0064,2025-09-07 16:00:00,2025-09-16 16:00:00,2025-09-19 05:00:00,2025-10-10 16:00:00,2025-10-15 08:00:00,24,Machinery,2230.68,DELAYED
SHP-02764,CUST-1055,ZADUR,GBFXT,VSL-0013,2024-10-19 00:00:00,2024-10-22 00:00:00,2024-10-23 09:00:00,2024-11-25 00:00:00,2024-11-29 06:00:00,23,Automotive Parts,2000.6,DELAYED
SHP-01382,CUST-1106,CNNGB,MYPKG,VSL-0067,2024-10-30 23:00:00,2024-11-06 23:00:00,2024-11-06 20:00:00,2024-11-14 23:00:00,2024-11-14 21:00:00,3,Automotive Parts,466.96,DELIVERED
SHP-00374,CUST-1052,INMUN,USNYC,VSL-0037,2024-07-22 15:00:00,2024-07-25 15:00:00,2024-07-26 07:00:00,2024-08-29 15:00:00,2024-08-31 20:00:00,20,Automotive Parts,416.92,DELAYED
SHP-01052,CUST-1200,UNKNW,SGSIN,VSL-0031,2025-05-14 05:00:00,2025-05-26 05:00:00,2025-05-26 23:00:00,2025-06-27 05:00:00,2025-07-01 19:00:00,1,Automotive Parts,315.69,DELAYED
SHP-03939,CUST-1059,KRPUS,PKKAR,VSL-0029,2025-08-31 09:00:00,2025-09-09 09:00:00,2025-09-11 22:00:00,2025-09-12 09:00:00,2025-09-16 23:00:00,22,Consumer Goods,1334.41,DELAYED
SHP-02471,CUST-1214,ZADUR,USNYC,VSL-0022,2024-07-05 19:00:00,2024-07-18 19:00:00,2024-07-19 01:00:00,2024-08-18 19:00:00,2024-08-18 21:00:00,18,machinery ,1194.26,DELIVERED
SHP-01225,CUST-1169,CNNGB,USLGB,VSL-0071,2025-05-05 00:00:00,2025-05-14 00:00:00,2025-05-14 01:00:00,2025-06-01 00:00:00,2025-06-01 11:00:00,40,Pharmaceuticals,775.5,DELIVERED
SHP-03751,CUST-1144,XXTST,ESVLC,VSL-0074,2025-06-08 07:00:00,2025-06-19 07:00:00,2025-06-19 06:00:00,2025-07-05 07:00:00,2025-07-05 16:00:00,32,Furniture,287.5,DELIVERED
